EASON,20051027,3.98,4.16,3.36,3.42,258000
EASON,20051028,3.42,3.62,3.24,3.54,226200
EASON,20051031,3.62,3.62,3.42,3.42,null
EASON,20051101,3.4,3.48,3.26,3.26,null
EASON,20051102,3.28,3.36,3.12,3.12,null
EASON,20051103,3.14,3.22,3.08,3.12,null
EASON,20051104,3.16,3.3,3.14,3.2,293800
EASON,20051107,3.24,3.24,3.1,3.1,378300
EASON,20051108,3.12,3.14,3.04,3.04,292500
EASON,20051109,3.08,3.2,3.06,3.12,null
EASON,20051110,3.14,3.14,3.06,3.06,990000
EASON,20051111,3.1,3.1,2.88,2.88,null
EASON,20051114,2.9,2.92,2.64,2.66,693000
EASON,20051115,2.68,2.68,2.32,2.4,null
EASON,20051116,2.4,2.48,2.36,2.36,null
EASON,20051117,2.38,2.52,2.38,2.52,null
EASON,20051118,2.52,2.54,2.38,2.38,319400
EASON,20051121,2.38,2.4,2,2.16,1211700
EASON,20051122,2.12,2.5,2.08,2.5,202200
EASON,20051123,2.5,2.66,2.46,2.56,901300
EASON,20051124,2.58,2.62,2.34,2.4,329600
EASON,20051125,2.42,2.42,2.3,2.34,null
EASON,20051128,2.34,2.34,2.2,2.22,167900
EASON,20051129,2.26,2.26,2.16,2.16,303400
EASON,20051130,2.18,2.28,2.18,2.26,null
EASON,20051201,2.26,2.3,2.1,2.12,784000
EASON,20051202,2.16,2.18,2,2.06,null
EASON,20051206,2.08,2.16,2.06,2.14,null
EASON,20051207,2.16,2.24,2.16,2.2,283900
EASON,20051208,2.2,2.26,2.18,2.2,431400
EASON,20051209,2.2,2.28,2.2,2.26,null
EASON,20051213,2.26,2.28,2.1,2.1,null
EASON,20051214,2.14,2.16,2.1,2.14,null
EASON,20051215,2.16,2.2,2.14,2.14,null
EASON,20051216,2.16,2.24,2.16,2.24,null
EASON,20051219,2.28,2.44,2.26,2.42,null
EASON,20051220,2.4,2.44,2.3,2.3,null
EASON,20051221,2.32,2.32,2.26,2.28,1156200
EASON,20051222,2.28,2.34,2.24,2.24,1454300
EASON,20051223,2.26,2.3,2.26,2.28,647800
EASON,20051226,2.3,2.3,2.26,2.26,190300
EASON,20051227,2.26,2.3,2.26,2.3,null
EASON,20051228,2.3,2.3,2.28,2.28,null
EASON,20051229,2.3,2.34,2.3,2.32,423900
EASON,20051230,2.34,2.36,2.3,2.3,null
EASON,20060103,2.3,2.38,2.26,2.36,null
EASON,20060104,2.36,2.36,2.32,2.32,1804700
EASON,20060105,2.32,2.34,2.28,2.28,null
EASON,20060106,2.3,2.34,2.28,2.3,null
EASON,20060109,2.3,2.5,2.3,2.5,null
EASON,20060110,2.48,2.48,2.4,2.4,null
EASON,20060111,2.42,2.74,2.42,2.7,1004200
EASON,20060112,2.74,2.9,2.62,2.68,null
EASON,20060113,2.68,2.8,2.62,2.7,null
EASON,20060116,2.68,2.7,2.58,2.6,529500
EASON,20060117,2.64,2.64,2.54,2.6,174800
EASON,20060118,2.6,2.6,2.48,2.5,null
EASON,20060119,2.52,2.54,2.5,2.54,134100
EASON,20060120,2.56,2.6,2.54,2.58,208000
EASON,20060123,2.58,2.58,2.52,2.52,71200
EASON,20060124,2.5,2.58,2.5,2.52,24200
EASON,20060125,2.54,2.56,2.54,2.56,440400
EASON,20060126,2.58,2.66,2.58,2.66,null
EASON,20060127,2.7,2.98,2.7,2.9,null
EASON,20060130,2.82,2.88,2.72,2.78,166900
EASON,20060131,2.78,2.86,2.7,2.74,207200
EASON,20060201,2.74,2.76,2.72,2.72,272500
EASON,20060202,2.74,2.76,2.62,2.66,null
EASON,20060203,2.62,2.7,2.62,2.68,305600
EASON,20060206,2.7,2.72,2.66,2.7,270700
EASON,20060207,2.72,2.84,2.72,2.8,145900
EASON,20060208,2.82,2.88,2.76,2.82,null
EASON,20060209,2.86,2.96,2.7,2.7,null
EASON,20060210,2.76,2.78,2.76,2.78,null
EASON,20060214,2.76,2.76,2.58,2.68,null
EASON,20060215,2.66,2.74,2.66,2.68,null
EASON,20060216,2.66,2.7,2.62,2.66,null
EASON,20060217,2.68,2.74,2.68,2.68,null
EASON,20060220,2.66,2.7,2.66,2.66,991700
EASON,20060221,2.68,2.74,2.66,2.68,133000
EASON,20060222,2.68,2.7,2.66,2.66,174200
EASON,20060223,2.66,2.76,2.66,2.74,null
EASON,20060224,2.86,2.9,2.82,2.88,266100
EASON,20060227,2.88,2.94,2.8,2.9,234000
EASON,20060228,2.84,2.88,2.8,2.84,102300
EASON,20060301,2.84,2.86,2.82,2.82,182000
EASON,20060302,2.84,2.9,2.84,2.84,null
EASON,20060303,2.88,2.88,2.84,2.84,66500
EASON,20060306,2.88,2.9,2.88,2.88,null
EASON,20060307,2.92,2.94,2.88,2.88,176500
EASON,20060308,2.9,2.9,2.88,2.9,null
EASON,20060309,2.9,2.94,2.88,2.92,481000
EASON,20060310,2.88,2.92,2.86,2.86,null
EASON,20060313,2.86,2.88,2.86,2.86,7200
EASON,20060314,2.84,2.86,2.82,2.84,172100
EASON,20060315,2.84,2.86,2.84,2.84,null
EASON,20060316,2.86,2.9,2.86,2.86,null
EASON,20060317,2.86,2.86,2.86,2.86,804200
EASON,20060320,2.88,2.88,2.88,2.88,null
EASON,20060321,2.88,3.58,2.88,3.5,null
EASON,20060322,3.56,4,3.26,3.4,null
EASON,20060323,3.4,3.42,3.22,3.26,378000
EASON,20060324,3.28,3.6,3.24,3.24,280300
EASON,20060327,3.28,3.3,3.18,3.2,null
EASON,20060328,3.2,3.52,3.2,3.3,null
EASON,20060329,3.34,3.44,3.26,3.3,null
EASON,20060330,3.36,3.4,3.28,3.32,null
EASON,20060331,3.34,3.36,3.3,3.32,336100
EASON,20060403,3.3,3.36,3.24,3.32,142400
EASON,20060404,3.36,3.56,3.34,3.5,null
EASON,20060405,3.58,3.68,3.48,3.5,null
EASON,20060407,3.5,3.54,3.5,3.54,null
EASON,20060410,3.54,3.54,3.5,3.5,789000
EASON,20060411,3.52,3.58,3.42,3.44,580000
EASON,20060412,3.46,3.52,3.46,3.52,857800
EASON,20060417,3.54,3.56,3.5,3.5,null
EASON,20060418,3.52,3.54,3.5,3.5,null
EASON,20060420,3.52,3.56,3.5,3.5,586000
EASON,20060421,3.5,3.56,3.5,3.54,552200
EASON,20060424,3.54,3.56,3.5,3.5,null
EASON,20060425,3.5,3.52,3.48,3.5,null
EASON,20060426,3.3,3.32,3.26,3.26,null
EASON,20060427,3.28,3.28,3.26,3.26,null
EASON,20060428,3.3,3.3,3.3,3.3,null
EASON,20060502,3.26,3.3,3.26,3.28,null
EASON,20060503,3.26,3.3,3.26,3.28,null
EASON,20060504,3.28,3.28,3.26,3.26,null
EASON,20060508,3.26,3.28,3,3.26,null
EASON,20060509,3.26,3.46,3.24,3.38,null
EASON,20060510,3.36,3.48,3.36,3.4,null
EASON,20060511,3.4,3.4,3.38,3.38,48800
EASON,20060515,3.4,3.4,3.34,3.34,null
EASON,20060516,3.32,3.32,3.28,3.28,null
EASON,20060517,3.34,3.44,3.34,3.34,null
EASON,20060518,3.34,3.34,3.24,3.3,null
EASON,20060519,3.28,3.28,3.24,3.24,null
EASON,20060522,3.22,3.24,3.2,3.2,null
EASON,20060523,3.2,3.22,3.18,3.2,null
EASON,20060524,3.2,3.28,3.14,3.18,343500
EASON,20060525,3.16,3.16,3.12,3.12,null
EASON,20060526,3.16,3.2,3.16,3.18,188600
EASON,20060529,3.14,3.2,3.1,3.2,null
EASON,20060530,3.22,3.5,3.2,3.2,180800
EASON,20060531,3.36,3.36,3.16,3.16,null
EASON,20060601,3.2,3.2,3.16,3.16,null
EASON,20060602,3.18,3.2,3.18,3.2,null
EASON,20060605,3.18,3.18,3.18,3.18,null
EASON,20060606,3.14,3.18,3.14,3.18,null
EASON,20060607,3.2,3.2,3,3.16,null
EASON,20060608,3.14,3.14,3.12,3.12,null
EASON,20060609,3.14,3.14,3.12,3.12,null
EASON,20060614,3.12,3.12,3.08,3.08,628000
EASON,20060615,3.14,3.18,2.52,3.18,null
EASON,20060619,3.04,3.1,3,3.1,null
EASON,20060620,3.1,3.1,3,3,null
EASON,20060621,2.96,3.06,2.96,3.04,946800
EASON,20060622,3.02,3.06,3,3.06,307100
EASON,20060626,3,3,3,3,null
EASON,20060627,3.02,3.06,3,3.04,691100
EASON,20060628,3.04,3.06,3.02,3.06,null
EASON,20060629,3.04,3.04,3.02,3.02,645400
EASON,20060630,3.06,3.1,3.02,3.02,null
EASON,20060703,3.02,3.04,3,3.04,1193700
EASON,20060704,3.06,3.1,3.04,3.04,null
EASON,20060705,3.02,3.02,2.96,2.98,null
EASON,20060706,3.02,3.02,3,3.02,null
EASON,20060707,3.02,3.04,2.98,3,null
EASON,20060710,2.94,3,2.94,2.96,null
EASON,20060712,2.96,2.98,2.9,2.9,null
EASON,20060713,2.88,2.88,2.74,2.88,null
EASON,20060714,2.88,2.88,2.84,2.88,null
EASON,20060717,2.86,2.88,2.86,2.88,null
EASON,20060718,2.88,2.96,2.88,2.92,175800
EASON,20060719,2.9,2.96,2.88,2.96,null
EASON,20060720,2.96,3,2.96,2.98,309100
EASON,20060721,2.98,3,2.96,3,null
EASON,20060724,3,3.76,2.98,2.98,38400
EASON,20060725,3.02,3.02,2.96,3.02,null
EASON,20060726,3.04,3.08,3,3.04,95300
EASON,20060727,3.04,3.12,3,3,null
EASON,20060728,3,3,2.96,2.96,765700
EASON,20060731,2.96,3.04,2.96,2.98,null
EASON,20060801,2.98,3.04,2.96,2.98,null
EASON,20060802,3,3.02,2.98,3,583000
EASON,20060803,3,3.08,3,3.04,null
EASON,20060804,3.06,3.06,3.04,3.06,null
EASON,20060807,3.04,3.06,3.02,3.04,224700
EASON,20060808,3.06,3.14,3.06,3.1,null
EASON,20060809,3.12,3.12,3.08,3.1,null
EASON,20060810,3.1,3.1,3.06,3.1,null
EASON,20060811,3.1,3.12,3.1,3.12,null
EASON,20060815,3.1,3.18,3.1,3.16,null
EASON,20060816,3.18,3.26,3.18,3.26,null
EASON,20060817,3.26,3.26,3.2,3.22,271000
EASON,20060818,3.22,3.24,3.22,3.22,null
EASON,20060821,3.24,3.28,3.24,3.26,null
EASON,20060822,3.24,3.26,3.24,3.24,460300
EASON,20060823,3.22,3.22,3.2,3.22,null
EASON,20060824,3.24,3.32,3.16,3.16,null
EASON,20060825,3.16,3.16,3.12,3.12,190300
EASON,20060828,3.12,3.12,3.1,3.1,null
EASON,20060829,3.2,3.2,3.12,3.14,null
EASON,20060830,3.16,3.16,3.1,3.1,null
EASON,20060831,3.12,3.12,3.12,3.12,null
EASON,20060904,3.14,3.18,3.12,3.16,null
EASON,20060905,3.16,3.2,3.16,3.2,189100
EASON,20060906,3.2,3.26,3.2,3.26,null
EASON,20060907,3.16,3.3,3.16,3.22,340300
EASON,20060908,3.26,3.28,3.26,3.28,null
EASON,20060911,3.28,3.3,3.28,3.28,null
EASON,20060912,3.26,3.4,3.26,3.3,472400
EASON,20060913,3.3,3.32,3.3,3.32,503500
EASON,20060914,3.3,3.32,3.24,3.24,470500
EASON,20060915,3.26,3.3,3.26,3.3,30300
EASON,20060918,3.3,3.32,3.28,3.32,null
EASON,20060919,3.3,3.3,3.26,3.26,null
EASON,20060921,3.06,3.22,3.06,3.2,null
EASON,20060922,3.2,3.24,3.1,3.16,null
EASON,20060925,3.16,3.24,3.16,3.2,153000
EASON,20060926,3.22,3.26,3.22,3.24,189100
EASON,20060927,3.28,3.36,3.26,3.32,278200
EASON,20060928,3.36,3.4,3.34,3.34,140300
EASON,20060929,3.36,3.66,3.34,3.56,null
EASON,20061002,3.76,3.78,3.4,3.4,null
EASON,20061003,3.4,3.4,3.2,3.22,569800
EASON,20061004,3.26,3.28,3.24,3.28,null
EASON,20061005,3.28,3.42,3.28,3.3,null
EASON,20061006,3.32,3.46,3.28,3.46,null
EASON,20061009,3.46,3.46,3.34,3.34,null
EASON,20061010,3.4,3.4,3.32,3.32,null
EASON,20061011,3.32,3.36,3.32,3.34,499000
EASON,20061012,3.36,3.4,3.36,3.4,null
EASON,20061013,3.42,3.42,3.38,3.4,null
EASON,20061016,3.38,3.4,3.38,3.38,null
EASON,20061017,3.42,3.42,3.38,3.4,null
EASON,20061018,3.42,3.62,3.38,3.38,null
EASON,20061019,3.38,3.4,3.36,3.36,null
EASON,20061020,3.42,3.42,3.36,3.36,1178200
EASON,20061024,3.4,3.4,3.38,3.38,null
EASON,20061025,3.38,3.44,3.34,3.36,null
EASON,20061026,3.32,3.32,3.32,3.32,229500
EASON,20061027,3.38,3.38,3.34,3.34,null
EASON,20061030,3.4,3.5,3.4,3.5,null
EASON,20061031,3.5,3.58,3.5,3.58,null
EASON,20061101,3.58,3.64,3.58,3.62,1250500
EASON,20061102,3.68,3.7,3.64,3.64,224700
EASON,20061103,3.64,3.68,3.5,3.62,null
EASON,20061106,3.6,3.66,3.58,3.58,null
EASON,20061107,3.62,3.62,3.52,3.52,703100
EASON,20061108,3.54,3.58,3.54,3.54,233500
EASON,20061109,3.54,3.58,3.54,3.56,174900
EASON,20061110,3.56,3.56,3.52,3.54,null
EASON,20061113,3.56,3.6,3.54,3.6,268800
EASON,20061114,3.6,3.6,3.56,3.56,750000
EASON,20061115,3.56,3.6,3.56,3.6,null
EASON,20061116,3.62,3.62,3.58,3.58,null
EASON,20061117,3.58,3.58,3.56,3.56,132300
EASON,20061120,3.56,3.56,3.5,3.5,null
EASON,20061121,3.52,3.52,3.48,3.48,null
EASON,20061122,3.48,3.48,3.48,3.48,null
EASON,20061123,3.5,3.5,3.5,3.5,null
EASON,20061124,3.5,3.5,3.48,3.5,92400
EASON,20061127,3.48,3.48,3.48,3.48,null
EASON,20061128,3.44,3.48,3.4,3.48,null
EASON,20061129,3.44,3.46,3.44,3.44,null
EASON,20061130,3.44,3.44,3.44,3.44,690700
EASON,20061201,3.44,3.44,3.42,3.42,null
EASON,20061204,3.5,3.5,3.42,3.42,573400
EASON,20061206,3.42,3.42,3.4,3.42,null
EASON,20061207,3.42,3.42,3.4,3.42,null
EASON,20061208,3.42,3.42,3.4,3.42,918600
EASON,20061212,3.42,3.42,3.42,3.42,639400
EASON,20061213,3.42,3.42,3.38,3.42,null
EASON,20061214,3.4,3.42,3.38,3.42,null
EASON,20061218,3.4,3.5,3.4,3.44,305800
EASON,20061219,3.42,3.42,2.42,3.28,null
EASON,20061220,2.4,3.48,2.4,3.46,null
EASON,20061221,3.48,3.48,3.48,3.48,null
EASON,20061222,3.46,3.48,3.46,3.48,null
EASON,20061225,3.46,3.48,3.42,3.42,562200
EASON,20061226,3.4,3.4,3.34,3.34,881900
EASON,20061228,3.42,3.48,3.42,3.44,424900
EASON,20061229,3.4,3.4,3.4,3.4,9000
EASON,20070105,3.4,3.4,3.4,3.4,4000
EASON,20070108,3.4,3.4,3.4,3.4,20000
EASON,20070109,3.36,3.36,3.2,3.36,22600
EASON,20070110,3.36,3.36,3.32,3.32,11100
EASON,20070111,3.32,3.32,3.2,3.28,63900
EASON,20070115,3.4,3.4,3.4,3.4,200
EASON,20070119,3.36,3.36,3.36,3.36,5000
EASON,20070124,3.34,3.34,3.34,3.34,5000
EASON,20070125,3.34,3.34,3.34,3.34,10000
EASON,20070130,3.32,3.32,3.3,3.3,13300
EASON,20070131,3.3,3.3,3.3,3.3,29500
EASON,20070201,3.3,3.3,3.24,3.24,395000
EASON,20070202,3.24,3.24,3.2,3.2,40000
EASON,20070206,3.2,3.2,3.2,3.2,3000
EASON,20070207,3.16,3.16,3.12,3.12,41000
EASON,20070208,3.2,3.28,3.14,3.28,16500
EASON,20070212,3.18,3.18,3.18,3.18,200
EASON,20070213,3.28,3.28,3.28,3.28,12400
EASON,20070215,3.2,3.2,3.18,3.18,26600
EASON,20070216,3.18,3.18,3.18,3.18,24800
EASON,20070221,3.18,3.38,3.18,3.38,20300
EASON,20070227,3.2,3.28,3.18,3.28,16200
EASON,20070228,3.2,3.2,3.16,3.16,55000
EASON,20070301,3.18,3.2,3.02,3.2,91000
EASON,20070302,3.2,3.2,3.2,3.2,5400
EASON,20070306,3.22,3.22,3.22,3.22,300
EASON,20070307,3.26,3.26,3.2,3.2,10400
EASON,20070308,3.2,3.2,3.14,3.14,20100
EASON,20070309,3.2,3.2,3.2,3.2,300
EASON,20070312,3.2,3.2,3.2,3.2,100
EASON,20070313,3.1,3.18,3.08,3.16,25500
EASON,20070314,3.3,3.3,3.14,3.14,51900
EASON,20070315,3.2,3.2,3.2,3.2,10000
EASON,20070316,3.2,3.2,3.16,3.16,50400
EASON,20070319,3.14,3.14,3.14,3.14,10000
EASON,20070322,3.18,3.18,3.18,3.18,1000
EASON,20070323,3.16,3.16,3.14,3.14,10300
EASON,20070327,3.3,3.54,2.98,3.02,5934700
EASON,20070328,3.04,3.04,2.94,2.94,347200
EASON,20070329,2.92,2.98,2.9,2.9,91300
EASON,20070330,2.92,2.92,2.9,2.9,60000
EASON,20070402,3,3,2.96,2.98,81900
EASON,20070403,3,3.02,2.98,2.98,178000
EASON,20070404,3.02,3.08,3.02,3.06,158600
EASON,20070405,3.06,3.06,3.02,3.04,336600
EASON,20070409,3,3,2.9,2.9,111000
EASON,20070410,2.92,2.92,2.8,2.86,313900
EASON,20070411,2.82,2.92,2.82,2.9,382800
EASON,20070412,2.9,3.06,2.9,3.06,269800
EASON,20070417,3.06,3.3,3.04,3.3,1344000
EASON,20070418,3.28,3.34,3.22,3.24,1240600
EASON,20070419,3.22,3.4,3.22,3.38,4141500
EASON,20070420,3.38,3.38,3.2,3.2,3659500
EASON,20070423,3.28,3.28,3.2,3.2,756400
EASON,20070424,2.8,2.8,2.52,2.6,852300
EASON,20070425,2.6,2.6,2.54,2.54,124600
EASON,20070426,2.54,2.64,2.54,2.6,1172800
EASON,20070427,2.62,2.64,2.6,2.62,596800
EASON,20070430,2.52,2.68,2.52,2.68,1138100
EASON,20070502,2.72,2.76,2.6,2.6,3841400
EASON,20070503,2.64,2.64,2.56,2.56,437400
EASON,20070504,2.58,2.6,2.56,2.58,252500
EASON,20070508,2.58,2.58,2.56,2.56,199600
EASON,20070509,2.6,2.66,2.58,2.62,1088500
EASON,20070510,2.6,2.7,2.58,2.7,1010600
EASON,20070511,2.7,2.7,2.68,2.68,501600
EASON,20070514,2.66,2.66,2.58,2.62,1418400
EASON,20070515,2.6,2.64,2.58,2.64,643500
EASON,20070516,2.66,2.76,2.66,2.68,5766300
EASON,20070517,2.7,2.72,2.66,2.68,847200
EASON,20070518,2.68,2.7,2.66,2.7,715100
EASON,20070521,2.68,2.68,2.56,2.6,1997100
EASON,20070522,2.6,2.62,2.54,2.58,516800
EASON,20070523,2.56,2.6,2.56,2.56,713300
EASON,20070524,2.58,2.6,2.52,2.58,590400
EASON,20070525,2.54,2.56,2.54,2.56,90100
EASON,20070528,2.58,2.58,2.52,2.56,482900
EASON,20070529,2.56,2.56,2.52,2.54,400500
EASON,20070530,2.54,2.6,2.54,2.58,1150300
EASON,20070601,2.6,2.62,2.58,2.6,646200
EASON,20070604,2.58,2.6,2.52,2.52,328300
EASON,20070605,2.58,2.58,2.52,2.54,152200
EASON,20070606,2.56,2.56,2.52,2.54,165300
EASON,20070607,2.54,2.58,2.54,2.56,351900
EASON,20070608,2.56,2.6,2.56,2.56,435900
EASON,20070611,2.56,2.58,2.5,2.5,1251800
EASON,20070612,2.52,2.54,2.48,2.5,166600
EASON,20070613,2.5,2.5,2.4,2.44,175800
EASON,20070614,2.46,2.58,2.4,2.42,108000
EASON,20070615,2.44,2.44,2.38,2.42,193000
EASON,20070618,2.42,2.44,2.42,2.42,40000
EASON,20070619,2.42,2.46,2.4,2.46,169900
EASON,20070620,2.46,2.46,2.4,2.4,234000
EASON,20070621,2.42,2.44,2.4,2.4,778900
EASON,20070622,2.42,2.42,2.4,2.4,160500
EASON,20070625,2.4,2.42,2.4,2.42,210700
EASON,20070626,2.4,2.4,2.38,2.38,73700
EASON,20070627,2.38,2.44,2.36,2.44,2436600
EASON,20070628,2.44,2.44,2.4,2.4,2663400
EASON,20070629,2.4,2.44,2.4,2.4,2271500
EASON,20070702,2.42,2.42,2.38,2.42,78100
EASON,20070703,2.4,2.42,2.38,2.4,96100
EASON,20070704,2.4,2.42,2.38,2.38,151800
EASON,20070705,2.38,2.38,2.34,2.38,283100
EASON,20070706,2.36,2.38,2.36,2.38,145300
EASON,20070709,2.36,2.36,2.34,2.34,176300
EASON,20070710,2.34,2.34,2.32,2.34,529000
EASON,20070711,2.34,2.36,2.32,2.36,265700
EASON,20070712,2.42,2.42,2.36,2.4,1726900
EASON,20070713,2.42,2.44,2.32,2.38,967600
EASON,20070716,2.38,2.42,2.36,2.4,865600
EASON,20070717,2.4,2.42,2.4,2.42,1558600
EASON,20070718,2.42,2.42,2.38,2.38,462700
EASON,20070719,2.4,2.42,2.38,2.42,131900
EASON,20070720,2.42,2.42,2.38,2.4,275000
EASON,20070723,2.38,2.5,2.38,2.42,3688600
EASON,20070724,2.46,2.46,2.38,2.4,864600
EASON,20070725,2.4,2.58,2.4,2.56,4255100
EASON,20070726,2.62,2.64,2.44,2.46,1717100
EASON,20070727,2.42,2.54,2.4,2.46,554200
EASON,20070731,2.38,2.54,2.38,2.5,963800
EASON,20070801,2.46,2.52,2.42,2.48,279100
EASON,20070802,2.48,2.48,2.4,2.44,201900
EASON,20070803,2.42,2.48,2.42,2.44,213000
EASON,20070806,2.4,2.46,2.38,2.42,355800
EASON,20070807,2.4,2.52,2.4,2.5,1661700
EASON,20070808,2.5,2.52,2.46,2.48,1050000
EASON,20070809,2.5,2.52,2.4,2.4,379500
EASON,20070810,2.3,2.42,2.3,2.38,159200
EASON,20070814,2.42,2.48,2.42,2.44,151700
EASON,20070815,2.42,2.48,2.36,2.36,1165900
EASON,20070816,2.34,2.4,2.28,2.34,541000
EASON,20070817,2.36,2.5,2.3,2.48,354100
EASON,20070820,2.52,2.52,2.46,2.5,1856900
EASON,20070821,2.52,2.54,2.46,2.5,1019700
EASON,20070822,2.5,2.52,2.48,2.48,245000
EASON,20070823,2.48,2.52,2.48,2.48,226600
EASON,20070824,2.48,2.5,2.46,2.48,205000
EASON,20070827,2.5,2.5,2.46,2.46,125000
EASON,20070828,2.46,2.58,2.46,2.56,1320900
EASON,20070829,2.56,2.78,2.56,2.78,9183500
EASON,20070830,2.84,2.92,2.8,2.8,6839300
EASON,20070831,2.82,2.88,2.82,2.88,1785800
EASON,20070903,2.88,2.9,2.78,2.84,725800
EASON,20070904,2.8,2.9,2.78,2.78,3059600
EASON,20070905,2.82,2.84,2.76,2.76,735000
EASON,20070906,2.76,2.82,2.76,2.76,298400
EASON,20070907,2.76,2.78,2.72,2.78,106500
EASON,20070910,2.76,2.76,2.7,2.74,101700
EASON,20070911,2.74,2.78,2.66,2.68,418500
EASON,20070912,2.68,2.76,2.64,2.76,598100
EASON,20070913,2.76,2.82,2.7,2.82,1883000
EASON,20070914,2.84,2.88,2.82,2.82,4585100
EASON,20070917,2.86,2.88,2.82,2.86,2670700
EASON,20070918,2.86,2.86,2.82,2.84,626500
EASON,20070919,2.88,2.94,2.48,2.54,12886800
EASON,20070920,2.54,2.64,2.5,2.64,1615000
EASON,20070921,2.56,2.66,2.52,2.52,999000
EASON,20070924,2.54,2.54,2.48,2.54,990800
EASON,20070925,2.54,2.54,2.48,2.48,528400
EASON,20070926,2.52,2.52,2.48,2.48,318800
EASON,20070927,2.5,2.5,2.46,2.46,455700
EASON,20070928,2.46,2.54,2.44,2.44,449100
EASON,20071001,2.46,2.46,2.42,2.44,741400
EASON,20071002,2.48,2.48,2.44,2.44,179300
EASON,20071003,2.44,2.46,2.38,2.44,907200
EASON,20071004,2.44,2.44,2.36,2.4,909700
EASON,20071005,2.4,2.4,2.4,2.4,3000
EASON,20071008,2.42,2.44,2.4,2.42,59400
EASON,20071009,2.42,2.44,2.4,2.44,111800
EASON,20071010,2.46,2.46,2.42,2.44,63000
EASON,20071011,2.42,2.5,2.42,2.46,326600
EASON,20071012,2.46,2.46,2.44,2.44,89500
EASON,20071015,2.44,2.44,2.42,2.42,104000
EASON,20071016,2.42,2.42,2.38,2.38,143900
EASON,20071017,2.4,2.44,2.36,2.4,349500
EASON,20071018,2.42,2.42,2.4,2.4,114700
EASON,20071019,2.38,2.4,2.36,2.38,497500
EASON,20071022,2.36,2.38,2.34,2.38,331100
EASON,20071024,2.38,2.42,2.36,2.42,220300
EASON,20071025,2.42,2.5,2.4,2.48,866400
EASON,20071026,2.48,2.52,2.44,2.5,918000
EASON,20071029,2.54,2.54,2.48,2.5,248300
EASON,20071030,2.5,2.54,2.44,2.44,596600
EASON,20071031,2.44,2.5,2.44,2.5,566500
EASON,20071101,2.5,2.54,2.48,2.48,1176500
EASON,20071102,2.46,2.64,2.46,2.64,4767900
EASON,20071105,2.66,2.7,2.54,2.54,4549700
EASON,20071106,2.56,2.64,2.52,2.52,4452300
EASON,20071107,2.56,2.56,2.5,2.5,595500
EASON,20071108,2.5,2.52,2.48,2.52,214500
EASON,20071109,2.52,2.62,2.48,2.62,2547300
EASON,20071112,2.6,2.6,2.56,2.6,295800
EASON,20071113,2.6,2.64,2.56,2.58,1100000
EASON,20071114,2.58,2.62,2.54,2.58,529300
EASON,20071115,2.56,2.56,2.42,2.42,1354700
EASON,20071116,2.48,2.48,2.42,2.44,85000
EASON,20071119,2.42,2.44,2.42,2.42,248400
EASON,20071120,2.4,2.4,2.38,2.4,195000
EASON,20071121,2.38,2.42,2.34,2.42,277400
EASON,20071122,2.38,2.42,2.36,2.36,59100
EASON,20071123,2.32,2.4,2.32,2.38,69000
EASON,20071126,2.36,2.38,2.36,2.36,188900
EASON,20071127,2.38,2.44,2.32,2.32,127100
EASON,20071128,2.36,2.36,2.32,2.32,76600
EASON,20071129,2.32,2.34,2.32,2.34,47700
EASON,20071130,2.32,2.34,2.24,2.3,183200
EASON,20071203,2.3,2.34,2.3,2.3,50900
EASON,20071204,2.3,2.36,2.2,2.22,323300
EASON,20071206,2.26,2.26,2.24,2.24,79000
EASON,20071207,2.24,2.28,2.24,2.28,166500
EASON,20071211,2.28,2.28,2.28,2.28,200
EASON,20071212,2.28,2.28,2.22,2.22,35900
EASON,20071213,2.24,2.24,2.12,2.2,189000
EASON,20071214,2.22,2.22,2.2,2.22,30000
EASON,20071217,2.18,2.22,2.12,2.18,324500
EASON,20071218,2.16,2.18,2.16,2.18,177300
EASON,20071219,2.2,2.2,2.18,2.18,240900
EASON,20071220,2.18,2.2,2.16,2.16,386800
EASON,20071221,2.18,2.18,2.16,2.18,741100
EASON,20071225,2.18,2.22,2.18,2.18,167900
EASON,20071226,2.2,2.22,2.2,2.2,384200
EASON,20071227,2.22,2.28,2.22,2.22,104200
EASON,20071228,2.22,2.32,2.22,2.3,177800
EASON,20080102,2.3,2.3,2.22,2.28,51900
EASON,20080103,2.28,2.3,2.24,2.3,55000
EASON,20080104,2.32,2.32,2.28,2.32,33400
EASON,20080107,2.24,2.26,2.22,2.26,49700
EASON,20080108,2.28,2.28,2.26,2.26,120000
EASON,20080109,2.3,2.34,2.28,2.28,58400
EASON,20080110,2.28,2.28,2.24,2.24,5400
EASON,20080111,2.26,2.28,2.22,2.28,70700
EASON,20080114,2.24,2.28,2.18,2.28,59200
EASON,20080115,2.24,2.28,2.24,2.28,33400
EASON,20080117,2.28,2.28,2.28,2.28,9500
EASON,20080118,2.26,2.3,2.26,2.3,104200
EASON,20080121,2.32,2.32,2.26,2.3,96000
EASON,20080122,2.2,2.32,2.16,2.32,119400
EASON,20080123,2.24,2.28,2.24,2.28,179200
EASON,20080124,2.22,2.26,2.22,2.26,15000
EASON,20080125,2.26,2.26,2.26,2.26,10000
EASON,20080129,2.24,2.26,2.2,2.26,25100
EASON,20080130,2.26,2.26,2.26,2.26,7900
EASON,20080131,2.28,2.28,2.28,2.28,100
EASON,20080201,2.28,2.3,2.22,2.28,20900
EASON,20080204,2.26,2.28,2.24,2.28,208500
EASON,20080205,2.28,2.32,2.26,2.32,149100
EASON,20080206,2.34,2.34,2.28,2.34,136100
EASON,20080207,2.36,2.44,2.3,2.36,2288400
EASON,20080208,2.36,2.4,2.32,2.4,493200
EASON,20080211,2.38,2.42,2.36,2.4,193000
EASON,20080212,2.4,2.4,2.32,2.32,257400
EASON,20080213,2.36,2.4,2.32,2.34,310000
EASON,20080214,2.36,2.36,2.36,2.36,98500
EASON,20080215,2.34,2.38,2.28,2.32,188100
EASON,20080218,2.38,2.38,2.32,2.34,111600
EASON,20080219,2.36,2.38,2.28,2.28,223200
EASON,20080220,2.32,2.46,2.28,2.44,965900
EASON,20080222,2.38,2.42,2.36,2.38,280500
EASON,20080225,2.4,2.4,2.32,2.38,187500
EASON,20080226,2.36,2.4,2.36,2.4,620700
EASON,20080227,2.4,2.46,2.32,2.42,1186600
EASON,20080228,2.44,2.44,2.36,2.4,208500
EASON,20080229,2.38,2.42,2.36,2.42,533200
EASON,20080303,2.42,2.42,2.4,2.42,407900
EASON,20080304,2.42,2.48,2.4,2.4,819200
EASON,20080305,2.4,2.46,2.4,2.42,442200
EASON,20080306,2.42,2.44,2.42,2.44,117700
EASON,20080307,2.42,2.48,2.4,2.4,519100
EASON,20080310,2.44,2.46,2.36,2.4,265300
EASON,20080311,2.42,2.42,2.38,2.38,593300
EASON,20080312,2.2,2.22,2.14,2.14,453900
EASON,20080313,2.18,2.18,2.16,2.18,84500
EASON,20080314,2.14,2.16,2.12,2.14,100900
EASON,20080317,2.14,2.14,2.1,2.14,77000
EASON,20080318,2.14,2.14,2.08,2.1,74400
EASON,20080319,2.1,2.12,2.06,2.12,241100
EASON,20080320,2.06,2.12,2.06,2.1,168300
EASON,20080321,2.1,2.1,2.08,2.1,34100
EASON,20080324,2.12,2.12,2.12,2.12,100
EASON,20080325,2.12,2.14,2.1,2.14,158300
EASON,20080326,2.08,2.14,2.08,2.14,59300
EASON,20080327,2.14,2.14,2.12,2.14,4300
EASON,20080328,2.14,2.14,2.06,2.14,82600
EASON,20080331,2.12,2.18,2.1,2.18,257600
EASON,20080401,2.14,2.2,2.14,2.18,20100
EASON,20080402,2.18,2.2,2.16,2.18,6300
EASON,20080403,2.18,2.18,2.12,2.16,12200
EASON,20080404,2.14,2.18,2.14,2.18,124000
EASON,20080408,2.16,2.2,2.14,2.16,219900
EASON,20080409,2.14,2.18,2.08,2.16,237800
EASON,20080410,2.16,2.18,2.16,2.16,42400
EASON,20080411,2.16,2.18,2.16,2.18,11700
EASON,20080416,2.16,2.16,2.16,2.16,52500
EASON,20080417,2.18,2.18,2.18,2.18,46600
EASON,20080418,2.18,2.18,2.16,2.16,120000
EASON,20080421,2.14,2.18,2.14,2.16,160200
EASON,20080422,2.16,2.16,2.1,2.14,357300
EASON,20080423,2.16,2.18,2.14,2.16,351600
EASON,20080424,2.16,2.3,2.16,2.22,1663900
EASON,20080425,2.24,2.3,2.22,2.3,1179200
EASON,20080428,2.3,2.3,2.24,2.24,470400
EASON,20080429,2.24,2.26,2.16,2.26,172600
EASON,20080430,2.24,2.26,2.24,2.26,65500
EASON,20080502,2.26,2.26,2.24,2.24,153100
EASON,20080506,2.24,2.24,2.2,2.22,134200
EASON,20080507,2.22,2.26,2.22,2.24,204100
EASON,20080508,2.22,2.24,2.16,2.24,455500
EASON,20080509,2.24,2.26,2.2,2.24,107900
EASON,20080512,2.22,2.24,2.22,2.24,46000
EASON,20080513,2.22,2.24,2.22,2.22,84800
EASON,20080514,2.22,2.24,2.22,2.24,20500
EASON,20080515,2.22,2.22,2.2,2.22,12100
EASON,20080516,2.12,2.24,2.12,2.18,10200
EASON,20080520,2.18,2.22,2.18,2.22,3400
EASON,20080521,2.18,2.18,2.08,2.08,671900
EASON,20080522,2.12,2.14,2.08,2.14,45500
EASON,20080523,2.1,2.14,2.1,2.14,24400
EASON,20080526,2.14,2.14,2.1,2.14,106300
EASON,20080527,2.14,2.14,2.1,2.14,79500
EASON,20080528,2.14,2.2,2.1,2.14,175800
EASON,20080529,2.08,2.16,2.08,2.14,88200
EASON,20080530,2.14,2.14,2.12,2.14,101500
EASON,20080602,2.12,2.14,2.1,2.14,124300
EASON,20080603,2.14,2.14,2.12,2.14,5300
EASON,20080604,2.14,2.18,2.1,2.18,479100
EASON,20080605,2.18,2.18,2.12,2.18,70100
EASON,20080606,2.2,2.22,2.14,2.2,89900
EASON,20080609,2.2,2.2,2.18,2.2,38200
EASON,20080610,2.2,2.2,2.12,2.2,37700
EASON,20080611,2.12,2.22,2.12,2.2,187000
EASON,20080612,2.2,2.2,2.14,2.16,113300
EASON,20080613,2.16,2.16,2.14,2.16,31600
EASON,20080616,2.16,2.16,2.16,2.16,200
EASON,20080617,2.16,2.16,2.14,2.14,108300
EASON,20080618,2.12,2.14,1.52,1.52,61400
EASON,20080619,1.9,1.97,1.9,1.96,249000
EASON,20080620,2,2.12,2,2.08,250200
EASON,20080623,2.08,2.12,2.04,2.12,34800
EASON,20080624,2.12,2.12,2.04,2.12,122800
EASON,20080625,2.1,2.1,2.04,2.08,38100
EASON,20080626,2.08,2.1,2.08,2.08,10300
EASON,20080627,2.06,2.08,2.06,2.08,6500
EASON,20080630,2.08,2.08,2.02,2.06,20800
EASON,20080702,2.06,2.06,2.06,2.06,10200
EASON,20080703,2.06,2.06,2.02,2.06,14300
EASON,20080704,2.04,2.06,2.02,2.06,37600
EASON,20080707,2.04,2.04,2.02,2.04,35800
EASON,20080708,2.02,2.04,1.99,2.02,66600
EASON,20080709,2.02,2.02,2,2,4300
EASON,20080710,2,2,2,2,200
EASON,20080711,2,2,1.98,2,15400
EASON,20080714,1.98,2,1.98,2,6800
EASON,20080715,1.98,2,1.97,2,21700
EASON,20080716,1.99,2,1.98,2,13000
EASON,20080718,2,2,2,2,9800
EASON,20080721,1.99,2,1.99,2,9300
EASON,20080722,2,2,1.95,2,22300
EASON,20080723,2,2,1.99,2,3700
EASON,20080724,2,2,2,2,6200
EASON,20080725,1.92,2,1.92,2,27900
EASON,20080728,1.98,1.99,1.56,1.56,18300
EASON,20080729,1.81,1.89,1.75,1.81,113500
EASON,20080730,1.85,1.9,1.85,1.89,5500
EASON,20080731,1.89,1.97,1.89,1.97,10300
EASON,20080801,1.97,1.98,1.95,1.98,3100
EASON,20080804,2,2,1.97,1.97,3200
EASON,20080805,1.97,1.98,1.96,1.98,9700
EASON,20080806,1.99,1.99,1.94,1.94,23000
EASON,20080807,1.96,1.97,1.96,1.97,10000
EASON,20080811,1.98,1.98,1.98,1.98,100
EASON,20080813,1.98,1.98,1.98,1.98,1100
EASON,20080815,1.95,1.99,1.95,1.99,42300
EASON,20080819,2.58,2.58,1.98,2.02,521100
EASON,20080822,2,2.02,2,2.02,21000
EASON,20080825,2,2,1.96,1.96,29000
EASON,20080827,1.96,1.96,1.96,1.96,40000
EASON,20080828,1.98,1.98,1.97,1.97,20000
EASON,20080829,1.98,1.98,1.98,1.98,5000
EASON,20080903,2,2.1,2,2.06,1070000
EASON,20080904,2.06,2.06,2.04,2.06,152000
EASON,20080905,2.06,2.06,2.06,2.06,147300
EASON,20080908,2.06,2.06,2.06,2.06,289600
EASON,20080909,2.06,2.1,2.02,2.1,701100
EASON,20080910,2.08,2.08,2.06,2.08,590900
EASON,20080911,2.08,2.08,2.06,2.06,397100
EASON,20080912,2.06,2.14,2.06,2.14,1362200
EASON,20080915,2.12,2.12,2.08,2.1,860800
EASON,20080916,2.1,2.1,2.06,2.08,429400
EASON,20080917,2.08,2.12,2.04,2.06,878000
EASON,20080918,2.06,2.08,1.98,2.06,1332200
EASON,20080919,2.06,2.1,2.06,2.08,410600
EASON,20080922,2.1,2.1,2.06,2.08,178100
EASON,20080923,2.08,2.08,2.06,2.08,90100
EASON,20080924,2.06,2.06,2.06,2.06,60000
EASON,20080925,2.06,2.06,2.04,2.06,109000
EASON,20080926,2.06,2.06,2.04,2.06,264800
EASON,20080929,2.06,2.06,2.04,2.04,74600
EASON,20080930,1.99,2.06,1.99,2.06,524600
EASON,20081001,2.06,2.1,2.06,2.1,603500
EASON,20081002,2.08,2.08,2.08,2.08,70000
EASON,20081003,2.08,2.08,2.04,2.08,144500
EASON,20081006,2.06,2.06,2,2,164000
EASON,20081007,2,2,1.93,1.93,1042300
EASON,20081008,1.96,1.96,1.85,1.93,320600
EASON,20081009,1.93,1.93,1.83,1.9,240300
EASON,20081010,1.9,1.9,1.73,1.85,282900
EASON,20081013,1.85,1.85,1.77,1.85,497400
EASON,20081014,1.85,1.9,1.82,1.9,756200
EASON,20081015,1.87,1.89,1.86,1.89,222700
EASON,20081016,1.87,1.87,1.83,1.87,113000
EASON,20081017,1.87,1.97,1.86,1.86,129600
EASON,20081020,1.86,1.9,1.85,1.89,252500
EASON,20081021,1.89,1.89,1.85,1.87,57900
EASON,20081022,1.87,1.89,1.83,1.87,44100
EASON,20081024,1.87,1.87,1.77,1.8,173300
EASON,20081027,1.8,1.8,1.73,1.8,48800
EASON,20081028,1.8,1.8,1.77,1.8,19900
EASON,20081029,1.8,1.84,1.79,1.8,18800
EASON,20081030,1.79,1.79,1.77,1.79,16500
EASON,20081031,1.79,1.79,1.74,1.79,76700
EASON,20081103,1.79,1.79,1.74,1.79,161100
EASON,20081104,1.79,1.79,1.73,1.79,185800
EASON,20081105,1.79,1.83,1.79,1.79,210500
EASON,20081106,1.79,2,1.77,1.85,67900
EASON,20081107,1.85,1.85,1.8,1.84,87100
EASON,20081110,1.84,1.97,1.84,1.97,53000
EASON,20081111,1.95,1.95,1.9,1.94,279400
EASON,20081112,1.93,1.93,1.9,1.93,57400
EASON,20081113,1.93,1.93,1.89,1.91,55400
EASON,20081114,1.91,1.93,1.9,1.93,44000
EASON,20081117,1.9,1.93,1.87,1.91,52900
EASON,20081118,1.9,1.9,1.84,1.88,94100
EASON,20081119,1.88,1.9,1.85,1.9,27600
EASON,20081120,1.87,1.88,1.85,1.88,26800
EASON,20081121,1.88,1.88,1.84,1.87,22300
EASON,20081124,1.87,1.87,1.8,1.86,51900
EASON,20081125,1.87,1.88,1.83,1.85,25000
EASON,20081126,1.85,1.85,1.85,1.85,4500
EASON,20081127,1.85,1.85,1.85,1.85,100
EASON,20081128,1.84,1.84,1.81,1.84,24400
EASON,20081201,1.84,1.84,1.79,1.82,30900
EASON,20081202,1.82,1.82,1.71,1.75,64100
EASON,20081203,1.78,1.82,1.75,1.82,270600
EASON,20081204,1.8,1.9,1.8,1.9,567900
EASON,20081208,1.9,1.94,1.87,1.94,111100
EASON,20081209,1.94,2.06,1.9,2.06,680800
EASON,20081211,2.14,2.18,2.06,2.12,656100
EASON,20081212,2.12,2.12,2.06,2.08,623000
EASON,20081215,2.08,2.1,2.04,2.06,154400
EASON,20081216,2.06,2.1,2.02,2.06,269900
EASON,20081217,2.06,2.08,2,2.02,187700
EASON,20081218,2.02,2.02,1.98,2.02,340000
EASON,20081219,2.02,2.08,2.02,2.06,438700
EASON,20081222,2.06,2.06,2.02,2.04,142700
EASON,20081223,2.02,2.02,1.99,2,246400
EASON,20081224,2,2,1.97,1.98,274800
EASON,20081225,1.98,1.98,1.93,1.95,228500
EASON,20081226,1.95,1.96,1.92,1.96,175400
EASON,20081229,1.95,1.98,1.94,1.98,68300
EASON,20081230,1.98,2,1.95,2,170300
EASON,20090105,2,2.06,2,2.04,138100
EASON,20090106,2.04,2.04,1.99,2.04,176500
EASON,20090107,2.02,2.02,1.97,2,185800
EASON,20090108,2,2,1.98,2,29200
EASON,20090109,1.99,2,1.99,2,30600
EASON,20090112,1.99,2,1.98,2,25300
EASON,20090113,1.96,1.97,1.78,1.78,850100
EASON,20090114,1.78,1.78,1.75,1.77,64400
EASON,20090115,1.76,1.76,1.69,1.72,636000
EASON,20090116,1.7,1.71,1.7,1.71,243200
EASON,20090119,1.72,1.72,1.68,1.68,116100
EASON,20090120,1.71,1.71,1.7,1.7,21200
EASON,20090121,1.7,1.7,1.7,1.7,20000
EASON,20090122,1.7,1.7,1.7,1.7,35000
EASON,20090123,1.7,1.7,1.7,1.7,3100
EASON,20090126,1.7,1.71,1.67,1.7,453300
EASON,20090127,1.68,1.7,1.68,1.7,13200
EASON,20090128,1.7,1.7,1.7,1.7,5000
EASON,20090129,1.7,1.7,1.69,1.7,31000
EASON,20090130,1.68,1.7,1.68,1.7,16000
EASON,20090202,1.68,1.7,1.67,1.7,45500
EASON,20090203,1.68,1.7,1.67,1.7,20100
EASON,20090204,1.68,1.7,1.68,1.7,31100
EASON,20090205,1.68,1.68,1.67,1.68,44900
EASON,20090206,1.68,1.68,1.67,1.68,48400
EASON,20090210,1.68,1.69,1.68,1.69,119300
EASON,20090211,1.68,1.69,1.67,1.69,60100
EASON,20090212,1.68,1.68,1.67,1.68,32400
EASON,20090213,1.69,1.72,1.67,1.68,38100
EASON,20090216,1.69,1.69,1.68,1.68,32600
EASON,20090217,1.68,1.68,1.67,1.67,19400
EASON,20090218,1.66,1.67,1.66,1.67,31400
EASON,20090219,1.66,1.67,1.65,1.65,42100
EASON,20090220,1.66,1.67,1.64,1.64,1713700
EASON,20090223,1.63,1.65,1.63,1.65,5100
EASON,20090224,1.63,1.63,1.63,1.63,2000
EASON,20090225,1.62,1.64,1.6,1.64,25700
EASON,20090226,1.67,1.67,1.67,1.67,100
EASON,20090227,1.67,1.67,1.6,1.67,22100
EASON,20090302,1.62,1.62,1.6,1.62,41100
EASON,20090303,1.6,1.6,1.6,1.6,17000
EASON,20090304,1.6,1.66,1.59,1.6,77400
EASON,20090305,1.63,1.63,1.59,1.6,5200
EASON,20090306,1.62,1.66,1.59,1.61,31800
EASON,20090309,1.58,1.6,1.58,1.6,3800
EASON,20090310,1.58,1.64,1.58,1.64,104200
EASON,20090311,1.5,1.54,1.31,1.54,23800
EASON,20090312,1.52,1.52,1.52,1.52,1100
EASON,20090313,1.5,1.52,1.5,1.52,9400
EASON,20090316,1.52,1.52,1.52,1.52,1000
EASON,20090317,1.5,1.51,1.5,1.51,4300
EASON,20090318,1.52,1.52,1.52,1.52,100
EASON,20090320,1.62,1.62,1.48,1.52,15200
EASON,20090323,1.52,1.52,1.51,1.51,27300
EASON,20090324,1.5,1.51,1.44,1.5,83000
EASON,20090325,1.49,1.5,1.49,1.5,6700
EASON,20090326,1.51,1.51,1.51,1.51,1100
EASON,20090331,1.67,1.67,1.51,1.53,600
EASON,20090401,1.54,1.54,1.43,1.43,12500
EASON,20090402,1.51,1.51,1.42,1.5,70200
EASON,20090403,1.49,1.5,1.43,1.49,77600
EASON,20090407,1.45,1.49,1.43,1.44,48000
EASON,20090408,1.48,1.48,1.42,1.44,12400
EASON,20090409,1.45,1.45,1.42,1.43,16400
EASON,20090410,1.43,1.43,1.43,1.43,9100
EASON,20090416,1.45,1.45,1.38,1.44,4600
EASON,20090417,1.44,1.45,1.4,1.44,7400
EASON,20090420,1.41,1.47,1.4,1.44,19400
EASON,20090421,1.45,1.45,1.45,1.45,10500
EASON,20090422,1.45,1.45,1.45,1.45,12200
EASON,20090423,1.42,1.42,1.42,1.42,5000
EASON,20090424,1.45,1.45,1.4,1.44,59700
EASON,20090427,1.45,1.45,1.45,1.45,100
EASON,20090428,1.45,1.46,1.45,1.45,3600
EASON,20090429,1.46,1.46,1.45,1.45,3900
EASON,20090430,1.44,1.45,1.42,1.45,92200
EASON,20090504,1.45,1.45,1.45,1.45,6300
EASON,20090506,1.45,1.6,1.45,1.46,43300
EASON,20090507,1.45,1.5,1.44,1.47,24800
EASON,20090511,1.47,1.47,1.45,1.47,21100
EASON,20090512,1.47,1.48,1.45,1.45,88000
EASON,20090513,1.48,1.48,1.42,1.47,40300
EASON,20090514,1.6,1.68,1.58,1.58,442300
EASON,20090515,1.58,1.59,1.48,1.48,103000
EASON,20090518,1.48,1.56,1.47,1.56,87100
EASON,20090519,1.57,1.6,1.56,1.58,97800
EASON,20090520,1.58,1.59,1.58,1.58,59700
EASON,20090521,1.58,1.58,1.55,1.55,76200
EASON,20090522,1.55,1.56,1.55,1.55,85500
EASON,20090525,1.57,1.6,1.56,1.6,164600
EASON,20090526,1.58,1.61,1.58,1.59,113300
EASON,20090527,1.6,1.61,1.59,1.61,93000
EASON,20090528,1.59,1.61,1.59,1.6,18000
EASON,20090529,1.6,1.63,1.6,1.6,335300
EASON,20090601,1.6,1.63,1.6,1.63,99100
EASON,20090602,1.64,1.66,1.61,1.62,225200
EASON,20090603,1.63,1.65,1.62,1.63,77900
EASON,20090604,1.63,1.63,1.63,1.63,50000
EASON,20090605,1.61,1.63,1.61,1.63,27500
EASON,20090608,1.64,1.64,1.61,1.61,125500
EASON,20090609,1.61,1.63,1.61,1.61,34300
EASON,20090610,1.62,1.64,1.6,1.64,203700
EASON,20090611,1.63,1.65,1.63,1.63,85000
EASON,20090612,1.64,1.64,1.62,1.62,17400
EASON,20090615,1.62,1.62,1.61,1.62,90000
EASON,20090617,1.61,1.61,1.61,1.61,3800
EASON,20090618,1.58,1.58,1.55,1.55,5100
EASON,20090624,1.64,1.64,1.6,1.6,400
EASON,20090625,1.6,1.6,1.6,1.6,50700
EASON,20090626,1.62,1.62,1.62,1.62,10100
EASON,20090629,1.6,1.6,1.6,1.6,3500
EASON,20090630,1.63,1.63,1.6,1.6,9600
EASON,20090709,1.6,1.61,1.6,1.61,16100
EASON,20090710,1.6,1.6,1.6,1.6,400
EASON,20090713,1.61,1.61,1.6,1.6,3500
EASON,20090716,1.62,1.62,1.6,1.6,1900
EASON,20090717,1.61,1.61,1.61,1.61,10500
EASON,20090720,1.62,1.62,1.6,1.6,20400
EASON,20090721,1.6,1.63,1.6,1.62,2600
EASON,20090722,1.61,1.61,1.6,1.6,49500
EASON,20090724,1.62,1.62,1.59,1.6,23600
EASON,20090727,1.6,1.6,1.59,1.6,260000
EASON,20090728,1.6,1.6,1.6,1.6,88000
EASON,20090729,1.6,1.6,1.59,1.59,18500
EASON,20090730,1.6,1.6,1.59,1.6,31000
EASON,20090731,1.61,1.61,1.6,1.6,62700
EASON,20090803,1.6,1.6,1.6,1.6,127800
EASON,20090804,1.6,1.62,1.59,1.6,198100
EASON,20090805,1.6,1.61,1.6,1.6,81200
EASON,20090806,1.6,1.62,1.6,1.61,45000
EASON,20090807,1.61,1.62,1.61,1.62,1200
EASON,20090810,1.61,1.61,1.61,1.61,41900
EASON,20090811,1.61,1.63,1.61,1.63,78200
EASON,20090813,1.61,1.63,1.61,1.63,174700
EASON,20090814,1.62,1.62,1.62,1.62,49600
EASON,20090817,1.62,1.62,1.6,1.6,102800
EASON,20090818,1.6,1.61,1.6,1.61,10100
EASON,20090819,1.61,1.61,1.59,1.59,56100
EASON,20090820,1.59,1.59,1.59,1.59,30000
EASON,20090821,1.59,1.59,1.55,1.56,267800
EASON,20090824,1.59,1.59,1.59,1.59,20500
EASON,20090825,1.59,1.64,1.59,1.64,132500
EASON,20090826,1.65,1.69,1.65,1.68,111000
EASON,20090827,1.71,1.71,1.67,1.67,135200
EASON,20090828,1.67,1.68,1.67,1.67,39800
EASON,20090831,1.69,1.69,1.68,1.68,28000
EASON,20090901,1.69,1.7,1.69,1.69,389000
EASON,20090902,1.68,1.69,1.68,1.69,28100
EASON,20090903,1.69,1.69,1.67,1.67,25800
EASON,20090904,1.69,1.7,1.68,1.7,39900
EASON,20090907,1.7,1.7,1.7,1.7,235000
EASON,20090908,1.7,1.76,1.7,1.75,277300
EASON,20090909,1.75,1.75,1.72,1.75,127000
EASON,20090910,1.74,1.74,1.69,1.73,156000
EASON,20090911,1.7,1.71,1.7,1.7,86800
EASON,20090914,1.7,1.7,1.67,1.67,335200
EASON,20090915,1.67,1.67,1.67,1.67,180900
EASON,20090916,1.68,1.73,1.68,1.73,107100
EASON,20090917,1.73,1.75,1.71,1.73,585900
EASON,20090918,1.74,1.74,1.73,1.73,286200
EASON,20090921,1.73,1.73,1.72,1.73,27800
EASON,20090922,1.73,1.73,1.71,1.71,116900
EASON,20090923,1.71,1.72,1.67,1.7,241100
EASON,20090924,1.7,1.74,1.7,1.73,163200
EASON,20090925,1.74,1.74,1.72,1.72,13200
EASON,20090928,1.7,1.7,1.67,1.67,172500
EASON,20090929,1.7,1.7,1.67,1.7,372600
EASON,20090930,1.7,1.7,1.69,1.69,14000
EASON,20091001,1.71,1.94,1.68,1.69,55100
EASON,20091002,1.7,1.7,1.68,1.68,84000
EASON,20091005,1.7,1.7,1.68,1.7,46200
EASON,20091006,1.7,1.71,1.7,1.71,31000
EASON,20091007,1.69,1.7,1.67,1.68,209900
EASON,20091008,1.71,1.72,1.67,1.67,399000
EASON,20091009,1.69,1.7,1.68,1.68,121800
EASON,20091012,1.7,1.71,1.68,1.68,233400
EASON,20091013,1.68,1.7,1.68,1.7,187300
EASON,20091014,1.68,1.72,1.65,1.66,755200
EASON,20091015,1.66,1.66,1.59,1.62,132400
EASON,20091016,1.65,1.65,1.62,1.64,91900
EASON,20091019,1.64,1.65,1.63,1.65,187000
EASON,20091020,1.67,1.67,1.63,1.64,132900
EASON,20091021,1.65,1.66,1.64,1.64,73700
EASON,20091022,1.65,1.65,1.65,1.65,8800
EASON,20091026,1.65,1.67,1.65,1.67,208500
EASON,20091027,1.68,1.71,1.67,1.7,87700
EASON,20091028,1.7,1.77,1.7,1.73,353600
EASON,20091029,1.72,1.72,1.69,1.7,34600
EASON,20091030,1.7,1.71,1.7,1.7,85000
EASON,20091102,1.68,1.68,1.67,1.68,63000
EASON,20091103,1.68,1.7,1.68,1.7,3100
EASON,20091104,1.7,1.74,1.7,1.72,80100
EASON,20091105,1.72,1.73,1.72,1.73,7000
EASON,20091106,1.74,1.75,1.74,1.74,78500
EASON,20091109,1.76,1.76,1.74,1.76,41400
EASON,20091110,1.76,1.76,1.75,1.76,182700
EASON,20091111,1.76,1.78,1.72,1.76,1201000
EASON,20091112,1.76,1.76,1.73,1.73,82300
EASON,20091113,1.73,1.79,1.71,1.79,65900
EASON,20091116,1.73,1.73,1.7,1.72,189000
EASON,20091117,1.7,1.72,1.7,1.72,30600
EASON,20091118,1.74,1.74,1.74,1.74,1000
EASON,20091120,1.73,1.73,1.73,1.73,20000
EASON,20091123,1.7,1.74,1.7,1.74,53100
EASON,20091124,1.72,1.72,1.68,1.68,109500
EASON,20091125,1.66,1.7,1.66,1.7,150500
EASON,20091126,1.7,1.7,1.69,1.69,6000
EASON,20091127,1.68,1.68,1.65,1.65,78000
EASON,20091130,1.69,1.69,1.69,1.69,3300
EASON,20091201,1.68,1.77,1.68,1.75,254200
EASON,20091202,1.77,1.77,1.74,1.74,100000
EASON,20091203,1.75,1.77,1.67,1.69,555100
EASON,20091204,1.69,1.7,1.65,1.68,337000
EASON,20091208,1.69,1.72,1.67,1.67,233300
EASON,20091209,1.67,1.67,1.67,1.67,55800
EASON,20091211,1.67,1.69,1.67,1.68,155000
EASON,20091214,1.69,1.7,1.69,1.7,201400
EASON,20091215,1.71,1.71,1.65,1.69,1138000
EASON,20091216,1.7,1.71,1.69,1.71,72900
EASON,20091217,1.71,1.72,1.69,1.71,154200
EASON,20091221,1.71,1.72,1.7,1.72,149500
EASON,20091222,1.71,1.73,1.71,1.72,39400
EASON,20091223,1.72,1.72,1.72,1.72,20000
EASON,20091224,1.72,1.72,1.71,1.72,24100
EASON,20091225,1.72,1.72,1.71,1.71,60500
EASON,20091228,1.75,1.75,1.74,1.74,22000
EASON,20091229,1.74,1.84,1.74,1.77,498800
EASON,20091230,1.77,1.77,1.75,1.75,74100
EASON,20100104,1.77,1.77,1.77,1.77,70000
EASON,20100105,1.77,1.77,1.75,1.75,139100
EASON,20100106,1.83,1.83,1.76,1.77,140700
EASON,20100107,1.77,2.26,1.77,2.02,9122700
EASON,20100108,2,2.06,1.91,1.93,1526500
EASON,20100111,1.93,2.1,1.93,2.04,4120500
EASON,20100112,2.04,2.18,1.95,1.99,7013400
EASON,20100113,1.99,2.06,1.99,1.99,1695400
EASON,20100114,2.04,2.04,1.99,1.99,307800
EASON,20100115,2,2.02,1.98,1.98,569600
EASON,20100118,1.98,2.14,1.96,2.04,10030900
EASON,20100119,2.06,2.08,1.96,1.96,3822100
EASON,20100120,1.96,1.99,1.95,1.96,588900
EASON,20100121,1.96,1.97,1.93,1.93,701400
EASON,20100122,1.93,2,1.87,1.98,1603600
EASON,20100125,1.97,1.98,1.94,1.94,202800
EASON,20100126,1.95,2.02,1.94,1.94,1032200
EASON,20100127,1.99,1.99,1.91,1.91,361500
EASON,20100128,1.95,1.96,1.91,1.92,84900
EASON,20100129,1.9,1.93,1.9,1.92,10000
EASON,20100201,1.91,1.96,1.91,1.93,126000
EASON,20100202,1.93,1.93,1.91,1.91,114900
EASON,20100203,1.95,1.95,1.92,1.92,173000
EASON,20100204,1.92,1.93,1.89,1.89,195200
EASON,20100205,1.9,1.9,1.86,1.86,177500
EASON,20100208,1.86,1.89,1.85,1.86,254000
EASON,20100209,1.86,1.89,1.85,1.89,227500
EASON,20100210,1.86,2.02,1.86,1.95,2648300
EASON,20100211,2,2.04,1.96,1.96,5042300
EASON,20100212,1.95,1.97,1.94,1.97,278000
EASON,20100215,1.98,1.98,1.94,1.97,95000
EASON,20100216,1.96,1.98,1.95,1.95,384800
EASON,20100217,1.98,1.98,1.94,1.94,271300
EASON,20100218,1.95,1.99,1.94,1.95,513800
EASON,20100219,1.96,1.97,1.94,1.94,75500
EASON,20100222,1.96,1.97,1.94,1.94,56800
EASON,20100223,1.97,1.98,1.96,1.98,353400
EASON,20100224,2.04,2.04,1.98,1.99,1084500
EASON,20100225,2,2,1.97,1.97,379700
EASON,20100226,1.99,1.99,1.99,1.99,4000
EASON,20100302,1.99,1.99,1.97,1.97,158300
EASON,20100303,1.97,2.02,1.97,2.02,552300
EASON,20100304,2,2,1.99,2,239200
EASON,20100305,2.02,2.02,1.97,1.97,730000
EASON,20100308,1.8,1.82,1.79,1.8,321900
EASON,20100309,1.78,1.79,1.75,1.76,175700
EASON,20100310,1.78,1.78,1.74,1.74,86400
EASON,20100311,1.75,1.76,1.75,1.76,149000
EASON,20100312,1.74,1.74,1.71,1.73,53000
EASON,20100315,1.76,1.76,1.76,1.76,500
EASON,20100316,1.76,1.77,1.7,1.76,41300
EASON,20100317,1.77,1.78,1.76,1.77,323000
EASON,20100318,1.78,1.83,1.77,1.79,433800
EASON,20100319,1.79,1.81,1.77,1.79,155700
EASON,20100322,1.79,1.79,1.73,1.76,532900
EASON,20100323,1.76,1.79,1.76,1.76,56000
EASON,20100324,1.77,1.77,1.74,1.76,225600
EASON,20100325,1.76,1.9,1.76,1.79,1457000
EASON,20100326,1.79,1.84,1.79,1.79,305800
EASON,20100329,1.81,1.83,1.79,1.79,95100
EASON,20100330,1.8,1.82,1.79,1.8,89700
EASON,20100331,1.81,1.81,1.8,1.8,141800
EASON,20100401,1.81,1.81,1.8,1.8,65200
EASON,20100402,1.8,1.81,1.75,1.77,1286200
EASON,20100405,1.77,1.8,1.76,1.78,165000
EASON,20100407,1.8,1.8,1.78,1.79,72700
EASON,20100408,1.76,1.76,1.75,1.75,225200
EASON,20100409,1.76,1.76,1.74,1.75,139000
EASON,20100412,1.72,1.74,1.7,1.71,156500
EASON,20100416,1.7,1.7,1.68,1.69,106400
EASON,20100419,1.69,1.69,1.66,1.66,100800
EASON,20100420,1.69,1.7,1.69,1.69,108800
EASON,20100421,1.71,1.71,1.69,1.69,20500
EASON,20100422,1.7,1.83,1.7,1.78,3393300
EASON,20100423,1.76,1.81,1.75,1.76,993100
EASON,20100426,1.76,1.78,1.76,1.77,149100
EASON,20100427,1.77,1.77,1.77,1.77,200
EASON,20100428,1.73,1.73,1.73,1.73,62000
EASON,20100429,1.78,1.78,1.78,1.78,600
EASON,20100430,1.78,1.79,1.78,1.78,71500
EASON,20100504,1.79,1.81,1.78,1.78,452900
EASON,20100506,1.8,1.8,1.77,1.79,302100
EASON,20100507,1.79,1.8,1.78,1.78,193400
EASON,20100510,1.79,1.79,1.79,1.79,44200
EASON,20100511,1.79,1.81,1.79,1.79,222900
EASON,20100512,1.79,1.8,1.77,1.77,272400
EASON,20100513,1.79,1.8,1.7,1.74,801800
EASON,20100514,1.75,1.75,1.74,1.75,88100
EASON,20100517,1.64,1.7,1.64,1.65,619900
EASON,20100518,1.65,1.69,1.65,1.68,105800
EASON,20100519,1.68,1.69,1.68,1.69,69100
EASON,20100524,1.7,1.7,1.66,1.66,165500
EASON,20100525,1.66,1.66,1.62,1.63,232300
EASON,20100526,1.64,1.66,1.63,1.63,83200
EASON,20100527,1.61,1.64,1.59,1.61,347700
EASON,20100531,1.61,1.62,1.61,1.61,69500
EASON,20100601,1.61,1.65,1.61,1.61,77600
EASON,20100602,1.61,1.63,1.6,1.61,73900
EASON,20100603,1.64,1.65,1.63,1.64,210000
EASON,20100604,1.64,1.66,1.64,1.64,302300
EASON,20100607,1.64,1.67,1.64,1.64,262700
EASON,20100608,1.64,1.67,1.55,1.59,2610400
EASON,20100609,1.61,1.63,1.6,1.61,122300
EASON,20100610,1.62,1.63,1.6,1.61,361700
EASON,20100611,1.63,1.65,1.61,1.63,655100
EASON,20100614,1.65,1.65,1.63,1.63,142000
EASON,20100615,1.64,1.65,1.61,1.61,543900
EASON,20100616,1.62,1.62,1.61,1.62,398300
EASON,20100617,1.62,1.63,1.61,1.61,105200
EASON,20100618,1.63,1.63,1.62,1.62,301800
EASON,20100621,1.64,1.71,1.62,1.65,971000
EASON,20100622,1.69,1.84,1.69,1.78,5410900
EASON,20100623,1.78,1.78,1.73,1.76,1040300
EASON,20100624,1.75,1.8,1.73,1.75,900000
EASON,20100625,1.75,1.78,1.74,1.76,191600
EASON,20100628,1.77,1.88,1.76,1.79,3212200
EASON,20100629,1.79,1.84,1.79,1.79,614100
EASON,20100630,1.8,1.8,1.78,1.78,72900
EASON,20100702,1.75,1.75,1.72,1.75,355900
EASON,20100705,1.75,1.76,1.72,1.72,165200
EASON,20100706,1.72,1.75,1.72,1.73,52000
EASON,20100707,1.73,1.74,1.73,1.74,5100
EASON,20100708,1.75,1.76,1.72,1.73,150100
EASON,20100709,1.73,1.75,1.69,1.74,206800
EASON,20100712,1.74,1.75,1.74,1.74,20300
EASON,20100713,1.73,1.73,1.71,1.73,48100
EASON,20100714,1.74,1.76,1.74,1.75,138100
EASON,20100715,1.75,1.75,1.74,1.75,15000
EASON,20100716,1.75,1.77,1.75,1.75,189900
EASON,20100719,1.75,1.75,1.7,1.7,632500
EASON,20100720,1.7,1.73,1.7,1.7,225700
EASON,20100721,1.7,1.73,1.69,1.73,600300
EASON,20100722,1.73,1.76,1.71,1.74,51800
EASON,20100723,1.73,1.75,1.73,1.74,88300
EASON,20100727,1.75,1.75,1.73,1.73,180300
EASON,20100728,1.73,1.74,1.69,1.74,93500
EASON,20100729,1.73,1.73,1.69,1.72,484100
EASON,20100730,1.71,1.71,1.69,1.7,233200
EASON,20100802,1.7,1.89,1.69,1.85,13666300
EASON,20100803,1.92,1.96,1.87,1.87,6703400
EASON,20100804,1.87,1.91,1.86,1.86,924400
EASON,20100805,1.88,1.91,1.87,1.87,1177000
EASON,20100806,1.89,1.91,1.87,1.87,1297400
EASON,20100809,1.87,1.9,1.87,1.88,377700
EASON,20100810,1.88,1.9,1.84,1.84,499300
EASON,20100811,1.86,1.88,1.85,1.85,498400
EASON,20100816,1.85,1.85,1.78,1.78,572300
EASON,20100817,1.78,1.78,1.75,1.76,155000
EASON,20100818,1.77,1.78,1.75,1.75,394500
EASON,20100819,1.78,1.79,1.75,1.75,225600
EASON,20100820,1.77,1.77,1.75,1.75,203000
EASON,20100823,1.76,1.77,1.75,1.75,424500
EASON,20100824,1.75,1.76,1.75,1.76,100700
EASON,20100825,1.77,1.82,1.75,1.78,344100
EASON,20100826,1.78,1.82,1.78,1.82,336800
EASON,20100827,1.84,1.84,1.78,1.82,102200
EASON,20100830,1.85,1.85,1.78,1.78,843700
EASON,20100831,1.79,1.81,1.79,1.8,245000
EASON,20100901,1.8,1.8,1.77,1.78,360600
EASON,20100902,1.79,1.8,1.78,1.78,70700
EASON,20100903,1.8,1.8,1.8,1.8,30000
EASON,20100906,1.76,1.86,1.76,1.86,1129500
EASON,20100907,1.86,1.86,1.78,1.78,691200
EASON,20100908,1.78,1.8,1.77,1.77,231000
EASON,20100909,1.79,1.8,1.77,1.77,288100
EASON,20100910,1.79,1.79,1.77,1.77,47200
EASON,20100913,1.79,1.79,1.78,1.78,65000
EASON,20100914,1.8,1.8,1.76,1.76,50700
EASON,20100915,1.76,1.76,1.76,1.76,160000
EASON,20100916,1.78,1.78,1.76,1.76,15000
EASON,20100917,1.79,1.79,1.79,1.79,2000
EASON,20100920,1.79,1.79,1.77,1.78,11600
EASON,20100921,1.78,1.78,1.78,1.78,20000
EASON,20100922,1.78,1.78,1.77,1.77,148100
EASON,20100923,1.77,1.78,1.75,1.78,348300
EASON,20100924,1.77,1.78,1.77,1.77,26100
EASON,20100927,1.77,1.79,1.76,1.76,50000
EASON,20100928,1.76,1.77,1.76,1.77,20300
EASON,20100929,1.78,1.79,1.78,1.78,142100
EASON,20100930,1.79,1.8,1.78,1.79,311600
EASON,20101001,1.78,1.79,1.78,1.79,201200
EASON,20101004,1.78,1.78,1.75,1.75,815400
EASON,20101005,1.79,1.79,1.76,1.76,1000
EASON,20101006,1.79,1.79,1.79,1.79,100
EASON,20101007,1.78,1.78,1.75,1.75,80000
EASON,20101011,1.76,1.76,1.74,1.75,18400
EASON,20101012,1.76,1.76,1.75,1.75,26800
EASON,20101013,1.75,1.76,1.75,1.75,76400
EASON,20101014,1.75,1.77,1.75,1.76,102900
EASON,20101015,1.76,1.84,1.76,1.8,896300
EASON,20101018,1.8,1.8,1.77,1.77,37600
EASON,20101019,1.78,1.85,1.78,1.81,574400
EASON,20101020,1.81,1.92,1.81,1.84,4303400
EASON,20101021,1.84,1.89,1.84,1.85,392100
EASON,20101022,1.85,1.88,1.84,1.85,364200
EASON,20101026,1.89,1.89,1.84,1.84,130400
EASON,20101027,1.84,1.89,1.82,1.86,667100
EASON,20101028,1.85,1.85,1.83,1.83,136000
EASON,20101029,1.83,1.86,1.83,1.83,266300
EASON,20101101,1.84,1.88,1.83,1.85,538400
EASON,20101102,1.85,1.87,1.83,1.85,206800
EASON,20101103,1.84,1.84,1.82,1.83,280100
EASON,20101104,1.82,1.83,1.82,1.82,52200
EASON,20101105,1.83,1.83,1.82,1.82,48300
EASON,20101108,1.83,1.83,1.82,1.82,26000
EASON,20101109,1.82,1.84,1.81,1.82,193500
EASON,20101110,1.83,1.85,1.82,1.82,111900
EASON,20101111,1.85,1.86,1.8,1.81,665300
EASON,20101112,1.81,1.81,1.76,1.78,403900
EASON,20101115,1.85,1.91,1.84,1.84,3354400
EASON,20101116,1.86,1.87,1.82,1.82,694300
EASON,20101117,1.81,1.85,1.8,1.81,488000
EASON,20101118,1.84,1.86,1.82,1.83,450300
EASON,20101119,1.83,1.86,1.83,1.85,637900
EASON,20101122,1.87,1.87,1.85,1.85,981600
EASON,20101123,1.87,1.87,1.85,1.85,179400
EASON,20101124,1.85,1.86,1.84,1.85,745800
EASON,20101125,1.87,1.87,1.83,1.83,391800
EASON,20101126,1.84,1.84,1.82,1.82,168300
EASON,20101129,1.82,1.84,1.81,1.82,86700
EASON,20101130,1.82,1.83,1.82,1.82,162200
EASON,20101201,1.83,1.85,1.83,1.85,159000
EASON,20101202,1.86,1.86,1.81,1.84,595200
EASON,20101203,1.84,1.86,1.84,1.84,360800
EASON,20101207,1.84,1.84,1.83,1.84,72100
EASON,20101208,1.83,1.84,1.83,1.84,219500
EASON,20101209,1.82,1.85,1.82,1.85,65300
EASON,20101213,1.84,1.84,1.83,1.83,163000
EASON,20101214,1.85,1.85,1.83,1.83,73300
EASON,20101215,1.83,1.83,1.83,1.83,240000
EASON,20101216,1.83,1.84,1.82,1.84,44400
EASON,20101217,1.84,1.84,1.84,1.84,97800
EASON,20101220,1.85,1.9,1.85,1.85,472300
EASON,20101221,1.86,1.86,1.85,1.86,77500
EASON,20101222,1.87,1.87,1.85,1.85,105700
EASON,20101223,1.85,1.86,1.84,1.85,284100
EASON,20101224,1.85,1.87,1.85,1.86,150600
EASON,20101227,1.86,1.86,1.86,1.86,125100
EASON,20101228,1.86,1.91,1.85,1.9,1618800
EASON,20101229,1.92,2.02,1.91,1.91,7745800
EASON,20101230,1.93,1.95,1.91,1.93,586100
EASON,20110104,1.93,1.95,1.92,1.93,293800
EASON,20110105,1.95,1.97,1.93,1.93,595100
EASON,20110106,1.95,1.95,1.93,1.93,699200
EASON,20110107,1.94,2,1.93,1.96,1986600
EASON,20110110,1.96,2,1.94,1.97,1156900
EASON,20110111,1.98,1.98,1.94,1.95,571300
EASON,20110112,1.97,1.97,1.95,1.97,121700
EASON,20110113,1.93,1.94,1.93,1.94,578900
EASON,20110114,1.95,1.97,1.94,1.94,475200
EASON,20110117,1.95,1.98,1.93,1.93,321100
EASON,20110118,1.93,1.95,1.93,1.95,280700
EASON,20110119,1.94,1.96,1.93,1.95,208100
EASON,20110120,1.96,1.96,1.91,1.91,322700
EASON,20110121,1.91,1.91,1.87,1.89,515500
EASON,20110124,1.9,1.91,1.86,1.86,340300
EASON,20110125,1.86,1.88,1.8,1.83,658600
EASON,20110126,1.85,1.88,1.84,1.88,351000
EASON,20110127,1.89,1.9,1.88,1.89,333200
EASON,20110128,1.93,1.93,1.89,1.91,278300
EASON,20110131,1.9,1.91,1.9,1.9,134100
EASON,20110201,1.95,1.95,1.9,1.9,30100
EASON,20110202,1.91,1.91,1.9,1.9,18000
EASON,20110203,1.88,1.93,1.88,1.89,698400
EASON,20110204,1.89,1.93,1.88,1.89,451400
EASON,20110207,1.9,1.9,1.89,1.89,11300
EASON,20110208,1.91,1.91,1.91,1.91,500
EASON,20110209,1.9,1.91,1.9,1.9,21800
EASON,20110210,1.89,1.91,1.86,1.91,105200
EASON,20110211,1.91,1.91,1.86,1.87,114700
EASON,20110214,1.9,1.9,1.88,1.9,66500
EASON,20110215,1.9,1.9,1.88,1.9,111100
EASON,20110216,1.9,1.9,1.9,1.9,13200
EASON,20110217,1.9,1.9,1.88,1.89,204400
EASON,20110221,1.89,1.91,1.89,1.9,748400
EASON,20110222,1.9,1.94,1.9,1.92,1335600
EASON,20110223,1.93,1.95,1.91,1.91,2175200
EASON,20110224,1.93,1.93,1.9,1.9,1002500
EASON,20110225,1.92,1.92,1.9,1.91,507800
EASON,20110228,1.92,1.92,1.9,1.91,282000
EASON,20110301,1.91,1.91,1.89,1.9,801300
EASON,20110302,1.91,1.91,1.9,1.9,800700
EASON,20110303,1.9,1.92,1.89,1.89,1455900
EASON,20110304,1.9,1.91,1.88,1.9,2097000
EASON,20110307,1.73,1.73,1.69,1.71,2210900
EASON,20110308,1.72,1.72,1.71,1.71,360800
EASON,20110309,1.72,1.73,1.72,1.73,1578100
EASON,20110310,1.72,1.74,1.71,1.72,559100
EASON,20110311,1.71,1.72,1.71,1.71,190400
EASON,20110314,1.72,1.72,1.7,1.7,355100
EASON,20110315,1.72,1.72,1.67,1.67,396100
EASON,20110316,1.65,1.69,1.65,1.67,116900
EASON,20110317,1.69,1.7,1.66,1.66,61900
EASON,20110318,1.68,1.69,1.67,1.69,183900
EASON,20110321,1.72,1.72,1.68,1.68,132400
EASON,20110322,1.7,1.7,1.67,1.67,85300
EASON,20110323,1.69,1.69,1.66,1.67,354900
EASON,20110324,1.69,1.69,1.66,1.67,186500
EASON,20110325,1.69,1.69,1.66,1.67,800000
EASON,20110328,1.69,1.69,1.66,1.67,193700
EASON,20110329,1.67,1.7,1.62,1.62,1930500
EASON,20110330,1.62,1.65,1.62,1.63,1878900
EASON,20110331,1.64,1.67,1.64,1.65,1199000
EASON,20110401,1.65,1.7,1.65,1.66,2324000
EASON,20110404,1.68,1.68,1.66,1.68,926200
EASON,20110405,1.68,1.68,1.67,1.67,655100
EASON,20110407,1.68,1.69,1.67,1.69,529400
EASON,20110408,1.68,1.72,1.68,1.69,2083800
EASON,20110411,1.69,1.7,1.69,1.7,606700
EASON,20110412,1.73,1.73,1.71,1.72,380800
EASON,20110418,1.73,1.73,1.71,1.71,451900
EASON,20110419,1.71,1.72,1.71,1.71,180300
EASON,20110420,1.71,1.71,1.7,1.71,239100
EASON,20110421,1.71,1.71,1.7,1.71,475000
EASON,20110422,1.71,1.71,1.69,1.69,381400
EASON,20110425,1.69,1.7,1.68,1.68,297700
EASON,20110426,1.68,1.69,1.68,1.68,757500
EASON,20110427,1.69,1.71,1.68,1.69,286300
EASON,20110428,1.69,1.7,1.68,1.69,98200
EASON,20110429,1.69,1.69,1.62,1.68,602000
EASON,20110503,1.68,1.68,1.65,1.65,1225800
EASON,20110504,1.66,1.67,1.66,1.66,439500
EASON,20110506,1.65,1.69,1.65,1.69,1954000
EASON,20110509,1.69,1.73,1.69,1.73,920000
EASON,20110510,1.71,1.71,1.69,1.7,503200
EASON,20110511,1.67,1.67,1.64,1.66,4370400
EASON,20110512,1.65,1.65,1.63,1.65,1471700
EASON,20110513,1.65,1.65,1.64,1.65,779700
EASON,20110518,1.65,1.65,1.62,1.63,765700
EASON,20110519,1.63,1.65,1.62,1.62,928200
EASON,20110520,1.62,1.63,1.61,1.62,1241400
EASON,20110523,1.61,1.64,1.61,1.62,1431400
EASON,20110524,1.62,1.62,1.6,1.61,555900
EASON,20110525,1.61,1.61,1.61,1.61,510700
EASON,20110526,1.61,1.62,1.61,1.61,361700
EASON,20110527,1.62,1.62,1.6,1.61,314900
EASON,20110530,1.61,1.64,1.6,1.62,822300
EASON,20110531,1.64,1.64,1.62,1.64,1107400
EASON,20110601,1.63,1.63,1.61,1.61,644700
EASON,20110602,1.61,1.62,1.61,1.61,157100
EASON,20110603,1.62,1.62,1.6,1.61,833000
EASON,20110606,1.61,1.62,1.61,1.61,410200
EASON,20110607,1.62,1.62,1.6,1.61,460600
EASON,20110608,1.61,1.61,1.58,1.59,1185700
EASON,20110609,1.59,1.59,1.56,1.58,357600
EASON,20110610,1.59,1.6,1.59,1.59,107000
EASON,20110613,1.59,1.62,1.57,1.62,701800
EASON,20110614,1.63,1.71,1.62,1.62,12146600
EASON,20110615,1.62,1.63,1.61,1.61,831500
EASON,20110616,1.61,1.62,1.61,1.61,110100
EASON,20110617,1.61,1.64,1.61,1.61,1288500
EASON,20110620,1.62,1.62,1.6,1.6,596400
EASON,20110621,1.62,1.64,1.61,1.61,1231100
EASON,20110622,1.62,1.63,1.61,1.63,683300
EASON,20110623,1.62,1.62,1.61,1.61,703800
EASON,20110624,1.63,1.63,1.61,1.61,35200
EASON,20110627,1.61,1.61,1.61,1.61,597300
EASON,20110628,1.61,1.62,1.61,1.61,532200
EASON,20110629,1.62,1.62,1.61,1.62,1118300
EASON,20110630,1.61,1.62,1.61,1.61,247000
EASON,20110704,1.63,1.64,1.62,1.63,406200
EASON,20110705,1.62,1.63,1.62,1.62,299700
EASON,20110706,1.63,1.63,1.62,1.63,727000
EASON,20110707,1.63,1.63,1.62,1.63,336300
EASON,20110708,1.62,1.63,1.62,1.62,652700
EASON,20110711,1.62,1.63,1.61,1.62,405600
EASON,20110712,1.62,1.62,1.6,1.61,627500
EASON,20110713,1.62,1.62,1.61,1.62,186900
EASON,20110714,1.62,1.63,1.62,1.63,46800
EASON,20110718,1.63,1.63,1.62,1.62,172000
EASON,20110719,1.63,1.63,1.62,1.62,179100
EASON,20110720,1.62,1.63,1.62,1.62,58100
EASON,20110721,1.63,1.64,1.63,1.63,607800
EASON,20110722,1.65,1.65,1.62,1.62,601900
EASON,20110725,1.63,1.64,1.62,1.62,201400
EASON,20110726,1.64,1.64,1.62,1.62,1405900
EASON,20110727,1.62,1.68,1.62,1.65,1102000
EASON,20110728,1.66,1.74,1.65,1.71,4033000
EASON,20110729,1.72,1.72,1.67,1.68,296700
EASON,20110801,1.72,1.72,1.67,1.68,460400
EASON,20110802,1.69,1.71,1.67,1.68,1177700
EASON,20110803,1.68,1.7,1.68,1.68,675200
EASON,20110804,1.69,1.77,1.68,1.69,8010300
EASON,20110805,1.66,1.72,1.6,1.62,2433800
EASON,20110808,1.62,1.65,1.61,1.64,518900
EASON,20110809,1.61,1.64,1.6,1.61,1470600
EASON,20110810,1.65,1.65,1.62,1.63,121100
EASON,20110811,1.63,1.72,1.6,1.61,3023200
EASON,20110815,1.63,1.64,1.62,1.62,259600
EASON,20110816,1.67,1.71,1.65,1.65,2563000
EASON,20110817,1.68,1.68,1.65,1.67,504100
EASON,20110818,1.66,1.7,1.66,1.68,1968300
EASON,20110819,1.68,1.68,1.66,1.66,399000
EASON,20110822,1.67,1.7,1.66,1.67,1536500
EASON,20110823,1.68,1.68,1.66,1.66,398000
EASON,20110824,1.67,1.67,1.63,1.64,212700
EASON,20110825,1.65,1.65,1.6,1.6,929000
EASON,20110826,1.61,1.63,1.6,1.61,613100
EASON,20110829,1.62,1.63,1.6,1.62,536800
EASON,20110830,1.63,1.65,1.61,1.61,195000
EASON,20110831,1.62,1.64,1.62,1.64,171000
EASON,20110901,1.64,1.64,1.63,1.64,466000
EASON,20110902,1.64,1.64,1.64,1.64,56500
EASON,20110905,1.64,1.64,1.63,1.63,160000
EASON,20110906,1.63,1.65,1.63,1.63,282000
EASON,20110907,1.64,1.66,1.64,1.65,116200
EASON,20110908,1.64,1.64,1.64,1.64,15300
EASON,20110909,1.67,1.67,1.64,1.64,224700
EASON,20110912,1.64,1.66,1.63,1.63,1623900
EASON,20110913,1.65,1.66,1.63,1.63,1536800
EASON,20110914,1.64,1.66,1.62,1.64,704900
EASON,20110915,1.63,1.65,1.63,1.63,232200
EASON,20110916,1.63,1.64,1.62,1.62,191900
EASON,20110919,1.63,1.64,1.62,1.62,34000
EASON,20110920,1.63,1.63,1.62,1.62,8800
EASON,20110921,1.64,1.64,1.62,1.62,440300
EASON,20110922,1.62,1.62,1.59,1.61,483200
EASON,20110923,1.6,1.6,1.57,1.58,277200
EASON,20110926,1.57,1.57,1.5,1.5,457900
EASON,20110927,1.5,1.55,1.5,1.54,322300
EASON,20110928,1.54,1.58,1.53,1.54,95700
EASON,20110929,1.54,1.58,1.54,1.55,420200
EASON,20110930,1.58,1.58,1.55,1.55,132400
EASON,20111003,1.55,1.58,1.55,1.57,17500
EASON,20111004,1.55,1.55,1.51,1.51,67500
EASON,20111005,1.54,1.57,1.54,1.57,314200
EASON,20111006,1.55,1.57,1.54,1.56,592600
EASON,20111007,1.57,1.57,1.56,1.56,299500
EASON,20111010,1.52,1.56,1.49,1.5,519400
EASON,20111011,1.52,1.52,1.5,1.5,103700
EASON,20111012,1.5,1.54,1.5,1.54,82900
EASON,20111013,1.53,1.53,1.49,1.49,986000
EASON,20111014,1.5,1.52,1.49,1.52,347600
EASON,20111017,1.55,1.56,1.52,1.54,120900
EASON,20111018,1.54,1.57,1.52,1.55,181600
EASON,20111019,1.54,1.55,1.54,1.55,10100
EASON,20111020,1.53,1.53,1.51,1.52,91500
EASON,20111021,1.51,1.51,1.5,1.5,40000
EASON,20111025,1.53,1.53,1.52,1.52,5100
EASON,20111026,1.51,1.51,1.5,1.5,125800
EASON,20111027,1.5,1.51,1.49,1.5,273500
EASON,20111028,1.51,1.51,1.5,1.5,42800
EASON,20111031,1.5,1.52,1.5,1.5,399700
EASON,20111101,1.5,1.5,1.5,1.5,182400
EASON,20111102,1.5,1.5,1.5,1.5,26100
EASON,20111103,1.5,1.53,1.5,1.5,213100
EASON,20111104,1.51,1.53,1.51,1.52,45800
EASON,20111107,1.55,1.55,1.52,1.54,60500
EASON,20111108,1.54,1.54,1.53,1.53,201800
EASON,20111109,1.54,1.56,1.54,1.55,135700
EASON,20111110,1.53,1.58,1.53,1.58,55900
EASON,20111111,1.59,1.62,1.59,1.6,383600
EASON,20111114,1.6,1.66,1.58,1.66,706100
EASON,20111115,1.66,1.68,1.63,1.63,719900
EASON,20111116,1.63,1.64,1.6,1.61,146500
EASON,20111117,1.6,1.6,1.59,1.59,131000
EASON,20111118,1.58,1.59,1.58,1.59,52000
EASON,20111121,1.6,1.62,1.59,1.6,217800
EASON,20111122,1.59,1.62,1.56,1.58,359000
EASON,20111123,1.58,1.61,1.58,1.61,132600
EASON,20111124,1.6,1.62,1.59,1.61,40100
EASON,20111125,1.62,1.62,1.6,1.61,105400
EASON,20111128,1.6,1.6,1.6,1.6,11500
EASON,20111129,1.6,1.62,1.6,1.61,228100
EASON,20111130,1.61,1.62,1.61,1.62,44000
EASON,20111201,1.64,1.64,1.63,1.63,113600
EASON,20111202,1.63,1.64,1.61,1.64,63200
EASON,20111206,1.64,1.65,1.63,1.64,61600
EASON,20111207,1.65,1.66,1.65,1.65,224000
EASON,20111208,1.65,1.68,1.65,1.67,155400
EASON,20111209,1.65,1.68,1.65,1.67,92100
EASON,20111213,1.65,1.67,1.65,1.65,95500
EASON,20111214,1.66,1.66,1.65,1.65,66600
EASON,20111215,1.64,1.65,1.64,1.64,47900
EASON,20111216,1.65,1.65,1.63,1.63,146900
EASON,20111219,1.65,1.66,1.64,1.64,67800
EASON,20111220,1.64,1.7,1.64,1.65,858600
EASON,20111221,1.66,1.69,1.66,1.66,477800
EASON,20111222,1.66,1.69,1.66,1.66,616300
EASON,20111223,1.66,1.69,1.66,1.67,76000
EASON,20111226,1.68,1.68,1.62,1.67,76500
EASON,20111227,1.68,1.68,1.67,1.67,1200
EASON,20111228,1.67,1.68,1.67,1.68,200
EASON,20111229,1.68,1.68,1.65,1.67,74700
EASON,20111230,1.67,1.7,1.62,1.63,785000
EASON,20120104,1.63,1.68,1.63,1.64,208300
EASON,20120105,1.67,1.67,1.63,1.64,208100
EASON,20120106,1.66,1.68,1.66,1.68,64900
EASON,20120109,1.67,1.69,1.67,1.69,81300
EASON,20120110,1.69,1.69,1.66,1.66,204200
EASON,20120111,1.69,1.7,1.67,1.68,305500
EASON,20120112,1.68,1.68,1.68,1.68,179500
EASON,20120113,1.69,1.69,1.67,1.69,333000
EASON,20120116,1.67,1.68,1.66,1.67,242700
EASON,20120117,1.68,1.73,1.67,1.69,2156700
EASON,20120118,1.72,1.73,1.68,1.68,1077400
EASON,20120119,1.7,1.73,1.7,1.7,2431700
EASON,20120120,1.71,1.75,1.69,1.69,3629200
EASON,20120123,1.7,1.7,1.68,1.7,1214100
EASON,20120124,1.69,1.71,1.69,1.7,87000
EASON,20120125,1.69,1.7,1.68,1.69,219700
EASON,20120126,1.7,1.7,1.69,1.7,43100
EASON,20120127,1.7,1.73,1.7,1.71,654300
EASON,20120130,1.72,1.73,1.71,1.71,253400
EASON,20120131,1.72,1.73,1.71,1.73,373700
EASON,20120201,1.72,1.73,1.72,1.72,256100
EASON,20120202,1.73,1.75,1.73,1.74,1519900
EASON,20120203,1.74,1.76,1.74,1.74,1453500
EASON,20120206,1.75,1.76,1.74,1.74,285500
EASON,20120207,1.74,1.75,1.74,1.74,349400
EASON,20120208,1.74,1.75,1.74,1.74,378200
EASON,20120209,1.75,1.76,1.75,1.76,409500
EASON,20120210,1.75,1.75,1.74,1.75,367500
EASON,20120213,1.76,1.79,1.76,1.79,695900
EASON,20120214,1.79,1.8,1.76,1.79,849700
EASON,20120215,1.79,1.79,1.78,1.78,290000
EASON,20120216,1.78,1.79,1.78,1.79,132400
EASON,20120217,1.79,1.8,1.78,1.8,298000
EASON,20120220,1.79,1.8,1.79,1.79,266600
EASON,20120221,1.79,1.81,1.78,1.79,818500
EASON,20120222,1.79,1.8,1.79,1.8,1258100
EASON,20120223,1.8,1.81,1.79,1.8,629400
EASON,20120224,1.81,1.81,1.8,1.8,372500
EASON,20120227,1.79,1.8,1.78,1.8,922500
EASON,20120228,1.82,1.82,1.78,1.78,3956200
EASON,20120229,1.79,1.81,1.79,1.8,1563000
EASON,20120301,1.81,1.85,1.81,1.84,2989900
EASON,20120302,1.85,1.85,1.83,1.84,1681700
EASON,20120305,1.85,1.85,1.84,1.85,1206400
EASON,20120306,1.85,1.85,1.83,1.84,1229400
EASON,20120308,1.84,1.84,1.8,1.84,5277200
EASON,20120309,1.68,1.69,1.66,1.66,6114800
EASON,20120312,1.66,1.67,1.63,1.63,2214800
EASON,20120313,1.64,1.65,1.63,1.64,649400
EASON,20120314,1.65,1.66,1.65,1.66,435000
EASON,20120315,1.66,1.67,1.65,1.66,565600
EASON,20120316,1.67,1.67,1.66,1.66,450400
EASON,20120319,1.66,1.68,1.65,1.66,1412100
EASON,20120320,1.66,1.68,1.65,1.65,808900
EASON,20120321,1.65,1.67,1.65,1.67,758100
EASON,20120322,1.67,1.68,1.66,1.66,1703900
EASON,20120323,1.67,1.68,1.66,1.68,307300
EASON,20120326,1.67,1.76,1.67,1.76,3048600
EASON,20120327,1.76,1.76,1.74,1.75,980900
EASON,20120328,1.75,1.79,1.75,1.77,1648200
EASON,20120329,1.76,1.83,1.76,1.81,3753600
EASON,20120330,1.81,1.83,1.79,1.8,1043200
EASON,20120402,1.81,1.81,1.78,1.79,533600
EASON,20120403,1.8,1.88,1.8,1.87,2942500
EASON,20120404,1.87,1.87,1.84,1.85,1293700
EASON,20120405,1.83,1.88,1.83,1.84,671100
EASON,20120410,1.83,1.84,1.81,1.82,431100
EASON,20120411,1.82,1.82,1.81,1.81,276200
EASON,20120412,1.81,1.82,1.81,1.82,397000
EASON,20120417,1.82,1.83,1.81,1.81,252300
EASON,20120418,1.81,1.82,1.8,1.8,226300
EASON,20120419,1.82,1.83,1.8,1.8,266300
EASON,20120420,1.81,1.83,1.81,1.82,1245600
EASON,20120423,1.82,1.83,1.82,1.82,215300
EASON,20120424,1.82,1.82,1.78,1.8,1859000
EASON,20120425,1.8,1.81,1.8,1.81,165500
EASON,20120426,1.81,1.81,1.8,1.8,426400
EASON,20120427,1.82,1.82,1.8,1.81,515700
EASON,20120430,1.82,1.82,1.81,1.81,153700
EASON,20120502,1.81,1.82,1.81,1.82,465400
EASON,20120503,1.82,1.89,1.82,1.85,2634200
EASON,20120504,1.86,1.89,1.85,1.87,1999500
EASON,20120508,1.87,1.88,1.86,1.88,260400
EASON,20120509,1.87,1.87,1.86,1.87,112000
EASON,20120510,1.87,1.87,1.83,1.86,739500
EASON,20120511,1.83,1.84,1.83,1.84,567400
EASON,20120514,1.95,1.95,1.86,1.87,3259100
EASON,20120515,1.89,1.89,1.86,1.88,507800
EASON,20120516,1.88,1.91,1.88,1.91,1132800
EASON,20120517,1.93,2.04,1.9,2.02,5808900
EASON,20120518,1.98,2.22,1.97,2.14,6621100
EASON,20120521,2.12,2.14,2.02,2.02,1272300
EASON,20120522,2.04,2.1,2,2,2068900
EASON,20120523,2,2.14,2,2.06,9200000
EASON,20120524,2.08,2.1,2.02,2.04,3111000
EASON,20120525,2.08,2.24,2.06,2.16,7009600
EASON,20120528,2.22,2.52,2.2,2.44,19918100
EASON,20120529,2.46,2.46,2.36,2.36,7953000
EASON,20120530,2.38,2.38,2.2,2.24,4041400
EASON,20120531,2.22,2.28,2.2,2.28,2220400
EASON,20120601,2.28,2.28,2.12,2.18,2251700
EASON,20120605,2.16,2.16,2.04,2.08,1401000
EASON,20120606,2.08,2.14,2.08,2.14,231300
EASON,20120607,2.2,2.2,2.02,2.06,1456600
EASON,20120608,2.02,2.1,2.02,2.1,491600
EASON,20120611,2.12,2.14,2.1,2.12,604600
EASON,20120612,2.1,2.16,2.1,2.1,850900
EASON,20120613,2.12,2.16,2.1,2.14,878300
EASON,20120614,2.14,2.24,2.14,2.18,2707400
EASON,20120615,2.26,2.26,2.18,2.18,2538500
EASON,20120618,2.18,2.24,2.18,2.2,1637500
EASON,20120619,2.26,2.32,2.24,2.24,4384400
EASON,20120620,2.24,2.28,2.24,2.28,1528900
EASON,20120621,2.32,2.32,2.26,2.3,1325300
EASON,20120622,2.28,2.44,2.26,2.38,8583200
EASON,20120625,2.42,2.44,2.3,2.3,3019900
EASON,20120626,2.32,2.54,2.3,2.38,16990600
EASON,20120627,2.4,2.48,2.4,2.46,4129800
EASON,20120628,2.58,2.66,2.52,2.54,10665600
EASON,20120629,2.56,2.6,2.52,2.54,2253000
EASON,20120702,2.56,2.56,2.46,2.5,1901200
EASON,20120703,2.52,2.52,2.4,2.44,1703700
EASON,20120704,2.42,2.46,2.3,2.32,3119100
EASON,20120705,2.34,2.38,2.34,2.36,1000500
EASON,20120706,2.36,2.4,2.34,2.4,628200
EASON,20120709,2.4,2.56,2.38,2.52,4581800
EASON,20120710,2.58,2.64,2.54,2.54,6727900
EASON,20120711,2.62,2.62,2.54,2.54,1920000
EASON,20120712,2.56,2.56,2.44,2.46,2681300
EASON,20120713,2.48,2.52,2.44,2.52,868800
EASON,20120716,2.54,2.56,2.48,2.5,588400
EASON,20120717,2.54,2.54,2.48,2.48,1024200
EASON,20120718,2.5,2.62,2.5,2.62,4184700
EASON,20120719,2.66,2.66,2.54,2.54,6898700
EASON,20120720,2.56,2.62,2.54,2.58,2073300
EASON,20120723,2.52,2.58,2.52,2.52,1140500
EASON,20120724,2.54,2.56,2.5,2.5,933100
EASON,20120725,2.52,2.58,2.42,2.56,3902600
EASON,20120726,2.52,2.54,2.46,2.48,1980800
EASON,20120727,2.52,2.54,2.42,2.44,1247200
EASON,20120730,2.44,2.48,2.44,2.46,452100
EASON,20120731,2.5,2.5,2.46,2.48,214700
EASON,20120801,2.5,2.52,2.48,2.5,1014700
EASON,20120803,2.52,2.52,2.48,2.5,512500
EASON,20120806,2.52,2.52,2.48,2.5,443200
EASON,20120807,2.52,2.52,2.48,2.5,665500
EASON,20120808,2.5,2.5,2.48,2.48,715500
EASON,20120809,2.5,2.52,2.46,2.46,1007000
EASON,20120810,2.46,2.46,2.44,2.44,737300
EASON,20120814,2.54,2.58,2.48,2.5,4901100
EASON,20120815,2.52,2.52,2.5,2.5,716300
EASON,20120816,2.5,2.74,2.5,2.74,16960600
EASON,20120817,2.78,2.78,2.66,2.72,10952000
EASON,20120820,2.76,2.76,2.7,2.7,1219800
EASON,20120821,2.7,2.78,2.7,2.76,2617500
EASON,20120822,2.74,2.86,2.72,2.84,10920100
EASON,20120823,2.9,2.9,2.82,2.82,3130000
EASON,20120824,2.8,2.82,2.76,2.78,1030700
EASON,20120827,2.8,2.82,2.7,2.7,1832000
EASON,20120828,2.7,2.78,2.7,2.76,987600
EASON,20120829,2.76,2.82,2.76,2.82,2775500
EASON,20120830,2.88,2.94,2.84,2.86,8245200
EASON,20120831,2.88,2.88,2.78,2.84,933200
EASON,20120903,2.84,2.86,2.82,2.82,549500
EASON,20120904,2.8,2.9,2.8,2.86,1426600
EASON,20120905,2.88,2.94,2.86,2.9,2496400
EASON,20120906,2.94,3.04,2.94,3,7101100
EASON,20120907,3.06,3.28,3.04,3.22,12785300
EASON,20120910,3.22,3.22,3.06,3.14,4189300
EASON,20120911,3.12,3.2,3.08,3.1,2613500
EASON,20120912,3.12,3.24,3.12,3.2,9022500
EASON,20120913,3.16,3.2,3.14,3.2,3476900
EASON,20120914,3.2,3.22,3.14,3.16,2758800
EASON,20120917,3.18,3.18,3.1,3.12,1959700
EASON,20120918,3.12,3.14,3.12,3.12,1237800
EASON,20120919,3.12,3.18,3.12,3.14,734000
EASON,20120920,3.14,3.24,3.12,3.2,8466700
EASON,20120921,3.24,3.24,3.18,3.18,2703400
EASON,20120924,3.22,3.24,3.16,3.18,2563200
EASON,20120925,3.18,3.2,3.14,3.14,1430600
EASON,20120926,3.14,3.18,3.04,3.08,2813100
EASON,20120927,3.08,3.14,3.08,3.1,730300
EASON,20120928,3.12,3.14,3.1,3.12,826000
EASON,20121001,3.1,3.14,3.1,3.12,429400
EASON,20121002,3.12,3.14,3.1,3.1,807100
EASON,20121003,3.1,3.18,3.1,3.12,1458200
EASON,20121004,3.14,3.16,3.12,3.14,550100
EASON,20121005,3.16,3.16,3.12,3.12,858400
EASON,20121008,3.14,3.16,3.12,3.12,541700
EASON,20121009,3.14,3.16,3.08,3.08,1115300
EASON,20121010,3.08,3.1,3.08,3.08,978200
EASON,20121011,3.1,3.24,3.08,3.18,5610900
EASON,20121012,3.2,3.22,3.1,3.1,1825000
EASON,20121015,3.1,3.1,3.08,3.08,692800
EASON,20121016,3.1,3.14,3.08,3.08,481800
EASON,20121017,3.1,3.1,3.04,3.06,789000
EASON,20121018,3.06,3.18,3.06,3.08,1943700
EASON,20121019,3.1,3.14,3.08,3.08,996000
EASON,20121022,3.08,3.12,3.08,3.08,1256500
EASON,20121024,3.08,3.12,3.08,3.08,574800
EASON,20121025,3.08,3.1,3.06,3.08,307100
EASON,20121026,3.08,3.1,3.04,3.06,582500
EASON,20121029,3.08,3.08,3.04,3.04,460400
EASON,20121030,3.04,3.12,3.04,3.08,1109800
EASON,20121031,3.08,3.08,3.08,3.08,139100
EASON,20121101,3.08,3.14,3.08,3.08,814700
EASON,20121102,3.12,3.24,3.1,3.24,5936700
EASON,20121105,3.22,3.24,3.14,3.14,2810300
EASON,20121106,3.14,3.2,3.12,3.12,911000
EASON,20121107,3.12,3.16,3.12,3.16,436800
EASON,20121108,3.14,3.14,3.12,3.12,474300
EASON,20121109,3.1,3.12,3.1,3.1,638100
EASON,20121112,3.12,3.14,3.12,3.12,336100
EASON,20121113,3.12,3.14,3.04,3.08,3552300
EASON,20121114,3.08,3.1,3.04,3.04,1146300
EASON,20121115,3,3,2.86,2.94,2112400
EASON,20121116,2.94,3,2.92,2.94,780300
EASON,20121119,2.94,2.96,2.94,2.96,175600
EASON,20121120,2.96,2.98,2.94,2.94,329000
EASON,20121121,2.96,2.96,2.92,2.92,443100
EASON,20121122,2.92,3.02,2.92,2.94,1490700
EASON,20121123,2.94,2.94,2.9,2.92,669800
EASON,20121126,2.94,2.98,2.94,2.96,147000
EASON,20121127,2.96,3,2.94,2.94,631600
EASON,20121128,2.96,3,2.96,2.96,488900
EASON,20121129,3.02,3.02,2.96,3,448200
EASON,20121130,3,3,2.98,2.98,352100
EASON,20121203,3.02,3.04,3,3.02,297500
EASON,20121204,3.04,3.08,3.04,3.08,769100
EASON,20121206,3.06,3.12,3.06,3.12,447200
EASON,20121207,3.12,3.12,3.08,3.08,393100
EASON,20121211,3.08,3.1,3.08,3.1,405300
EASON,20121212,3.1,3.2,3.08,3.16,5313700
EASON,20121213,3.14,3.16,3.12,3.14,2197600
EASON,20121214,3.2,3.2,3.16,3.16,2414800
EASON,20121217,3.2,3.22,3.18,3.18,855800
EASON,20121218,3.2,3.22,3.14,3.16,612800
EASON,20121219,3.18,3.18,3.14,3.14,905200
EASON,20121220,3.14,3.18,3.14,3.14,768500
EASON,20121221,3.14,3.24,3.12,3.18,2590400
EASON,20121224,3.2,3.2,3.16,3.18,301400
EASON,20121225,3.2,3.2,3.16,3.18,216000
EASON,20121226,3.2,3.2,3.16,3.18,523400
EASON,20121227,3.2,3.2,3.14,3.14,980000
EASON,20121228,3.16,3.18,3.14,3.16,363400
EASON,20130102,3.16,3.18,3.12,3.18,230300
EASON,20130103,3.16,3.18,3.08,3.12,1251800
EASON,20130104,3.16,3.16,3.1,3.12,511400
EASON,20130107,3.12,3.16,3.12,3.14,620600
EASON,20130108,3.16,3.2,3.14,3.2,919800
EASON,20130109,3.2,3.22,3.18,3.18,1277100
EASON,20130110,3.22,3.22,3.14,3.18,1206900
EASON,20130111,3.18,3.2,3.14,3.18,642000
EASON,20130114,3.18,3.2,3.18,3.2,498100
EASON,20130115,3.24,3.26,3.22,3.24,2338500
EASON,20130116,3.28,3.38,3.24,3.36,2002600
EASON,20130117,3.4,3.42,3.3,3.36,2940500
EASON,20130118,3.36,3.36,3.28,3.3,1092600
EASON,20130121,3.3,3.36,3.26,3.32,888600
EASON,20130122,3.32,3.34,3.24,3.24,537000
EASON,20130123,3.24,3.3,3.2,3.24,1250400
EASON,20130124,3.28,3.3,3.2,3.24,572000
EASON,20130125,3.28,3.3,3.26,3.28,769200
EASON,20130128,3.32,3.32,3.28,3.28,499600
EASON,20130129,3.28,3.32,3.28,3.3,1077600
EASON,20130130,3.3,3.32,3.28,3.28,709400
EASON,20130131,3.28,3.28,3.22,3.24,1093900
EASON,20130201,3.22,3.28,3.22,3.26,619600
EASON,20130204,3.24,3.26,3.24,3.26,376500
EASON,20130205,3.26,3.3,3.26,3.28,744700
EASON,20130206,3.3,3.32,3.28,3.3,534600
EASON,20130207,3.3,3.32,3.28,3.3,536100
EASON,20130208,3.32,3.34,3.32,3.32,701800
EASON,20130211,3.34,3.36,3.3,3.34,574600
EASON,20130212,3.36,3.36,3.28,3.3,1325000
EASON,20130213,3.32,3.32,3.28,3.3,987200
EASON,20130214,3.3,3.42,3.28,3.42,5355700
EASON,20130215,3.5,4,3.48,3.82,16485600
EASON,20130218,3.92,3.98,3.76,3.78,5184400
EASON,20130219,3.78,3.82,3.72,3.78,2256200
EASON,20130220,3.78,3.88,3.78,3.84,2116400
EASON,20130221,3.9,3.92,3.84,3.88,2561300
EASON,20130222,3.9,4.18,3.88,4.12,7054200
EASON,20130226,4.32,4.34,4.2,4.3,13534600
EASON,20130227,4.46,4.46,4.12,4.3,3502600
EASON,20130228,4.32,4.32,4.24,4.28,1546100
EASON,20130301,4.3,4.36,4.3,4.3,1297700
EASON,20130304,4.34,4.4,4.34,4.4,1442200
EASON,20130305,4.4,4.42,4.36,4.36,1139600
EASON,20130306,4.4,4.5,4.36,4.42,1693900
EASON,20130307,4.42,4.46,4.34,4.4,3422900
EASON,20130308,4.18,4.32,4.16,4.3,2680900
EASON,20130311,4.26,4.3,4.2,4.22,1029900
EASON,20130312,4.2,4.28,4.12,4.18,1602000
EASON,20130313,4.18,4.28,4.18,4.22,1795900
EASON,20130314,4.24,4.26,4.16,4.26,1243200
EASON,20130315,4.28,4.32,4.22,4.22,1598700
EASON,20130318,4.24,4.24,4.14,4.18,747900
EASON,20130319,4.2,4.28,4.16,4.18,1458100
EASON,20130320,4.18,4.18,3.96,4.1,2174900
EASON,20130321,4.08,4.14,4,4.1,1411300
EASON,20130322,4.06,4.1,3.94,3.98,2793100
EASON,20130325,4,4.08,4,4.06,221600
EASON,20130326,4.04,4.28,4.04,4.18,2388000
EASON,20130327,4.24,4.24,4.18,4.18,1690400
EASON,20130328,4.18,4.18,4.12,4.14,469400
EASON,20130329,4.12,4.2,4.1,4.16,167000
EASON,20130401,4.22,4.22,4.16,4.2,876000
EASON,20130402,4.2,4.26,4.18,4.18,1123700
EASON,20130403,4.2,4.2,4.16,4.16,1008700
EASON,20130404,4.08,4.24,4.02,4.22,804800
EASON,20130405,4.2,4.24,4.14,4.16,775800
EASON,20130409,4.18,4.22,4.08,4.16,660100
EASON,20130410,4.2,4.3,4.2,4.24,592600
EASON,20130411,4.3,4.3,4.24,4.24,174400
EASON,20130412,4.24,4.3,4.22,4.3,360500
EASON,20130417,4.28,4.28,4.24,4.26,318300
EASON,20130418,4.3,4.34,4.24,4.26,1490700
EASON,20130419,4.28,4.28,4.24,4.24,214800
EASON,20130422,4.24,4.28,4.22,4.26,237200
EASON,20130423,4.26,4.26,4.24,4.24,275100
EASON,20130424,4.26,4.3,4.24,4.28,631700
EASON,20130425,4.26,4.28,4.24,4.24,671200
EASON,20130426,4.24,4.26,4.24,4.24,307400
EASON,20130429,4.24,4.46,4.24,4.36,830500
EASON,20130430,4.46,4.46,4.36,4.4,298300
EASON,20130502,4.46,4.46,4.36,4.36,215500
EASON,20130503,4.46,5,4.46,4.66,4606500
EASON,20130507,4.9,6,4.76,5.75,8966200
EASON,20130508,5.55,5.75,5.4,5.65,1856300
EASON,20130509,5.8,5.9,5.6,5.8,1565400
EASON,20130510,5.8,5.85,5.45,5.55,795500
EASON,20130513,5.7,5.7,5,5.15,726100
EASON,20130514,5.15,5.15,4.58,4.62,3674000
EASON,20130515,4.58,4.62,4.46,4.6,1158800
EASON,20130516,4.58,4.58,4.36,4.42,1775800
EASON,20130517,4.4,4.4,4.3,4.36,2726100
EASON,20130520,4.36,4.38,4.3,4.36,907000
EASON,20130521,4.34,4.38,4.3,4.34,684600
EASON,20130522,4.38,4.5,4.32,4.36,2697300
EASON,20130523,4.3,4.34,4.22,4.24,1318200
EASON,20130527,4.2,4.2,4.16,4.18,405300
EASON,20130528,4.18,4.28,4.18,4.18,551000
EASON,20130529,4.2,4.26,4.16,4.2,1002000
EASON,20130530,4.2,4.22,4.1,4.16,1183600
EASON,20130531,4.24,4.24,4.1,4.18,309300
EASON,20130603,4.18,4.22,4.08,4.1,1054400
EASON,20130604,4.12,4.18,4.12,4.14,932600
EASON,20130605,4.18,4.2,4.16,4.16,925700
EASON,20130606,4.18,4.18,4,4.02,1346700
EASON,20130607,4.02,4.22,4.02,4.22,578000
EASON,20130610,4.22,4.24,4.16,4.18,374700
EASON,20130611,4.2,4.2,3.96,3.98,1078700
EASON,20130612,3.98,4,3.9,3.92,202100
EASON,20130613,3.86,3.86,3.68,3.84,757200
EASON,20130614,4,4,3.94,3.98,204400
EASON,20130617,4,4,3.9,3.96,39700
EASON,20130618,4.1,4.1,3.88,3.9,79600
EASON,20130619,3.9,3.96,3.88,3.9,160700
EASON,20130620,3.88,3.88,3.8,3.8,174500
EASON,20130621,3.5,3.68,3.48,3.6,351900
EASON,20130624,3.68,3.7,3.52,3.66,388000
EASON,20130625,3.66,3.66,3.6,3.62,44900
EASON,20130626,3.62,3.64,3.56,3.56,220700
EASON,20130627,3.6,3.64,3.58,3.6,136200
EASON,20130628,3.64,3.7,3.6,3.64,282900
EASON,20130702,3.66,3.66,3.6,3.64,291900
EASON,20130703,3.64,3.64,3.6,3.6,65000
EASON,20130704,3.66,4,3.56,3.6,134900
EASON,20130705,3.64,3.64,3.54,3.6,147300
EASON,20130708,3.6,3.6,3.5,3.5,149400
EASON,20130709,3.52,3.54,3.5,3.5,101000
EASON,20130710,3.5,3.5,3.38,3.38,561700
EASON,20130711,3.38,3.5,3.34,3.4,261800
EASON,20130712,3.4,3.52,3.38,3.4,287800
EASON,20130715,3.42,3.44,3.4,3.44,379700
EASON,20130716,3.44,3.44,3.4,3.4,404200
EASON,20130717,3.42,3.42,3.38,3.42,175500
EASON,20130718,3.42,3.44,3.4,3.42,276500
EASON,20130719,3.42,3.48,3.42,3.48,513600
EASON,20130723,3.52,3.54,3.5,3.54,313000
EASON,20130724,3.5,3.56,3.48,3.56,212600
EASON,20130725,3.54,3.54,3.44,3.44,714400
EASON,20130726,3.42,3.44,3.42,3.44,146700
EASON,20130729,3.44,3.44,3.42,3.44,160500
EASON,20130730,3.48,3.52,3.46,3.46,220000
EASON,20130731,3.46,3.46,3.4,3.4,110100
EASON,20130801,3.38,3.48,3.38,3.46,74000
EASON,20130802,3.46,3.46,3.32,3.36,214900
EASON,20130805,3.38,3.4,3.36,3.4,36800
EASON,20130806,3.42,3.46,3.4,3.42,55000
EASON,20130807,3.5,3.5,3.38,3.44,36800
EASON,20130808,3.4,3.46,3.4,3.44,63800
EASON,20130809,3.42,3.5,3.42,3.44,34300
EASON,20130813,3.5,3.6,3.46,3.6,142700
EASON,20130814,3.58,3.58,3.48,3.52,107400
EASON,20130815,3.5,3.52,3.48,3.5,78900
EASON,20130816,3.5,3.56,3.48,3.56,135800
EASON,20130819,3.52,3.54,3.46,3.54,230000
EASON,20130820,3.5,3.5,3.42,3.48,288200
EASON,20130821,3.48,3.48,3.42,3.42,145300
EASON,20130822,3.4,3.4,3.24,3.4,703000
EASON,20130823,3.46,3.46,3.36,3.42,161900
EASON,20130826,3.44,3.44,3.38,3.42,173000
EASON,20130827,3.4,3.42,3.28,3.38,240700
EASON,20130828,3.4,3.4,3.28,3.36,195200
EASON,20130829,3.36,3.38,3.34,3.36,21100
EASON,20130830,3.4,3.4,3.34,3.38,31200
EASON,20130902,3.4,3.4,3.34,3.38,147700
EASON,20130903,3.34,3.38,3.34,3.34,53700
EASON,20130904,3.34,3.38,3.34,3.36,17500
EASON,20130905,3.36,3.42,3.34,3.36,64500
EASON,20130906,3.36,3.38,3.34,3.38,53700
EASON,20130909,3.38,3.42,3.38,3.38,76800
EASON,20130910,3.4,3.44,3.38,3.4,564700
EASON,20130911,3.46,3.46,3.38,3.4,123500
EASON,20130912,3.4,3.44,3.4,3.44,74600
EASON,20130913,3.4,3.48,3.38,3.44,92000
EASON,20130916,3.44,3.44,3.4,3.42,144400
EASON,20130917,3.42,3.5,3.42,3.5,179800
EASON,20130918,3.58,3.58,3.46,3.52,71900
EASON,20130919,4,4,3.58,3.72,235900
EASON,20130920,3.8,3.8,3.66,3.68,146900
EASON,20130923,3.8,3.8,3.62,3.66,115500
EASON,20130924,3.6,3.64,3.6,3.64,109200
EASON,20130925,3.62,3.62,3.62,3.62,3000
EASON,20130926,3.6,3.62,3.6,3.62,15600
EASON,20130927,3.64,3.66,3.62,3.62,11400
EASON,20130930,3.6,3.6,3.48,3.5,90000
EASON,20131001,3.5,3.52,3.48,3.5,72400
EASON,20131002,3.5,3.52,3.5,3.5,56300
EASON,20131003,3.5,3.54,3.48,3.48,58000
EASON,20131004,3.5,3.5,3.46,3.5,134100
EASON,20131007,3.5,3.5,3.4,3.48,67100
EASON,20131008,3.52,3.52,3.46,3.48,33900
EASON,20131009,3.5,3.5,3.48,3.48,41400
EASON,20131010,3.5,3.5,3.46,3.5,51500
EASON,20131011,3.5,3.5,3.48,3.5,114000
EASON,20131014,3.54,3.54,3.48,3.54,31800
EASON,20131015,3.48,3.64,3.48,3.6,192500
EASON,20131016,3.64,3.64,3.6,3.62,103000
EASON,20131017,3.66,3.66,3.58,3.6,74500
EASON,20131018,3.6,3.62,3.56,3.62,63100
EASON,20131021,3.64,3.64,3.54,3.6,60400
EASON,20131022,3.62,3.62,3.56,3.6,7000
EASON,20131024,3.6,3.62,3.56,3.58,72000
EASON,20131025,3.56,3.62,3.56,3.62,61500
EASON,20131028,3.62,3.62,3.58,3.6,141300
EASON,20131029,3.58,3.58,3.56,3.56,103200
EASON,20131030,3.56,3.56,3.5,3.56,141900
EASON,20131031,3.6,3.6,3.56,3.56,51000
EASON,20131101,3.52,3.58,3.52,3.56,24700
EASON,20131104,3.52,3.56,3.5,3.5,51200
EASON,20131105,3.5,3.56,3.5,3.56,4700
EASON,20131106,3.56,3.56,3.54,3.56,67300
EASON,20131107,3.54,3.58,3.54,3.58,40400
EASON,20131108,3.58,3.58,3.56,3.58,117100
EASON,20131111,3.58,3.58,3.54,3.56,44500
EASON,20131112,3.6,3.6,3.54,3.56,87900
EASON,20131113,3.6,3.62,3.6,3.62,15500
EASON,20131114,3.64,3.64,3.52,3.64,52400
EASON,20131115,3.6,3.66,3.6,3.66,8500
EASON,20131118,3.74,3.74,3.6,3.62,12000
EASON,20131119,3.62,3.64,3.54,3.64,3100
EASON,20131120,3.6,3.6,3.6,3.6,3200
EASON,20131121,3.52,3.6,3.4,3.6,98700
EASON,20131122,3.54,3.6,3.48,3.6,221400
EASON,20131125,3.5,3.56,3.48,3.5,271100
EASON,20131126,3.54,3.58,3.5,3.5,81500
EASON,20131127,3.42,3.56,3.42,3.56,99300
EASON,20131128,3.52,3.56,3.5,3.56,173000
EASON,20131129,3.56,3.56,3.56,3.56,4100
EASON,20131202,3.54,3.58,3.54,3.56,5000
EASON,20131203,3.6,3.6,3.6,3.6,100
EASON,20131204,3.54,3.6,3.54,3.6,40400
EASON,20131206,3.7,3.7,3.54,3.56,58100
EASON,20131209,3.56,3.56,3.56,3.56,200
EASON,20131211,3.46,3.58,3.46,3.58,61800
EASON,20131212,3.56,3.56,3.5,3.56,57000
EASON,20131213,3.58,3.58,3.46,3.56,40000
EASON,20131216,3.56,3.56,3.34,3.54,85900
EASON,20131217,3.44,3.56,3.44,3.56,66500
EASON,20131218,3.5,3.52,3.5,3.52,200
EASON,20131219,3.5,3.56,3.48,3.56,3100
EASON,20131220,3.48,3.48,3.44,3.44,35000
EASON,20131223,3.38,3.42,3.38,3.38,98000
EASON,20131224,3.36,3.4,3.3,3.4,114500
EASON,20131225,3.46,3.48,3.42,3.44,1700
EASON,20131226,3.46,3.46,3.38,3.38,51300
EASON,20131227,3.38,3.42,3.32,3.42,81400
EASON,20140102,3.4,3.4,3.34,3.34,77000
EASON,20140103,3.3,3.38,3.28,3.38,65200
EASON,20140106,3.42,3.44,3.26,3.26,87500
EASON,20140107,3.26,3.44,3.26,3.42,10600
EASON,20140108,3.4,3.42,3.4,3.4,1600
EASON,20140109,3.4,3.4,3.32,3.34,68100
EASON,20140110,3.34,3.36,3.3,3.36,40600
EASON,20140113,3.4,3.4,3.38,3.38,3100
EASON,20140114,3.38,3.42,3.38,3.42,2900
EASON,20140115,3.42,3.72,3.4,3.68,12400
EASON,20140116,3.34,3.66,3.34,3.62,27900
EASON,20140117,3.48,3.6,3.46,3.56,49200
EASON,20140120,3.72,3.72,3.6,3.6,58000
EASON,20140121,3.6,3.6,3.5,3.52,37600
EASON,20140122,3.5,3.52,3.48,3.52,59800
EASON,20140123,3.52,3.52,3.52,3.52,24800
EASON,20140124,3.56,3.7,3.54,3.54,6100
EASON,20140127,3.54,3.58,3.54,3.54,1800
EASON,20140128,3.68,3.68,3.54,3.64,39900
EASON,20140129,3.56,3.64,3.52,3.64,18000
EASON,20140130,3.52,3.6,3.52,3.6,15600
EASON,20140131,3.6,3.62,3.6,3.6,13600
EASON,20140203,3.54,3.58,3.54,3.58,11500
EASON,20140204,3.54,3.54,3.52,3.52,56600
EASON,20140205,3.52,3.52,3.52,3.52,4500
EASON,20140206,3.52,3.56,3.52,3.56,17400
EASON,20140207,3.56,3.58,3.52,3.56,11000
EASON,20140210,3.56,3.58,3.56,3.58,14300
EASON,20140211,3.58,3.58,3.56,3.58,24100
EASON,20140212,3.58,3.72,3.58,3.66,147700
EASON,20140213,3.64,3.66,3.54,3.66,79500
EASON,20140217,3.54,3.66,3.52,3.6,81800
EASON,20140218,3.6,3.6,3.58,3.6,43400
EASON,20140219,3.54,3.74,3.5,3.66,58000
EASON,20140220,3.6,3.68,3.6,3.66,31800
EASON,20140221,3.66,3.7,3.64,3.68,113600
EASON,20140224,3.86,3.86,3.66,3.7,26000
EASON,20140225,3.8,3.8,3.66,3.66,145700
EASON,20140226,3.66,3.66,3.62,3.64,65000
EASON,20140227,3.6,3.66,3.6,3.66,600
EASON,20140228,3.66,3.66,3.5,3.54,279100
EASON,20140303,3.58,3.62,3.52,3.58,106300
EASON,20140304,3.62,3.62,3.54,3.6,89900
EASON,20140305,3.6,3.6,3.56,3.58,107100
EASON,20140306,3.58,3.6,3.58,3.58,93200
EASON,20140307,3.6,3.62,3.58,3.62,143500
EASON,20140310,3.62,3.62,3.56,3.62,166600
EASON,20140311,3.42,3.48,3.42,3.48,111300
EASON,20140312,3.42,3.48,3.42,3.44,172800
EASON,20140313,3.42,3.44,3.42,3.42,65400
EASON,20140314,3.44,3.44,3.42,3.42,58000
EASON,20140317,3.42,3.42,3.38,3.4,301000
EASON,20140318,3.38,3.4,3.36,3.36,167600
EASON,20140319,3.4,3.42,3.34,3.38,48200
EASON,20140320,3.38,3.38,3.38,3.38,5600
EASON,20140321,3.42,3.42,3.4,3.4,17600
EASON,20140324,3.42,3.42,3.38,3.38,20100
EASON,20140325,3.38,3.4,3.32,3.38,94600
EASON,20140326,3.38,3.38,3.36,3.38,12700
EASON,20140327,3.36,3.36,3.36,3.36,33100
EASON,20140328,3.38,3.4,3.36,3.38,70400
EASON,20140331,3.38,3.38,3.36,3.36,57000
EASON,20140401,3.4,3.4,3.4,3.4,20100
EASON,20140402,3.42,3.42,3.38,3.38,60100
EASON,20140403,3.38,3.38,3.34,3.36,83700
EASON,20140404,3.36,3.38,3.36,3.38,55700
EASON,20140408,3.38,3.4,3.38,3.38,19200
EASON,20140409,3.36,3.36,3.36,3.36,45400
EASON,20140410,3.36,3.38,3.34,3.36,69900
EASON,20140411,3.36,3.4,3.36,3.4,30200
EASON,20140416,3.36,3.44,3.36,3.4,19800
EASON,20140417,3.42,3.46,3.42,3.42,103400
EASON,20140418,3.42,3.42,3.38,3.38,54600
EASON,20140421,3.38,3.44,3.38,3.42,42100
EASON,20140422,3.44,3.44,3.38,3.38,150000
EASON,20140423,3.42,3.42,3.4,3.4,102900
EASON,20140424,3.4,3.4,3.38,3.4,59900
EASON,20140425,3.42,3.42,3.38,3.38,122800
EASON,20140428,3.38,3.4,3.38,3.38,34200
EASON,20140429,3.38,3.4,3.38,3.38,99700
EASON,20140430,3.38,3.4,3.38,3.4,28800
EASON,20140502,3.42,3.44,3.38,3.38,50900
EASON,20140506,3.48,3.48,3.4,3.4,39900
EASON,20140507,3.38,3.42,3.38,3.42,75000
EASON,20140508,3.34,3.38,3.34,3.38,14300
EASON,20140509,3.36,3.4,3.36,3.4,29000
EASON,20140512,3.36,3.38,3.36,3.38,120500
EASON,20140514,3.4,3.4,3.38,3.4,33500
EASON,20140515,3.28,3.38,3.2,3.3,590300
EASON,20140516,3.28,3.34,3.28,3.34,55800
EASON,20140519,3.34,3.34,3.3,3.3,136900
EASON,20140520,3.32,3.32,3.26,3.26,48600
EASON,20140521,3.24,3.26,3.2,3.26,166100
EASON,20140522,3.26,3.3,3.26,3.26,18400
EASON,20140523,3.2,3.28,3.2,3.28,171100
EASON,20140526,3.24,3.28,3.24,3.26,18200
EASON,20140527,3.26,3.28,3.2,3.22,85100
EASON,20140528,3.24,3.26,3.24,3.24,21500
EASON,20140529,3.2,3.24,3.2,3.24,53100
EASON,20140530,3.22,3.26,3.22,3.26,102500
EASON,20140602,3.28,3.28,3.24,3.26,48000
EASON,20140603,3.24,3.3,3.24,3.26,134300
EASON,20140604,3.26,3.28,3.22,3.28,167100
EASON,20140605,3.3,3.3,3.22,3.24,73200
EASON,20140606,3.26,3.28,3.26,3.26,38100
EASON,20140609,3.28,3.28,3.26,3.28,44400
EASON,20140610,3.28,3.3,3.26,3.28,80100
EASON,20140611,3.32,3.32,3.28,3.28,10700
EASON,20140612,3.28,3.3,3.28,3.3,25000
EASON,20140613,3.34,3.34,3.3,3.3,73500
EASON,20140616,3.3,3.3,3.3,3.3,49500
EASON,20140617,3.26,3.3,3.26,3.3,38200
EASON,20140618,3.28,3.28,3.26,3.26,93000
EASON,20140619,3.26,3.28,3.26,3.28,8200
EASON,20140620,3.28,3.42,3.28,3.3,13900
EASON,20140623,3.3,3.32,3.3,3.32,65600
EASON,20140624,3.32,3.32,3.28,3.3,94600
EASON,20140625,3.28,3.32,3.28,3.32,50900
EASON,20140626,3.3,3.32,3.3,3.3,51100
EASON,20140627,3.3,3.34,3.3,3.32,241300
EASON,20140630,3.32,3.34,3.3,3.3,77800
EASON,20140702,3.3,3.3,3.26,3.3,91300
EASON,20140703,3.28,3.3,3.26,3.26,150800
EASON,20140704,3.26,3.42,3.26,3.3,551900
EASON,20140707,3.4,3.42,3.3,3.3,460500
EASON,20140708,3.32,3.34,3.3,3.3,174900
EASON,20140709,3.3,3.32,3.3,3.3,81900
EASON,20140710,3.32,3.5,3.3,3.34,685100
EASON,20140714,3.36,3.38,3.36,3.38,56500
EASON,20140715,3.38,3.38,3.34,3.34,72100
EASON,20140716,3.34,3.34,3.34,3.34,131100
EASON,20140717,3.36,3.36,3.26,3.3,419800
EASON,20140718,3.32,3.32,3.28,3.3,53900
EASON,20140721,3.3,3.32,3.3,3.32,48500
EASON,20140722,3.32,3.34,3.28,3.34,101500
EASON,20140723,3.34,3.34,3.3,3.32,61300
EASON,20140724,3.32,3.44,3.3,3.32,810600
EASON,20140725,3.36,3.36,3.32,3.34,209200
EASON,20140728,3.36,3.36,3.3,3.32,123000
EASON,20140729,3.34,3.46,3.3,3.32,719700
EASON,20140730,3.32,3.32,3.28,3.3,135600
EASON,20140731,3.28,3.48,3.28,3.32,2995500
EASON,20140801,3.3,3.3,3.26,3.3,346400
EASON,20140804,3.36,3.36,3.3,3.32,109200
EASON,20140805,3.34,3.34,3.32,3.32,81300
EASON,20140806,3.3,3.34,3.3,3.3,105600
EASON,20140807,3.3,3.32,3.3,3.3,32200
EASON,20140808,3.3,3.32,3.28,3.3,71400
EASON,20140813,3.32,3.48,3.28,3.28,1165100
EASON,20140814,3.3,3.32,3.26,3.28,235200
EASON,20140815,3.2,3.28,3.2,3.24,129900
EASON,20140818,3.22,3.24,3.18,3.2,207900
EASON,20140819,3.2,3.2,3.14,3.2,313300
EASON,20140820,3.18,3.18,3.14,3.16,375400
EASON,20140821,3.12,3.28,3.12,3.16,417100
EASON,20140822,3.18,3.2,3.18,3.18,123000
EASON,20140825,3.16,3.26,3.16,3.24,87900
EASON,20140826,3.24,3.24,3.16,3.18,99700
EASON,20140827,3.18,3.2,3.16,3.16,129800
EASON,20140828,3.18,3.28,3.16,3.2,391600
EASON,20140829,3.2,3.2,3.18,3.18,105400
EASON,20140901,3.22,3.38,3.18,3.22,2486500
EASON,20140902,3.22,3.24,3.2,3.2,272400
EASON,20140903,3.22,3.34,3.22,3.22,1443100
EASON,20140904,3.24,3.28,3.24,3.24,78500
EASON,20140905,3.24,3.28,3.24,3.24,239600
EASON,20140908,3.28,3.3,3.26,3.26,66500
EASON,20140909,3.26,3.28,3.26,3.26,128000
EASON,20140910,3.26,3.28,3.24,3.24,122200
EASON,20140911,3.26,3.42,3.26,3.32,727600
EASON,20140912,3.36,3.36,3.32,3.34,156500
EASON,20140915,3.34,3.38,3.32,3.32,281600
EASON,20140916,3.36,3.38,3.32,3.38,346100
EASON,20140917,3.4,3.4,3.3,3.32,157200
EASON,20140918,3.32,3.34,3.3,3.3,34400
EASON,20140919,3.3,3.34,3.3,3.32,16800
EASON,20140922,3.34,3.4,3.32,3.36,141000
EASON,20140923,3.32,3.36,3.32,3.32,85700
EASON,20140924,3.32,3.34,3.32,3.34,24800
EASON,20140925,3.38,3.38,3.34,3.34,7800
EASON,20140926,3.28,3.36,3.28,3.36,110800
EASON,20140929,3.36,3.36,3.3,3.32,100000
EASON,20140930,3.3,3.3,3.3,3.3,42400
EASON,20141001,3.34,3.34,3.3,3.3,17400
EASON,20141002,3.3,3.3,3.24,3.24,78800
EASON,20141003,3.24,3.28,3.24,3.24,34400
EASON,20141006,3.36,3.36,3.22,3.22,62900
EASON,20141007,3.2,3.24,3.2,3.22,25100
EASON,20141008,3.22,3.26,3.22,3.22,7000
EASON,20141009,3.26,3.28,3.24,3.24,11700
EASON,20141010,3.22,3.24,3.22,3.24,32800
EASON,20141013,3.24,3.24,3.22,3.22,7000
EASON,20141014,3.26,3.26,3.26,3.26,1500
EASON,20141016,3.22,3.24,3.22,3.24,32700
EASON,20141017,3.22,3.26,3.22,3.24,1900
EASON,20141020,3.24,3.24,3.22,3.22,50400
EASON,20141021,3.22,3.22,3.2,3.2,170100
EASON,20141022,3.16,3.22,3.16,3.22,12300
EASON,20141024,3.22,3.24,3.18,3.24,42600
EASON,20141027,3.2,3.24,3.2,3.22,22100
EASON,20141028,3.22,3.22,3.22,3.22,28300
EASON,20141029,3.26,3.28,3.22,3.26,29900
EASON,20141030,3.24,3.26,3.22,3.22,18700
EASON,20141031,3.26,3.26,3.22,3.22,38700
EASON,20141103,3.22,3.24,3.18,3.18,153400
EASON,20141104,3.18,3.22,3.18,3.18,103400
EASON,20141105,3.22,3.24,3.2,3.2,5400
EASON,20141106,3.18,3.22,3.18,3.22,35400
EASON,20141107,3.22,3.24,3.18,3.24,22300
EASON,20141110,3.2,3.24,3.2,3.2,33400
EASON,20141111,3.2,3.2,3.18,3.2,50600
EASON,20141112,3.2,3.2,3.16,3.2,91900
EASON,20141113,3.14,3.16,3.14,3.16,125000
EASON,20141114,3.16,3.16,3.14,3.14,48700
EASON,20141117,3.14,3.18,3.14,3.14,48900
EASON,20141118,3.18,3.24,3.14,3.16,74600
EASON,20141119,3.14,3.16,3.1,3.12,207700
EASON,20141120,3.14,3.14,3.1,3.12,25200
EASON,20141121,3.14,3.14,3,3.04,379500
EASON,20141124,3.06,3.16,3.06,3.06,71100
EASON,20141125,3.06,3.08,3.04,3.04,53100
EASON,20141126,3.08,3.08,3.06,3.06,22200
EASON,20141127,3.06,3.08,3.04,3.06,14900
EASON,20141128,3.08,3.08,3.06,3.06,15100
EASON,20141201,3.04,3.08,3.04,3.06,80400
EASON,20141202,3.06,3.08,3.04,3.08,34700
EASON,20141203,3.04,3.08,3.04,3.08,26900
EASON,20141204,3.08,3.1,3.06,3.08,23700
EASON,20141208,3.08,3.1,3.08,3.08,71900
EASON,20141209,3.08,3.08,3.04,3.06,32400
EASON,20141211,3.04,3.04,2.98,2.98,401500
EASON,20141212,3.02,3.06,2.98,3.06,20600
EASON,20141215,3.04,3.04,2.88,2.92,593200
EASON,20141216,2.86,2.96,2.82,2.9,197700
EASON,20141217,2.9,2.92,2.9,2.92,26100
EASON,20141218,2.92,2.94,2.92,2.92,51000
EASON,20141219,2.96,2.96,2.92,2.94,9000
EASON,20141222,2.96,2.96,2.88,2.96,48100
EASON,20141223,2.96,2.96,2.94,2.94,35300
EASON,20141224,2.94,2.94,2.9,2.94,124800
EASON,20141225,2.9,2.92,2.88,2.92,44700
EASON,20141226,2.88,2.92,2.86,2.92,47200
EASON,20141229,2.96,2.96,2.88,2.9,13400
EASON,20141230,2.94,2.94,2.9,2.92,17000
EASON,20150105,2.9,2.9,2.86,2.86,24700
EASON,20150106,2.86,2.86,2.8,2.86,91400
EASON,20150107,2.86,2.88,2.84,2.86,31900
EASON,20150108,2.88,2.9,2.8,2.88,29500
EASON,20150109,2.86,2.88,2.8,2.84,88600
EASON,20150112,2.8,2.84,2.8,2.84,55400
EASON,20150113,2.82,2.88,2.8,2.8,77300
EASON,20150114,2.84,2.92,2.8,2.86,132900
EASON,20150115,2.86,2.96,2.8,2.92,565700
EASON,20150116,2.92,3.12,2.9,3.02,456200
EASON,20150119,3.02,3.02,2.94,2.94,80400
EASON,20150120,2.98,3.06,2.9,3,229500
EASON,20150121,3.02,3.04,3,3,24000
EASON,20150122,3.02,3.02,2.96,3,68100
EASON,20150123,3,3,2.94,2.98,137200
EASON,20150126,3.02,3.02,2.96,3.02,31900
EASON,20150127,3.02,3.04,2.96,3.04,26500
EASON,20150128,3.04,3.04,2.96,3,105900
EASON,20150129,2.98,3,2.94,2.96,192000
EASON,20150130,2.96,2.98,2.9,2.96,233600
EASON,20150202,2.96,3.1,2.94,3,327000
EASON,20150203,3.12,3.4,3.12,3.2,3661100
EASON,20150204,3.28,3.38,3.16,3.2,2509200
EASON,20150205,3.2,3.22,3.12,3.18,247600
EASON,20150206,3.22,3.22,3.18,3.18,126300
EASON,20150209,3.22,3.3,3.14,3.14,438300
EASON,20150210,3.1,3.14,3.1,3.12,114000
EASON,20150211,3.14,3.16,3.14,3.14,33600
EASON,20150212,3.16,3.18,3.14,3.18,87600
EASON,20150213,3.2,3.32,3.2,3.24,598000
EASON,20150216,3.26,3.26,3.2,3.24,211900
EASON,20150217,3.22,3.24,3.14,3.14,242400
EASON,20150218,3.1,3.38,3.1,3.3,747900
EASON,20150219,3.34,4.1,3.34,3.66,14870400
EASON,20150220,3.78,3.96,3.6,3.6,4670100
EASON,20150223,3.6,3.8,3.42,3.66,1988700
EASON,20150224,3.6,3.9,3.56,3.78,9146400
EASON,20150225,3.76,3.86,3.64,3.7,3486900
EASON,20150226,3.66,3.72,3.44,3.44,1161800
EASON,20150227,3.42,3.52,3.4,3.42,534800
EASON,20150302,3.5,3.5,3.34,3.36,439900
EASON,20150303,3.32,3.34,3.22,3.22,495500
EASON,20150305,3.22,3.26,3.18,3.22,393000
EASON,20150306,3.2,3.34,3.18,3.22,693100
EASON,20150309,3.14,3.3,3.1,3.3,959000
EASON,20150310,3.28,3.3,3.12,3.12,548200
EASON,20150311,3.12,3.22,3.1,3.2,84700
EASON,20150312,3.2,3.28,3.18,3.18,165000
EASON,20150313,3.18,3.3,3.16,3.2,60100
EASON,20150316,3.18,3.18,3,3.14,196000
EASON,20150317,3.02,3.2,3.02,3.14,226700
EASON,20150318,3.1,3.3,3.08,3.1,1261700
EASON,20150319,3.12,3.34,3.12,3.16,980600
EASON,20150320,3.2,3.2,3.08,3.16,91300
EASON,20150323,3.16,3.16,3.08,3.08,131500
EASON,20150324,3.08,3.08,2.88,2.98,440000
EASON,20150325,2.92,3,2.92,2.96,280000
EASON,20150326,2.92,2.94,2.86,2.86,352600
EASON,20150327,2.9,2.9,2.88,2.88,59600
EASON,20150330,2.9,2.94,2.9,2.9,67000
EASON,20150331,2.94,2.96,2.9,2.92,236100
EASON,20150401,2.98,3.28,2.96,3.08,1827900
EASON,20150402,3.16,3.16,3.06,3.08,84300
EASON,20150403,3.06,3.08,3,3.04,114300
EASON,20150407,3.02,3.08,3.02,3.04,169600
EASON,20150408,3.04,3.04,2.96,2.96,195000
EASON,20150409,2.96,3.08,2.96,2.98,101700
EASON,20150410,2.98,3.04,2.96,3,201900
EASON,20150416,3,3.08,3,3.04,83200
EASON,20150417,3.04,3.24,3.02,3.12,707300
EASON,20150420,3.12,3.22,3.12,3.12,350600
EASON,20150421,3.12,3.18,3.12,3.14,95800
EASON,20150422,3.16,3.16,3.02,3.06,243700
EASON,20150423,3.06,3.08,3.06,3.08,12100
EASON,20150424,3.08,3.08,3.02,3.08,151700
EASON,20150427,3.04,3.06,3,3,158700
EASON,20150428,2.98,3.12,2.96,2.98,313900
EASON,20150429,2.98,3.04,2.98,2.98,67800
EASON,20150430,3.02,3.04,2.96,2.96,199300
EASON,20150506,3,3,2.92,2.98,65600
EASON,20150507,2.98,2.98,2.88,2.88,92700
EASON,20150508,2.84,2.88,2.82,2.86,236800
EASON,20150511,2.9,2.9,2.86,2.9,10200
EASON,20150512,2.9,2.9,2.86,2.88,21900
EASON,20150513,2.88,2.92,2.88,2.92,71600
EASON,20150514,2.92,3.06,2.86,3.06,231400
EASON,20150515,3.02,3.16,2.92,3.16,264400
EASON,20150518,3.32,3.9,3.32,3.46,11050800
EASON,20150519,3.46,3.46,3.28,3.32,1305000
EASON,20150520,3.32,3.36,3.24,3.26,344300
EASON,20150521,3.18,3.26,3.12,3.14,436600
EASON,20150522,3.12,3.16,3.08,3.1,537100
EASON,20150525,3.16,3.28,3.12,3.14,1837900
EASON,20150526,3.14,3.14,3.02,3.02,367400
EASON,20150527,3,3.14,3,3.14,325300
EASON,20150528,3.18,3.18,3.04,3.06,214500
EASON,20150529,3.1,3.1,3.04,3.1,99600
EASON,20150602,3.1,3.1,2.96,2.98,288600
EASON,20150603,2.94,3.02,2.94,3.02,86300
EASON,20150604,3.18,3.18,3.04,3.04,78200
EASON,20150605,2.98,3.06,2.98,3.04,343400
EASON,20150608,3.04,3.08,3.02,3.04,59600
EASON,20150609,3.04,3.04,3,3,259900
EASON,20150610,3,3.06,3,3.02,235500
EASON,20150611,3.02,3.04,3.02,3.02,50700
EASON,20150612,3.04,3.08,3.02,3.02,179900
EASON,20150615,3.02,3.02,2.98,3,249700
EASON,20150616,3.02,3.02,3,3,164600
EASON,20150617,3.04,3.04,3,3.04,63600
EASON,20150618,3.04,3.04,3,3,134000
EASON,20150619,3,3,3,3,77300
EASON,20150622,3,3,2.98,2.98,90600
EASON,20150623,2.98,3.06,2.98,3,199500
EASON,20150624,3,3,2.98,2.98,96100
EASON,20150625,2.98,3,2.98,3,134300
EASON,20150626,3,3.02,3,3,137200
EASON,20150629,2.96,3.02,2.94,2.98,156300
EASON,20150630,3,3,2.98,2.98,60500
EASON,20150702,3,3,2.96,2.96,138500
EASON,20150703,2.98,3.16,2.98,3.06,823300
EASON,20150706,3.06,3.34,3.02,3.06,4411200
EASON,20150707,3.1,3.16,3.04,3.04,669500
EASON,20150708,3.04,3.1,3.04,3.04,275000
EASON,20150709,3.04,3.04,3.02,3.04,43600
EASON,20150710,3.04,3.06,3.04,3.04,39700
EASON,20150713,3,3.08,3,3.04,69700
EASON,20150714,3.1,3.1,3.04,3.04,110800
EASON,20150715,3.06,3.06,3.02,3.02,130700
EASON,20150716,3.04,3.04,3,3,95600
EASON,20150717,2.96,3.1,2.96,3.06,403900
EASON,20150720,3.12,3.12,3.04,3.04,137400
EASON,20150721,3.06,3.06,2.96,2.96,243000
EASON,20150722,2.9,3.1,2.88,2.98,620300
EASON,20150723,3,3.02,2.98,3.02,49800
EASON,20150724,3.04,3.14,2.96,3.08,971500
EASON,20150727,3.08,3.32,3.04,3.04,2699800.00
EASON,20150728,3.00,3.04,2.94,2.94,365400.00
EASON,20150729,2.94,2.96,2.86,2.94,846300.00
