ESSO,20080506,10.9,11,10.4,10.5,247999200
ESSO,20080507,10.5,10.9,10.5,10.9,96809600
ESSO,20080508,10.9,11,10.6,10.7,74031300
ESSO,20080509,10.8,10.8,10.6,10.7,22148800
ESSO,20080512,10.7,10.9,10.7,10.7,18210400
ESSO,20080513,10.8,10.8,10.6,10.6,23443900
ESSO,20080514,10.6,10.7,10.5,10.6,11887800
ESSO,20080515,10.6,10.7,10.6,10.6,10152900
ESSO,20080516,10.6,10.8,10.5,10.6,31854500
ESSO,20080520,10.7,10.7,10.5,10.6,21258400
ESSO,20080521,10.6,10.7,10.5,10.6,7740300
ESSO,20080522,10.6,10.6,10.4,10.4,22424400
ESSO,20080523,10.5,10.5,10.4,10.4,5185900
ESSO,20080526,10.3,10.3,10,10.1,26795600
ESSO,20080527,10.1,10.2,10,10,14972500
ESSO,20080528,10.1,10.1,9.95,10,15454300
ESSO,20080529,10,10.1,9.9,9.95,8212100
ESSO,20080530,10.1,10.5,10.1,10.3,22927600
ESSO,20080602,10.3,10.4,10.2,10.2,10402800
ESSO,20080603,10.2,10.3,10.1,10.2,8013100
ESSO,20080604,10.2,10.3,10.1,10.3,18890400
ESSO,20080605,10.3,10.3,10.2,10.2,2875300
ESSO,20080606,10.3,10.4,10.3,10.3,3961400
ESSO,20080609,10.4,10.4,10.3,10.4,6456700
ESSO,20080610,10.3,10.4,10.1,10.2,12166800
ESSO,20080611,10.3,10.3,10.1,10.2,5219300
ESSO,20080612,10.2,10.2,10,10.1,24044000
ESSO,20080613,10.1,10.2,10,10,9777400
ESSO,20080616,10.1,10.2,10,10.1,27203400
ESSO,20080617,8.95,9,8.6,8.65,22410500
ESSO,20080618,8.55,8.55,8,8,21705100
ESSO,20080619,7.75,8.1,7.5,7.95,27870800
ESSO,20080620,7.8,8.5,7.8,8.45,18949000
ESSO,20080623,8.25,8.65,8.2,8.5,10284000
ESSO,20080624,8.6,8.65,8.5,8.55,3619400
ESSO,20080625,8.55,8.8,8.55,8.7,5648200
ESSO,20080626,8.75,9.05,8.65,8.65,11247400
ESSO,20080627,8.5,8.65,8.35,8.65,4508600
ESSO,20080630,8.75,8.75,8.5,8.5,2554100
ESSO,20080702,8.45,8.55,8.4,8.4,6253500
ESSO,20080703,8.35,8.45,8.3,8.4,3965700
ESSO,20080704,8.4,8.45,8.3,8.3,1142700
ESSO,20080707,8.3,8.35,8.15,8.15,4490800
ESSO,20080708,8.15,8.2,8,8,2315100
ESSO,20080709,8.1,8.35,8.05,8.05,4544400
ESSO,20080710,8.05,8.15,8,8.15,2744900
ESSO,20080711,8.15,8.25,8.1,8.1,2091000
ESSO,20080714,8.05,8.1,8,8,1289600
ESSO,20080715,8,8.05,7.9,7.9,2985500
ESSO,20080716,7.9,7.95,7.65,7.65,7171900
ESSO,20080718,7.75,7.85,7.25,7.25,14703300
ESSO,20080721,7.35,7.35,7.1,7.25,6623100
ESSO,20080722,7.15,7.25,7.1,7.1,3327400
ESSO,20080723,7.2,7.3,7.15,7.2,3550600
ESSO,20080724,7.2,7.2,6.95,7,9673000
ESSO,20080725,6.95,6.95,6.8,6.9,4711500
ESSO,20080728,6.75,6.85,6.7,6.8,3572600
ESSO,20080729,6.7,6.85,6.7,6.8,2539300
ESSO,20080730,6.85,7.05,6.85,6.85,3287700
ESSO,20080731,6.9,6.9,6.7,6.7,3673900
ESSO,20080801,6.65,6.85,6.65,6.8,3429000
ESSO,20080804,6.8,6.9,6.8,6.8,776600
ESSO,20080805,6.8,6.85,6.75,6.8,1998400
ESSO,20080806,6.85,7.1,6.8,6.9,4824300
ESSO,20080807,6.95,7.3,6.95,7.2,27592000
ESSO,20080808,7.15,7.2,7,7.05,10565100
ESSO,20080811,7.2,7.25,7.1,7.15,16416300
ESSO,20080813,7.15,7.35,7.15,7.2,13390600
ESSO,20080814,7.25,7.25,7.15,7.15,4721600
ESSO,20080815,7.25,7.3,7.15,7.2,6776400
ESSO,20080818,7.25,7.25,6.9,6.95,6091400
ESSO,20080819,6.9,6.95,6.75,6.75,5555100
ESSO,20080820,6.75,6.95,6.75,6.85,4037800
ESSO,20080821,6.85,6.9,6.75,6.8,2838100
ESSO,20080822,6.9,6.9,6.85,6.9,1626300
ESSO,20080825,6.85,6.85,6.75,6.75,1212300
ESSO,20080826,6.7,6.75,6.65,6.75,3016700
ESSO,20080827,6.75,6.85,6.75,6.8,1715400
ESSO,20080828,6.8,6.85,6.8,6.85,3104800
ESSO,20080829,6.9,7.85,6.9,7.85,29946900
ESSO,20080901,7.9,7.9,7.6,7.7,9024300
ESSO,20080902,7.35,7.55,7.35,7.5,8956500
ESSO,20080903,7.45,7.6,7.45,7.5,4024900
ESSO,20080904,7.5,7.75,7.5,7.7,3411500
ESSO,20080905,7.6,7.75,7.6,7.7,2701700
ESSO,20080908,7.8,8,7.75,7.9,9143300
ESSO,20080909,7.9,7.95,7.85,7.9,6785600
ESSO,20080910,7.25,7.5,7.2,7.4,3746600
ESSO,20080911,7.45,7.45,7.3,7.35,2785800
ESSO,20080912,7.35,7.45,7.3,7.35,4320700
ESSO,20080915,7.4,7.4,7.05,7.05,1796400
ESSO,20080916,6.8,6.95,6.75,6.95,4624200
ESSO,20080917,6.95,7.05,6.75,6.75,3200800
ESSO,20080918,6.65,6.75,6.45,6.75,8459400
ESSO,20080919,6.9,6.95,6.85,6.95,4322900
ESSO,20080922,6.95,7,6.8,6.85,2349200
ESSO,20080923,6.85,6.9,6.8,6.9,1550500
ESSO,20080924,6.9,7,6.9,7,1873900
ESSO,20080925,7,7.05,6.9,7.05,2128700
ESSO,20080926,7.05,7.15,7,7.15,4015400
ESSO,20080929,7.15,7.15,6.95,7,2529600
ESSO,20080930,6.55,6.9,6.55,6.85,6352100
ESSO,20081001,6.9,6.95,6.85,6.85,1408900
ESSO,20081002,6.85,7,6.85,6.85,1815500
ESSO,20081003,6.85,6.9,6.8,6.8,1123400
ESSO,20081006,6.75,6.8,6.6,6.6,3011000
ESSO,20081007,6.5,6.55,6.3,6.3,4424100
ESSO,20081008,6.05,6.15,5.7,5.8,5184500
ESSO,20081009,5.9,5.95,5.6,5.85,3465400
ESSO,20081010,5.5,5.7,5.4,5.5,3147600
ESSO,20081013,5.65,5.85,5.5,5.85,3114500
ESSO,20081014,6.1,6.2,6,6.05,4089700
ESSO,20081015,6,6,5.85,5.85,1532900
ESSO,20081016,5.7,5.7,5.45,5.55,4468700
ESSO,20081017,5.6,5.75,5.5,5.5,2888400
ESSO,20081020,5.6,5.7,5.5,5.7,2354100
ESSO,20081021,5.75,5.85,5.7,5.85,1238800
ESSO,20081022,5.75,5.75,5.65,5.75,1030100
ESSO,20081024,5.5,5.6,5.3,5.45,4198500
ESSO,20081027,5.2,5.2,4.72,4.78,4441300
ESSO,20081028,4.78,4.82,4.62,4.72,2613100
ESSO,20081029,4.78,4.96,4.66,4.66,2399200
ESSO,20081030,4.74,4.82,4.68,4.72,2971700
ESSO,20081031,4.68,4.88,4.68,4.76,4908600
ESSO,20081103,4.88,5,4.86,4.94,3254800
ESSO,20081104,4.9,5.4,4.9,5.25,9863500
ESSO,20081105,5.5,5.65,5.05,5.15,4485600
ESSO,20081106,5,5.2,4.96,5.2,1406700
ESSO,20081107,5.1,5.25,5,5.1,2003500
ESSO,20081110,5.2,5.25,5.05,5.05,1173200
ESSO,20081111,5,5.05,4.9,4.9,3988000
ESSO,20081112,4.8,4.86,4.76,4.8,2573000
ESSO,20081113,4.7,4.72,4.68,4.7,2670100
ESSO,20081114,4.74,4.74,4.62,4.64,3330700
ESSO,20081117,4.6,4.66,4.6,4.64,842400
ESSO,20081118,4.62,4.64,4.48,4.52,3222900
ESSO,20081119,4.52,4.52,4.36,4.36,1872700
ESSO,20081120,4.22,4.22,4.12,4.12,1327000
ESSO,20081121,4.12,4.12,3.98,4.04,2202200
ESSO,20081124,4.04,4.04,3.96,3.96,1198700
ESSO,20081125,4.02,4.08,3.96,4.08,3440100
ESSO,20081126,3.96,4.02,3.96,4.02,1281600
ESSO,20081127,3.98,4.06,3.98,4,1305500
ESSO,20081128,4,4.06,4,4.04,1773800
ESSO,20081201,4.02,4.06,4,4,702000
ESSO,20081202,3.98,4.04,3.98,4.02,2067800
ESSO,20081203,4.08,4.08,4.02,4.02,2509700
ESSO,20081204,4.06,4.06,4.02,4.06,778300
ESSO,20081208,4.06,4.12,4.06,4.12,2085300
ESSO,20081209,4.14,4.46,4.14,4.38,6820700
ESSO,20081211,4.42,4.94,4.42,4.68,13261500
ESSO,20081212,4.64,4.74,4.48,4.6,4063200
ESSO,20081215,4.66,5.15,4.64,4.98,15816800
ESSO,20081216,4.9,5.55,4.86,5.15,24100800
ESSO,20081217,5.25,5.4,5.1,5.1,12630200
ESSO,20081218,5.15,5.25,5.1,5.15,2449500
ESSO,20081219,5.1,5.15,5,5.05,2504900
ESSO,20081222,5.1,5.1,4.86,4.86,1894300
ESSO,20081223,4.86,5.05,4.86,5.05,1680600
ESSO,20081224,5,5.15,5,5.05,2187700
ESSO,20081225,5,5.05,5,5.05,429600
ESSO,20081226,5.05,5.35,5.05,5.2,8629300
ESSO,20081229,5.2,5.35,5.1,5.35,3699800
ESSO,20081230,5.35,5.5,5.3,5.35,6437400
ESSO,20090105,5.45,6,5.45,5.95,22465900
ESSO,20090106,6.1,6.15,5.6,5.7,12491400
ESSO,20090107,5.95,5.95,5.6,5.7,8415500
ESSO,20090108,5.5,5.7,5.5,5.65,3176800
ESSO,20090109,5.65,5.7,5.5,5.65,2079100
ESSO,20090112,5.65,5.65,5.45,5.45,1480200
ESSO,20090113,5.35,5.35,4.98,5,4387000
ESSO,20090114,5.1,5.15,4.96,5.05,1936700
ESSO,20090115,4.94,4.98,4.92,4.94,1175600
ESSO,20090116,4.94,5.05,4.94,5,1351900
ESSO,20090119,5.1,5.1,4.98,4.98,1557400
ESSO,20090120,4.96,4.98,4.94,4.96,479100
ESSO,20090121,4.96,5.05,4.94,4.96,1904200
ESSO,20090122,5.05,5.15,5,5,6197500
ESSO,20090123,5,5,4.94,4.94,2231100
ESSO,20090126,4.96,5.05,4.94,4.98,718900
ESSO,20090127,5,5.05,4.98,5,5160300
ESSO,20090128,4.98,4.98,4.94,4.96,5958600
ESSO,20090129,5,5,4.86,4.86,6780000
ESSO,20090130,4.86,4.86,4.8,4.8,6643400
ESSO,20090202,4.8,4.82,4.62,4.64,3800000
ESSO,20090203,4.64,4.68,4.46,4.5,4532700
ESSO,20090204,4.56,4.8,4.52,4.56,17218800
ESSO,20090205,4.58,4.6,4.54,4.54,8048700
ESSO,20090206,4.58,4.64,4.58,4.58,11859400
ESSO,20090210,4.6,4.64,4.56,4.56,3815000
ESSO,20090211,4.52,4.54,4.52,4.54,1448700
ESSO,20090212,4.6,4.74,4.56,4.6,25362200
ESSO,20090213,4.66,4.72,4.64,4.68,25318500
ESSO,20090216,4.7,4.7,4.58,4.62,21916100
ESSO,20090217,4.6,4.6,4.52,4.54,7240100
ESSO,20090218,4.5,4.56,4.48,4.54,2803200
ESSO,20090219,4.54,4.58,4.54,4.54,2232500
ESSO,20090220,4.56,4.58,4.52,4.56,3167700
ESSO,20090223,4.58,4.58,4.52,4.52,1414600
ESSO,20090224,4.5,4.52,4.48,4.5,5493300
ESSO,20090225,4.52,4.58,4.48,4.5,6945000
ESSO,20090226,4.52,4.54,4.48,4.48,4386000
ESSO,20090227,4.5,4.52,4.48,4.48,797700
ESSO,20090302,4.48,4.48,4.16,4.2,3724700
ESSO,20090303,3.98,4,3.8,3.92,5273400
ESSO,20090304,3.92,4,3.9,3.92,7016500
ESSO,20090305,3.96,3.98,3.86,3.86,6472900
ESSO,20090306,3.82,3.82,3.72,3.76,5647400
ESSO,20090309,3.74,3.74,3.5,3.52,7287000
ESSO,20090310,3.54,3.6,3.54,3.56,2678300
ESSO,20090311,3.62,3.66,3.52,3.52,5315400
ESSO,20090312,3.52,3.56,3.5,3.54,1776500
ESSO,20090313,3.6,3.66,3.56,3.64,5542600
ESSO,20090316,3.6,3.62,3.54,3.6,2546700
ESSO,20090317,3.6,3.76,3.6,3.66,7508600
ESSO,20090318,3.72,3.84,3.68,3.76,9411500
ESSO,20090319,3.76,3.82,3.72,3.74,5509800
ESSO,20090320,3.78,3.8,3.64,3.68,8397500
ESSO,20090323,3.72,3.8,3.7,3.74,20837100
ESSO,20090324,3.78,3.8,3.7,3.7,6540400
ESSO,20090325,3.7,3.72,3.68,3.7,3662300
ESSO,20090326,3.72,3.74,3.68,3.68,4285200
ESSO,20090327,3.7,3.72,3.68,3.68,2191000
ESSO,20090330,3.68,3.68,3.56,3.6,3496100
ESSO,20090331,3.58,3.6,3.56,3.6,2318500
ESSO,20090401,3.6,3.6,3.56,3.58,2113300
ESSO,20090402,3.6,3.68,3.6,3.68,8788700
ESSO,20090403,3.7,3.88,3.7,3.86,24061800
ESSO,20090407,3.84,3.88,3.74,3.74,8167900
ESSO,20090408,3.7,3.72,3.66,3.72,4249800
ESSO,20090409,3.76,3.94,3.76,3.84,26494600
ESSO,20090410,3.92,4.02,3.88,3.98,19360000
ESSO,20090416,3.94,4.2,3.92,4.16,20754600
ESSO,20090417,4.2,4.24,4.04,4.1,19810000
ESSO,20090420,4.1,4.24,4.1,4.14,19636300
ESSO,20090421,4.08,4.14,4.08,4.14,6768200
ESSO,20090422,4.18,4.18,4.06,4.06,6232700
ESSO,20090423,4.08,4.14,4.08,4.14,3582400
ESSO,20090424,4.16,4.22,4.14,4.22,15059100
ESSO,20090427,4.22,4.24,4.14,4.14,8725000
ESSO,20090428,4.16,4.24,4.1,4.1,9037500
ESSO,20090429,4.14,4.18,4.12,4.18,4635200
ESSO,20090430,4.26,4.66,4.18,4.6,61531100
ESSO,20090504,4.7,5.45,4.7,5.35,75890400
ESSO,20090506,5.4,5.45,5.1,5.35,29755900
ESSO,20090507,5.5,5.5,4.96,4.96,34746500
ESSO,20090511,4.9,4.9,4.62,4.8,8010000
ESSO,20090512,4.84,5.1,4.76,5.1,6978100
ESSO,20090513,5.2,5.2,5.1,5.2,10174400
ESSO,20090514,5.05,5.05,4.76,4.82,7576900
ESSO,20090515,4.9,4.94,4.76,4.92,4051600
ESSO,20090518,5.15,5.75,5.15,5.65,53864600
ESSO,20090519,6,6.55,5.85,6.3,88165400
ESSO,20090520,6.4,6.65,6.25,6.35,36430200
ESSO,20090521,6.35,6.45,5.85,6,24673000
ESSO,20090522,6,6.15,5.8,6.1,22653400
ESSO,20090525,5.95,6.3,5.85,6.05,14537600
ESSO,20090526,6.15,6.2,5.95,5.95,7225500
ESSO,20090527,6.2,6.2,6.05,6.1,7936100
ESSO,20090528,6.05,6.1,6,6.05,3006400
ESSO,20090529,6.2,6.35,6.15,6.2,14795300
ESSO,20090601,6.35,6.4,6.25,6.4,23211200
ESSO,20090602,6.45,6.7,6.35,6.4,42620900
ESSO,20090603,6.55,6.6,6.3,6.4,18370200
ESSO,20090604,6.35,6.4,6.25,6.4,7091500
ESSO,20090605,6.45,6.5,6.35,6.45,8235300
ESSO,20090608,6.4,6.55,6.25,6.25,11095200
ESSO,20090609,6.25,6.45,6.25,6.45,6834900
ESSO,20090610,6.6,6.8,6.55,6.7,29761500
ESSO,20090611,6.7,6.85,6.55,6.65,17189500
ESSO,20090612,6.75,6.75,6.55,6.6,11682200
ESSO,20090615,6.6,6.6,6.3,6.35,8915800
ESSO,20090616,6.25,6.25,6.05,6.05,7300000
ESSO,20090617,6,6.15,6,6.05,5334000
ESSO,20090618,6.05,6.1,5.8,5.85,7050300
ESSO,20090619,5.95,6.25,5.9,6.2,8458800
ESSO,20090622,6.15,6.15,5.95,6,4956200
ESSO,20090623,5.8,5.85,5.7,5.85,6581000
ESSO,20090624,5.9,6,5.85,5.95,2635500
ESSO,20090625,6,6.15,5.95,6,5157900
ESSO,20090626,6.15,6.15,5.95,6,5926700
ESSO,20090629,5.95,6.05,5.95,6.05,2933000
ESSO,20090630,6.15,6.15,6,6.1,5269200
ESSO,20090702,6.1,6.15,5.8,5.9,6765700
ESSO,20090703,5.75,5.9,5.75,5.9,3138000
ESSO,20090708,5.7,5.8,5.65,5.75,3055700
ESSO,20090709,5.75,5.85,5.65,5.8,5208500
ESSO,20090710,5.75,5.75,5.65,5.65,3149700
ESSO,20090713,5.65,5.65,5.45,5.6,4428300
ESSO,20090714,5.65,5.75,5.6,5.65,6452000
ESSO,20090715,5.7,6.1,5.7,5.9,23317100
ESSO,20090716,6.05,6.1,5.8,5.8,11621600
ESSO,20090717,5.9,6,5.85,5.95,3249200
ESSO,20090720,6.05,6.25,6,6.2,13412400
ESSO,20090721,6.15,6.25,6.1,6.1,7819500
ESSO,20090722,6.15,6.25,5.95,6,5774600
ESSO,20090723,6.05,6.15,6.05,6.15,3126300
ESSO,20090724,6.2,6.25,6.05,6.1,5352500
ESSO,20090727,6.15,6.2,6.05,6.1,7532500
ESSO,20090728,6.1,6.2,6.05,6.05,8752700
ESSO,20090729,6.1,6.15,5.95,6.1,6909900
ESSO,20090730,6.05,6.1,6,6.1,3626800
ESSO,20090731,6.15,6.15,6.05,6.05,5878900
ESSO,20090803,6.05,6.25,6.05,6.25,8263200
ESSO,20090804,6.3,6.35,6.2,6.2,10317800
ESSO,20090805,6.25,6.3,6.05,6.1,4496100
ESSO,20090806,6.15,6.3,6.1,6.25,5355500
ESSO,20090807,6.2,6.3,6.2,6.2,5607000
ESSO,20090810,6.25,6.3,6.2,6.2,3561900
ESSO,20090811,6.2,6.25,6.2,6.2,1962600
ESSO,20090813,6.25,6.45,6.2,6.4,12671700
ESSO,20090814,6.4,6.5,6.35,6.35,8563200
ESSO,20090817,6.3,6.65,6.3,6.4,22419800
ESSO,20090818,6.45,6.95,6.35,6.95,40923500
ESSO,20090819,6.9,7.35,6.8,7.2,66759500
ESSO,20090820,7.35,7.5,7.25,7.35,27278500
ESSO,20090821,7.4,7.4,7.2,7.3,11869200
ESSO,20090824,7.45,7.5,7.35,7.4,9996300
ESSO,20090825,7.35,7.7,7.3,7.55,17966900
ESSO,20090826,7.6,7.7,7.45,7.55,11222800
ESSO,20090827,7.55,7.7,7.3,7.35,13963900
ESSO,20090828,7.45,7.45,7.3,7.45,4842000
ESSO,20090831,7.4,7.45,7,7.05,13736200
ESSO,20090901,7,7.15,6.95,6.95,18784000
ESSO,20090902,6.95,7.05,6.9,7,5716500
ESSO,20090903,7.05,7.25,7.05,7.2,6761900
ESSO,20090904,7.25,7.3,7.15,7.25,7804300
ESSO,20090907,7.35,7.4,7.25,7.35,8419700
ESSO,20090908,7.4,7.8,7.4,7.75,31787900
ESSO,20090909,7.8,7.9,7.7,7.8,20512800
ESSO,20090910,7.9,8.1,7.85,7.9,26101700
ESSO,20090911,7.8,7.8,7.65,7.7,8117500
ESSO,20090914,7.55,7.65,7.25,7.3,8162100
ESSO,20090915,7.4,7.45,7.3,7.45,3512400
ESSO,20090916,7.55,7.6,7.45,7.5,6687800
ESSO,20090917,7.65,7.65,7.4,7.4,3611200
ESSO,20090918,7.4,7.45,7.35,7.45,2669100
ESSO,20090921,7.5,7.5,7.4,7.4,1546600
ESSO,20090922,7.4,7.6,7.4,7.55,3747800
ESSO,20090923,7.6,7.6,7.45,7.55,6731400
ESSO,20090924,7.45,7.55,7.4,7.5,4802900
ESSO,20090925,7.4,7.45,7.35,7.35,4279900
ESSO,20090928,7.3,7.35,7.15,7.2,4982800
ESSO,20090929,7.3,7.35,7.2,7.3,2216100
ESSO,20090930,7.25,7.3,7.15,7.3,2398200
ESSO,20091001,7.3,7.35,7.25,7.25,2278400
ESSO,20091002,7.25,7.35,7.2,7.25,3464200
ESSO,20091005,7.25,7.3,7.15,7.15,3078600
ESSO,20091006,7.25,7.3,7.2,7.3,2169200
ESSO,20091007,7.45,7.45,7.35,7.35,4158600
ESSO,20091008,7.4,7.55,7.35,7.4,11439400
ESSO,20091009,7.5,7.65,7.4,7.45,17034700
ESSO,20091012,7.55,7.55,7.4,7.5,3614000
ESSO,20091013,7.55,7.75,7.5,7.6,18127800
ESSO,20091014,7.7,7.7,7.1,7.3,16471600
ESSO,20091015,7.4,7.4,6.75,6.8,19569000
ESSO,20091016,7,7.25,6.9,7.25,6418700
ESSO,20091019,7.25,7.4,7.15,7.4,2618800
ESSO,20091020,7.45,7.45,7.2,7.35,3825100
ESSO,20091021,7.25,7.35,7.05,7.05,6492500
ESSO,20091022,7.1,7.1,6.95,7,5597400
ESSO,20091026,7.15,7.15,7.05,7.05,1655200
ESSO,20091027,6.95,7.15,6.95,7.15,2379900
ESSO,20091028,7.15,7.15,7.05,7.05,1486600
ESSO,20091029,7,7,6.9,6.95,2906900
ESSO,20091030,7.05,7.15,6.95,6.95,2273700
ESSO,20091102,6.8,6.9,6.75,6.85,2901100
ESSO,20091103,6.9,6.95,6.8,6.85,2134300
ESSO,20091104,6.9,7,6.85,7,1161000
ESSO,20091105,7,7,6.9,6.95,865700
ESSO,20091106,7.05,7.1,7,7.1,4176400
ESSO,20091109,7.1,7.2,7,7.2,6263900
ESSO,20091110,7.25,7.25,7.1,7.15,3445200
ESSO,20091111,7.15,7.15,7.05,7.15,2150700
ESSO,20091112,7.1,7.2,6.95,7,3939600
ESSO,20091113,7.05,7.1,6.95,7.1,1022600
ESSO,20091116,7.1,7.1,6.9,6.95,4820700
ESSO,20091117,6.85,6.85,6.65,6.7,15120900
ESSO,20091118,6.7,6.75,6.65,6.7,3893700
ESSO,20091119,6.7,6.7,6.55,6.6,2537800
ESSO,20091120,6.55,6.55,6.45,6.5,4159100
ESSO,20091123,6.45,6.5,6.25,6.35,5129100
ESSO,20091124,6.35,6.4,6,6.05,7437500
ESSO,20091125,6,6.15,5.9,6.1,15588700
ESSO,20091126,6.1,6.1,5.85,5.9,9204000
ESSO,20091127,5.8,5.9,5.7,5.9,5347800
ESSO,20091130,5.95,5.95,5.75,5.8,6996300
ESSO,20091201,5.85,6.15,5.8,6.15,9454600
ESSO,20091202,6.2,6.2,6,6.1,5454200
ESSO,20091203,6.05,6.2,6.05,6.2,5160300
ESSO,20091204,6.15,6.15,6.05,6.15,1847400
ESSO,20091208,6.1,6.15,6,6.15,1417300
ESSO,20091209,6,6.05,5.95,6.05,1391500
ESSO,20091211,6.1,6.15,6.05,6.1,1143200
ESSO,20091214,6.15,6.2,6.05,6.1,2084600
ESSO,20091215,6.1,6.2,6.1,6.15,1901100
ESSO,20091216,6.1,6.2,6.1,6.15,2542900
ESSO,20091217,6.2,6.4,6.2,6.35,9541900
ESSO,20091218,6.3,6.35,6.25,6.35,3024400
ESSO,20091221,6.4,6.4,6.25,6.3,2048500
ESSO,20091222,6.3,6.35,6.3,6.35,1300400
ESSO,20091223,6.4,6.4,6.35,6.35,2973000
ESSO,20091224,6.4,6.45,6.3,6.4,2912500
ESSO,20091225,6.45,6.45,6.35,6.4,1073300
ESSO,20091228,6.4,6.45,6.35,6.4,1501100
ESSO,20091229,6.4,6.45,6.35,6.45,3256500
ESSO,20091230,6.45,6.45,6.35,6.35,2145300
ESSO,20100104,6.35,6.35,6.15,6.35,3033100
ESSO,20100105,6.35,6.5,6.35,6.35,5663000
ESSO,20100106,6.35,6.45,6.35,6.35,1005700
ESSO,20100107,6.4,6.5,6.35,6.4,2272600
ESSO,20100108,6.4,6.45,6.35,6.4,1375000
ESSO,20100111,6.4,6.6,6.4,6.55,11609700
ESSO,20100112,6.5,6.65,6.5,6.6,8142200
ESSO,20100113,6.55,6.6,6.5,6.55,3621600
ESSO,20100114,6.55,6.7,6.55,6.65,6130300
ESSO,20100115,6.65,6.7,6.6,6.6,1793500
ESSO,20100118,6.55,6.6,6.5,6.55,843100
ESSO,20100119,6.55,6.6,6.4,6.4,3036400
ESSO,20100120,6.4,6.45,6.2,6.3,3489000
ESSO,20100121,6.3,6.35,6.25,6.3,1756400
ESSO,20100122,6.2,6.25,6.1,6.25,4243000
ESSO,20100125,6.15,6.25,6.1,6.2,1401600
ESSO,20100126,6.25,6.25,6.1,6.2,2620500
ESSO,20100127,6.2,6.2,6,6,3570200
ESSO,20100128,6.05,6.15,6,6.05,1677200
ESSO,20100129,6.05,6.1,6,6.1,1544100
ESSO,20100201,6.1,6.1,5.95,6.1,1387100
ESSO,20100202,6.2,6.2,6.1,6.1,1162300
ESSO,20100203,6.15,6.25,6.15,6.2,1254500
ESSO,20100204,6.25,6.45,6.2,6.3,7795300
ESSO,20100205,6.15,6.2,6.1,6.15,1784400
ESSO,20100208,6.1,6.1,6.05,6.1,1773400
ESSO,20100209,6.05,6.1,6.05,6.05,965400
ESSO,20100210,6.1,6.15,6.05,6.15,951700
ESSO,20100211,6.1,6.2,6.1,6.1,928200
ESSO,20100212,6.15,6.2,6.1,6.1,711400
ESSO,20100215,6.1,6.1,6.05,6.1,536300
ESSO,20100216,6.1,6.15,6.1,6.1,327200
ESSO,20100217,6.1,6.15,6.1,6.15,2191400
ESSO,20100218,6.2,6.2,6.1,6.1,2225500
ESSO,20100219,6.15,6.15,6.1,6.15,241700
ESSO,20100222,6.2,6.3,6.15,6.25,3629300
ESSO,20100223,6.2,6.35,6.2,6.3,4853700
ESSO,20100224,6.3,6.3,6.2,6.25,2588800
ESSO,20100225,6.25,6.4,6.25,6.3,6768900
ESSO,20100226,6.35,6.55,6.3,6.45,12690400
ESSO,20100302,6.45,6.45,6.25,6.4,11352600
ESSO,20100303,6.4,6.4,6.3,6.3,2428000
ESSO,20100304,6.35,6.35,6.2,6.25,2259600
ESSO,20100305,6.3,6.35,6.2,6.2,2449500
ESSO,20100308,6.2,6.2,6.1,6.15,1948600
ESSO,20100309,6.25,6.25,6.1,6.2,1461300
ESSO,20100310,6.15,6.25,6.15,6.2,1483900
ESSO,20100311,6.2,6.4,6.2,6.3,5897000
ESSO,20100312,6.4,6.8,6.4,6.65,52768300
ESSO,20100315,6.6,6.9,6.55,6.75,19636800
ESSO,20100316,6.75,7.25,6.75,7.15,59369400
ESSO,20100317,7.15,7.2,6.95,7.1,47854700
ESSO,20100318,7.15,7.55,7.15,7.4,125549300
ESSO,20100319,7.45,7.65,7.4,7.5,71499900
ESSO,20100322,7.45,7.8,7.45,7.55,101698700
ESSO,20100323,7.65,7.7,7.45,7.55,67023200
ESSO,20100324,7.65,7.7,7.45,7.45,54206500
ESSO,20100325,7.45,7.45,7.2,7.2,32711800
ESSO,20100326,7.2,7.25,6.95,7.1,38773400
ESSO,20100329,7.15,7.25,7.05,7.15,12780300
ESSO,20100330,7.2,7.4,7.15,7.35,19738600
ESSO,20100331,7.4,7.55,7.25,7.25,29058800
ESSO,20100401,7.35,7.45,7.3,7.35,12274400
ESSO,20100402,7.4,7.4,7.25,7.3,5395700
ESSO,20100405,7.2,7.25,7.1,7.25,5204400
ESSO,20100407,7.35,7.4,7.2,7.2,9671500
ESSO,20100408,7.2,7.2,6.85,6.9,16921700
ESSO,20100409,6.8,6.95,6.75,6.95,7142500
ESSO,20100412,6.5,6.75,6.5,6.75,9281600
ESSO,20100416,6.5,6.6,6.45,6.5,9025000
ESSO,20100419,6.4,6.4,6.15,6.2,16689600
ESSO,20100420,6.3,6.65,6.3,6.65,11095900
ESSO,20100421,6.6,6.75,6.45,6.45,9065900
ESSO,20100422,6.5,6.65,6.5,6.6,4625600
ESSO,20100423,6.4,6.55,6.4,6.55,3935500
ESSO,20100426,6.65,6.75,6.6,6.7,6064500
ESSO,20100427,6.6,6.75,6.6,6.7,2466400
ESSO,20100428,6.6,6.7,6.55,6.6,3934300
ESSO,20100429,6.65,6.65,6.55,6.55,4346600
ESSO,20100430,6.65,6.75,6.65,6.75,5470200
ESSO,20100504,6.7,6.85,6.7,6.8,10308400
ESSO,20100506,6.7,6.7,6.6,6.65,4559700
ESSO,20100507,6.55,6.55,6.45,6.55,3985900
ESSO,20100510,6.5,6.6,6.5,6.6,2257700
ESSO,20100511,6.65,6.7,6.5,6.5,2846900
ESSO,20100512,6.55,6.6,6.5,6.55,2216400
ESSO,20100513,6.55,6.65,6.45,6.45,3537500
ESSO,20100514,6.1,6.3,6.1,6.3,9264300
ESSO,20100517,6.1,6.2,6.1,6.15,2755500
ESSO,20100518,6.1,6.25,6.1,6.25,1999700
ESSO,20100519,6.15,6.35,6.15,6.35,1482800
ESSO,20100524,6.3,6.3,6.15,6.2,3029800
ESSO,20100525,6.15,6.15,6.05,6.05,4499100
ESSO,20100526,6.1,6.25,6.1,6.15,2362400
ESSO,20100527,6.15,6.3,6.1,6.3,2719600
ESSO,20100531,6.3,6.4,6.25,6.25,2010800
ESSO,20100601,6.25,6.3,6.15,6.2,1171100
ESSO,20100602,6.15,6.25,6.15,6.2,1526600
ESSO,20100603,6.3,6.4,6.25,6.25,13628100
ESSO,20100604,6.3,6.35,6.25,6.3,8870800
ESSO,20100607,6.2,6.2,6.15,6.2,4926300
ESSO,20100608,6.2,6.2,6.1,6.15,3074300
ESSO,20100609,6.15,6.2,6.1,6.2,1231100
ESSO,20100610,6.15,6.2,6.1,6.15,5001800
ESSO,20100611,6.2,6.25,6.15,6.15,2739100
ESSO,20100614,6.15,6.2,6.1,6.15,6345400
ESSO,20100615,6.15,6.25,6.15,6.2,3022300
ESSO,20100616,6.2,6.3,6.2,6.2,12010500
ESSO,20100617,6.25,6.4,6.25,6.3,12688800
ESSO,20100618,6.3,6.35,6.25,6.35,8971200
ESSO,20100621,6.45,6.5,6.35,6.5,19945100
ESSO,20100622,6.5,6.5,6.3,6.3,15617300
ESSO,20100623,6.3,6.35,6.25,6.3,7352800
ESSO,20100624,6.3,6.35,6.25,6.25,6662400
ESSO,20100625,6.25,6.35,6.25,6.3,5643400
ESSO,20100628,6.35,6.5,6.3,6.45,8887500
ESSO,20100629,6.45,6.7,6.4,6.4,20910700
ESSO,20100630,6.4,6.45,6.35,6.4,4016500
ESSO,20100702,6.35,6.4,6.3,6.35,6253800
ESSO,20100705,6.35,6.4,6.3,6.35,6217600
ESSO,20100706,6.35,6.4,6.3,6.35,5727200
ESSO,20100707,6.3,6.4,6.3,6.35,4631700
ESSO,20100708,6.45,6.45,6.3,6.3,4734400
ESSO,20100709,6.4,6.4,6.35,6.35,2344600
ESSO,20100712,6.35,6.4,6.35,6.35,2756500
ESSO,20100713,6.35,6.4,6.3,6.35,3853400
ESSO,20100714,6.4,6.4,6.3,6.3,1583200
ESSO,20100715,6.3,6.35,6.25,6.25,2887900
ESSO,20100716,6.25,6.3,6.25,6.25,4057900
ESSO,20100719,6.25,6.35,6.2,6.3,6277800
ESSO,20100720,6.3,6.3,6.2,6.2,5841000
ESSO,20100721,6.2,6.25,6.15,6.2,4033200
ESSO,20100722,6.15,6.25,6.15,6.25,2814700
ESSO,20100723,6.25,6.35,6.2,6.3,3625100
ESSO,20100727,6.3,6.45,6.3,6.4,9459200
ESSO,20100728,6.45,6.5,6.35,6.4,4549900
ESSO,20100729,6.35,6.5,6.35,6.4,6288300
ESSO,20100730,6.4,6.4,6.3,6.3,3620400
ESSO,20100802,6.35,6.45,6.3,6.45,6145900
ESSO,20100803,6.4,6.5,6.4,6.4,4174400
ESSO,20100804,6.4,6.45,6.3,6.45,9051100
ESSO,20100805,6.45,6.45,6.35,6.4,3200800
ESSO,20100806,6.5,7.2,6.45,7.1,159970300
ESSO,20100809,7.25,7.3,6.85,6.9,55185200
ESSO,20100810,6.95,6.95,6.65,6.65,24881400
ESSO,20100811,6.7,6.95,6.65,6.75,17645300
ESSO,20100816,6.55,6.55,6.3,6.35,20000300
ESSO,20100817,6.4,6.45,6.35,6.4,5619500
ESSO,20100818,6.45,6.65,6.4,6.55,9266300
ESSO,20100819,6.6,6.75,6.55,6.55,14622100
ESSO,20100820,6.6,6.65,6.55,6.55,5811900
ESSO,20100823,6.8,6.8,6.55,6.55,7684500
ESSO,20100824,6.55,6.6,6.4,6.45,5320600
ESSO,20100825,6.5,6.55,6.4,6.4,6092200
ESSO,20100826,6.45,6.55,6.4,6.45,6563400
ESSO,20100827,6.5,6.55,6.45,6.55,4090000
ESSO,20100830,6.6,6.6,6.45,6.5,7535000
ESSO,20100831,6.55,6.55,6.45,6.5,5674700
ESSO,20100901,6.55,6.8,6.5,6.65,20225500
ESSO,20100902,6.7,6.7,6.5,6.6,9165700
ESSO,20100903,6.55,6.75,6.55,6.65,17145100
ESSO,20100906,6.7,6.85,6.6,6.6,21036500
ESSO,20100907,6.6,6.65,6.55,6.55,6947900
ESSO,20100908,6.5,6.55,6.5,6.5,4180800
ESSO,20100909,6.55,6.6,6.45,6.5,4523600
ESSO,20100910,6.5,6.7,6.45,6.6,11669300
ESSO,20100913,6.65,6.7,6.6,6.6,4490300
ESSO,20100914,6.65,6.65,6.55,6.55,3062600
ESSO,20100915,6.55,6.55,6.45,6.5,6082200
ESSO,20100916,6.5,6.55,6.5,6.5,1727000
ESSO,20100917,6.5,6.55,6.45,6.5,2060800
ESSO,20100920,6.5,6.5,6.45,6.45,434800
ESSO,20100921,6.5,6.55,6.45,6.55,2019100
ESSO,20100922,6.55,6.6,6.5,6.5,3271000
ESSO,20100923,6.5,6.55,6.5,6.5,2300900
ESSO,20100924,6.5,6.55,6.4,6.55,3462700
ESSO,20100927,6.55,6.65,6.55,6.55,6691600
ESSO,20100928,6.6,6.6,6.55,6.6,5198400
ESSO,20100929,6.65,6.65,6.55,6.6,5603900
ESSO,20100930,6.6,6.65,6.55,6.6,3307600
ESSO,20101001,6.6,6.85,6.6,6.8,26981400
ESSO,20101004,6.85,7,6.7,6.75,29096700
ESSO,20101005,6.75,6.8,6.65,6.75,4916500
ESSO,20101006,6.8,6.85,6.7,6.75,5550000
ESSO,20101007,6.85,6.9,6.75,6.8,12629500
ESSO,20101008,6.85,6.9,6.7,6.75,4897100
ESSO,20101011,6.75,6.8,6.75,6.75,3622100
ESSO,20101012,6.85,6.85,6.7,6.7,5250800
ESSO,20101013,6.8,6.85,6.75,6.75,4525800
ESSO,20101014,6.8,6.85,6.75,6.8,8559900
ESSO,20101015,6.85,7.1,6.85,7,34026700
ESSO,20101018,7,7.05,6.85,6.9,13023200
ESSO,20101019,6.95,6.95,6.8,6.9,9604900
ESSO,20101020,6.8,6.85,6.8,6.85,2313100
ESSO,20101021,6.9,6.9,6.8,6.8,2619500
ESSO,20101022,6.8,6.95,6.8,6.8,8866400
ESSO,20101026,6.9,7,6.85,6.9,9325100
ESSO,20101027,6.95,6.95,6.85,6.85,7705000
ESSO,20101028,6.8,6.9,6.8,6.8,5025100
ESSO,20101029,6.8,6.8,6.7,6.7,8419100
ESSO,20101101,6.8,6.95,6.75,6.8,8492700
ESSO,20101102,6.8,6.85,6.75,6.75,2226800
ESSO,20101103,6.85,6.95,6.8,6.8,10970900
ESSO,20101104,6.9,7.05,6.85,6.9,16927300
ESSO,20101105,7,7.05,6.9,6.95,12191600
ESSO,20101108,6.95,7.15,6.95,7.05,24331900
ESSO,20101109,7,7.05,6.95,6.95,6572400
ESSO,20101110,6.95,6.95,6.8,6.9,7253100
ESSO,20101111,6.85,6.9,6.75,6.8,5693500
ESSO,20101112,6.6,6.65,6.5,6.6,13183700
ESSO,20101115,6.55,6.6,6.5,6.55,3396500
ESSO,20101116,6.55,6.6,6.5,6.5,4140500
ESSO,20101117,6.45,6.5,6.35,6.35,6138600
ESSO,20101118,6.4,6.5,6.4,6.45,1648300
ESSO,20101119,6.5,6.65,6.45,6.5,3971600
ESSO,20101122,6.5,6.6,6.5,6.6,1789600
ESSO,20101123,6.5,6.6,6.4,6.6,2576200
ESSO,20101124,6.55,6.55,6.45,6.5,1620200
ESSO,20101125,6.6,6.6,6.5,6.5,1075900
ESSO,20101126,6.5,6.6,6.4,6.5,1946900
ESSO,20101129,6.5,6.55,6.45,6.55,1446000
ESSO,20101130,6.5,6.6,6.5,6.5,1990200
ESSO,20101201,6.6,6.65,6.5,6.6,3078400
ESSO,20101202,6.65,7.05,6.6,7,51579200
ESSO,20101203,7.25,7.45,7.2,7.4,115086400
ESSO,20101207,7.5,7.7,7.45,7.7,65455800
ESSO,20101208,7.6,7.6,7.25,7.3,27818900
ESSO,20101209,7.35,7.4,7.25,7.35,14367400
ESSO,20101213,7.4,7.45,7.25,7.25,6228400
ESSO,20101214,7.35,7.9,7.3,7.85,55803600
ESSO,20101215,7.8,8.4,7.7,8.1,123983500
ESSO,20101216,8.15,8.15,7.75,7.95,35069800
ESSO,20101217,8,8,7.65,7.7,14463400
ESSO,20101220,7.7,7.75,7.2,7.25,28352400
ESSO,20101221,7.35,7.45,7.25,7.45,28118600
ESSO,20101222,7.45,7.65,7.4,7.6,15595200
ESSO,20101223,7.7,7.75,7.5,7.5,8121400
ESSO,20101224,7.55,7.6,7.5,7.6,5216000
ESSO,20101227,7.55,7.65,7.55,7.55,1377700
ESSO,20101228,7.55,7.85,7.55,7.85,6085700
ESSO,20101229,7.95,8.1,7.9,7.9,24993000
ESSO,20101230,7.9,8.1,7.8,7.95,26274800
ESSO,20110104,8.2,8.3,8.05,8.1,26970100
ESSO,20110105,8.05,8.1,7.95,8.05,13030400
ESSO,20110106,8.1,8.15,7.95,8,14662800
ESSO,20110107,7.95,7.95,7.8,7.85,8271300
ESSO,20110110,7.75,7.75,7.5,7.6,6131100
ESSO,20110111,7.5,7.7,7.45,7.45,10035800
ESSO,20110112,7.6,7.7,7.35,7.55,14596600
ESSO,20110113,7.65,7.95,7.55,7.95,16567200
ESSO,20110114,7.85,7.95,7.75,7.85,6458100
ESSO,20110117,7.8,7.8,7.7,7.8,3983200
ESSO,20110118,7.8,7.85,7.55,7.55,8100400
ESSO,20110119,7.7,7.85,7.65,7.7,10226300
ESSO,20110120,7.7,7.7,7.45,7.45,12987400
ESSO,20110121,7.5,7.5,7.3,7.4,6646700
ESSO,20110124,7.3,7.4,7.15,7.15,6625300
ESSO,20110125,7.2,7.3,6.85,6.9,6066300
ESSO,20110126,6.95,7.3,6.95,7.3,4299100
ESSO,20110127,7.25,7.45,7.25,7.35,7062800
ESSO,20110128,7.3,7.35,7.2,7.3,2197300
ESSO,20110131,7.25,7.5,7.2,7.45,9878900
ESSO,20110201,7.6,7.65,7.4,7.5,10055400
ESSO,20110202,7.6,7.9,7.55,7.8,21241000
ESSO,20110203,7.85,8.05,7.85,8,24926900
ESSO,20110204,8.1,8.1,7.9,7.95,21187600
ESSO,20110207,7.8,8.1,7.8,8.05,9921400
ESSO,20110208,8.05,8.05,7.9,7.95,2680600
ESSO,20110209,7.9,7.95,7.7,7.75,10161700
ESSO,20110210,7.6,7.65,7.4,7.55,6607300
ESSO,20110211,7.5,7.55,7.35,7.55,6361100
ESSO,20110214,7.65,7.65,7.55,7.6,2615200
ESSO,20110215,7.65,7.75,7.55,7.65,10215200
ESSO,20110216,7.65,8,7.65,7.85,16165700
ESSO,20110217,7.9,7.95,7.75,7.8,4506500
ESSO,20110221,7.9,8.05,7.75,7.95,13273700
ESSO,20110222,8,8.2,7.9,7.9,19105200
ESSO,20110223,8.1,8.35,8.1,8.25,48325700
ESSO,20110224,8.35,8.7,8.35,8.45,74524900
ESSO,20110225,8.4,8.5,8.35,8.35,11565400
ESSO,20110228,8.35,8.45,8.3,8.4,6316200
ESSO,20110301,8.45,8.5,8.2,8.5,10833600
ESSO,20110302,8.45,8.55,8.4,8.5,8034100
ESSO,20110303,8.6,8.8,8.6,8.7,18294600
ESSO,20110304,8.8,9.35,8.75,9.3,52699200
ESSO,20110307,9.25,9.5,9.15,9.3,27642000
ESSO,20110308,9.35,9.35,8.75,8.95,33807300
ESSO,20110309,9,9,8.8,8.9,12736700
ESSO,20110310,8.85,9.15,8.85,9.05,18586500
ESSO,20110311,9,9.15,8.7,9.15,29066000
ESSO,20110314,9.25,9.6,9.25,9.6,46044700
ESSO,20110315,9.45,9.45,9.15,9.35,31302300
ESSO,20110316,9.45,10,9.35,9.9,51148600
ESSO,20110317,9.8,10.4,9.75,10.4,78778900
ESSO,20110318,10.3,10.5,10.1,10.3,53780200
ESSO,20110321,10.5,10.9,10.4,10.9,41726500
ESSO,20110322,10.9,10.9,10.2,10.5,33348000
ESSO,20110323,10.5,11,10.4,11,39769600
ESSO,20110324,11,11,10.6,10.9,31641500
ESSO,20110325,10.9,11.6,10.9,11.5,74863400
ESSO,20110328,11.5,11.8,11.2,11.2,54911400
ESSO,20110329,11.2,11.5,11.1,11.4,37567100
ESSO,20110330,11.5,11.6,11.2,11.2,20727500
ESSO,20110331,11.2,11.3,10.9,10.9,15448000
ESSO,20110401,11,11.3,10.5,11.2,42508400
ESSO,20110404,11.4,11.4,11.1,11.2,24669200
ESSO,20110405,11.2,11.2,10.8,10.9,17872600
ESSO,20110407,11,11.1,10.2,10.3,61625100
ESSO,20110408,10.4,10.5,9.85,9.85,35409400
ESSO,20110411,9.9,10.3,9.9,10.1,27574900
ESSO,20110412,10.1,10.7,10,10.5,34306600
ESSO,20110418,10.7,11,10.6,10.9,40989700
ESSO,20110419,10.7,10.8,10.5,10.6,24647600
ESSO,20110420,10.9,11.3,10.8,11.3,52808500
ESSO,20110421,11.4,11.4,11,11.2,20205000
ESSO,20110422,11.1,11.2,11,11.1,10647600
ESSO,20110425,11.1,11.2,11,11.1,7447300
ESSO,20110426,11,11.3,10.9,11.3,13820500
ESSO,20110427,11.4,11.5,11.1,11.2,23838700
ESSO,20110428,11.3,11.4,11.1,11.1,7046500
ESSO,20110429,11.1,11.2,10.7,10.8,15884800
ESSO,20110503,10.7,10.8,10.5,10.6,11252900
ESSO,20110504,10.6,11,10.5,11,10500500
ESSO,20110506,11.5,11.5,10.7,10.9,45087300
ESSO,20110509,11,11.7,11,11.5,76328400
ESSO,20110510,11.5,11.5,11.2,11.5,29519000
ESSO,20110511,11.5,12.1,11.5,11.8,107465700
ESSO,20110512,12,13.6,11.9,13.1,171721500
ESSO,20110513,13.4,13.6,12.4,12.8,73093600
ESSO,20110518,12.7,13.3,12.5,13.2,46870000
ESSO,20110519,13.4,13.4,12.9,13.3,33196500
ESSO,20110520,13.3,14,13,13.8,55233100
ESSO,20110523,13.6,14,12.9,12.9,72647300
ESSO,20110524,13,13.1,12.1,12.6,78056000
ESSO,20110525,12.5,12.8,12.3,12.5,16553000
ESSO,20110526,12.7,13.1,12.6,12.6,37521300
ESSO,20110527,12.7,12.8,12.3,12.6,23076100
ESSO,20110530,12.7,12.8,12.4,12.5,16104500
ESSO,20110531,12.6,12.7,12.4,12.6,18011700
ESSO,20110601,12.7,12.7,12.1,12.1,31467500
ESSO,20110602,12,12.3,12,12.2,15029000
ESSO,20110603,12.2,12.7,12.2,12.5,35756700
ESSO,20110606,12.5,12.5,12.2,12.3,15847300
ESSO,20110607,12.3,12.4,12.1,12.1,12486900
ESSO,20110608,12.1,12.2,11.1,11.2,36528400
ESSO,20110609,11.2,11.7,11.2,11.6,40194200
ESSO,20110610,11.7,11.9,11.4,11.4,24468800
ESSO,20110613,11.4,11.6,11.3,11.4,18756000
ESSO,20110614,11.5,11.6,11.4,11.6,15759000
ESSO,20110615,11.6,11.7,11.4,11.4,15778200
ESSO,20110616,11.2,11.4,11.2,11.2,11304400
ESSO,20110617,11.3,11.5,11,11,15335200
ESSO,20110620,11.1,11.2,10.8,10.8,12403400
ESSO,20110621,10.9,11.4,10.8,11.2,20607600
ESSO,20110622,11.3,11.4,11.1,11.1,14942500
ESSO,20110623,11,11.1,10.8,10.9,4007100
ESSO,20110624,11,11,10.7,10.8,10206400
ESSO,20110627,10.7,10.7,10.5,10.5,11072900
ESSO,20110628,10.5,10.7,10.5,10.5,11076500
ESSO,20110629,10.7,11.2,10.6,11.1,21138100
ESSO,20110630,11.3,11.6,11.1,11.3,29921100
ESSO,20110704,11.7,12.1,11.4,11.9,38430900
ESSO,20110705,11.9,12.2,11.6,11.9,32103900
ESSO,20110706,12.1,12.2,11.7,11.8,32118900
ESSO,20110707,11.9,11.9,11.3,11.5,42871200
ESSO,20110708,11.6,11.7,11.2,11.3,17042600
ESSO,20110711,11.2,11.4,11.1,11.2,5933200
ESSO,20110712,11.1,11.2,10.9,10.9,11291800
ESSO,20110713,11.1,11.3,11,11.3,9442700
ESSO,20110714,11.4,11.5,11.2,11.2,9686400
ESSO,20110718,11.3,11.5,11.1,11.2,10473600
ESSO,20110719,11.3,11.6,11.2,11.4,19782500
ESSO,20110720,11.5,11.6,11.3,11.3,16803600
ESSO,20110721,11.3,11.5,11.3,11.3,22164700
ESSO,20110722,11.5,11.7,11.4,11.5,36261400
ESSO,20110725,11.5,11.6,11.4,11.4,12669600
ESSO,20110726,11.5,11.9,11.3,11.9,41371100
ESSO,20110727,11.9,12.3,11.7,12,78760100
ESSO,20110728,11.9,12.2,11.8,12.2,37290500
ESSO,20110729,12.2,12.4,12,12.2,38471000
ESSO,20110801,12.3,12.5,12.1,12.4,33700000
ESSO,20110802,12.4,12.5,12.2,12.3,30581200
ESSO,20110803,12.1,12.3,12,12.2,16913900
ESSO,20110804,12.3,12.3,11.8,11.8,15959100
ESSO,20110805,11.2,11.3,10.8,11,44384800
ESSO,20110808,10.6,11.1,10.4,10.9,27358900
ESSO,20110809,10.4,10.8,10,10.2,50006900
ESSO,20110810,10.5,10.8,10.4,10.8,19308400
ESSO,20110811,10.6,10.7,10.4,10.5,23429200
ESSO,20110815,10.7,11,10.6,11,22252900
ESSO,20110816,11.2,11.2,10.6,10.6,13833200
ESSO,20110817,10.7,11.3,10.6,11.2,40398800
ESSO,20110818,11.2,11.5,11,11,26504900
ESSO,20110819,10.7,10.9,10.6,10.7,15119900
ESSO,20110822,10.8,10.8,10.4,10.6,16063300
ESSO,20110823,10.7,10.7,10.2,10.2,18577500
ESSO,20110824,10.3,10.6,9.7,9.85,39943200
ESSO,20110825,10.1,10.2,9.15,9.2,39106200
ESSO,20110826,9,9.95,9,9.7,36027600
ESSO,20110829,9.9,10.1,9.65,10,52565200
ESSO,20110830,10.2,10.5,9.8,9.8,49300300
ESSO,20110831,10.2,10.4,10.1,10.3,68457000
ESSO,20110901,10.5,10.6,10.2,10.4,47781900
ESSO,20110902,10.4,10.5,10.2,10.3,12798300
ESSO,20110905,10.2,10.3,10,10.1,14725300
ESSO,20110906,10,10.2,9.9,10.1,17132300
ESSO,20110907,10.2,10.3,10.1,10.2,15724500
ESSO,20110908,10.3,10.6,10.2,10.6,42655000
ESSO,20110909,10.5,10.6,10.3,10.4,16070400
ESSO,20110912,10.2,10.3,10.1,10.1,19977200
ESSO,20110913,10.2,10.3,9.95,10.1,13075800
ESSO,20110914,10.1,10.2,9.9,10,19289400
ESSO,20110915,10.1,10.4,10,10.3,24848600
ESSO,20110916,10.2,10.3,10,10.1,12046100
ESSO,20110919,10.1,10.1,9.95,10,9993300
ESSO,20110920,10.1,10.1,9.8,10,17724400
ESSO,20110921,10,10.2,9.95,10,8333200
ESSO,20110922,9.9,9.95,9.4,9.4,23250400
ESSO,20110923,9.1,9.3,8.75,8.85,31286800
ESSO,20110926,8.65,8.7,7.75,8.15,30737100
ESSO,20110927,8.45,9,8.3,8.95,25890300
ESSO,20110928,8.8,8.9,8.65,8.85,16968800
ESSO,20110929,8.7,9.5,8.6,9.4,38742200
ESSO,20110930,9.4,9.45,9,9.05,15354800
ESSO,20111003,8.5,8.8,8.3,8.45,13081700
ESSO,20111004,8.55,8.75,8.45,8.6,36280600
ESSO,20111005,8.65,8.95,8.6,8.65,20025200
ESSO,20111006,8.9,9.1,8.75,9,26455800
ESSO,20111007,9.15,9.2,8.75,8.75,16996200
ESSO,20111010,8.7,9.05,8.7,9,17076000
ESSO,20111011,9.15,9.5,9.05,9.3,43372200
ESSO,20111012,9.25,9.5,9.05,9.5,28894400
ESSO,20111013,9.5,9.6,9.3,9.3,11838200
ESSO,20111014,9.25,9.45,9.15,9.4,9267300
ESSO,20111017,9.5,9.6,9.45,9.55,10431100
ESSO,20111018,9.35,9.4,9.15,9.25,4986900
ESSO,20111019,9.3,9.35,9,9,4293600
ESSO,20111020,8.95,9,8.75,8.85,3771200
ESSO,20111021,8.8,8.95,8.75,8.9,2939900
ESSO,20111025,9,9.1,8.85,8.9,11790100
ESSO,20111026,8.8,8.9,8.7,8.8,7328200
ESSO,20111027,8.9,9.05,8.85,9,19226900
ESSO,20111028,9.1,9.4,9.05,9.05,28377700
ESSO,20111031,9.1,9.15,9,9.1,6323800
ESSO,20111101,8.95,9.1,8.8,8.8,9282200
ESSO,20111102,8.7,9,8.7,8.9,7111100
ESSO,20111103,8.8,8.9,8.75,8.85,9016100
ESSO,20111104,8.9,8.95,8.75,8.75,6456900
ESSO,20111107,8.8,8.85,8.7,8.75,2626900
ESSO,20111108,8.85,9.1,8.8,9.1,10655700
ESSO,20111109,9.05,9.05,8.8,8.85,11152200
ESSO,20111110,8.75,8.85,8.75,8.85,4873800
ESSO,20111111,8.85,8.95,8.8,8.8,3758800
ESSO,20111114,8.95,9.25,8.9,9,25612800
ESSO,20111115,8.95,9.1,8.95,8.95,16362500
ESSO,20111116,9,9.15,8.95,9.15,14128400
ESSO,20111117,9.15,9.35,9.1,9.2,30936300
ESSO,20111118,9.1,9.15,9.05,9.05,12532300
ESSO,20111121,9.05,9.05,8.8,8.8,8030100
ESSO,20111122,8.9,8.95,8.7,8.85,8270400
ESSO,20111123,8.8,8.9,8.75,8.8,4265600
ESSO,20111124,8.8,8.9,8.75,8.75,9746100
ESSO,20111125,8.75,8.8,8.7,8.7,3947800
ESSO,20111128,8.7,8.9,8.7,8.85,4008900
ESSO,20111129,8.85,8.9,8.8,8.8,5047300
ESSO,20111130,8.9,8.9,8.75,8.8,7627500
ESSO,20111201,9.05,9.15,9,9.05,20536400
ESSO,20111202,9.05,9.2,9.05,9.1,16834100
ESSO,20111206,9.1,9.5,9.1,9.45,40349200
ESSO,20111207,9.45,9.5,9.3,9.45,30996300
ESSO,20111208,9.4,9.75,9.35,9.5,35683300
ESSO,20111209,9.45,9.55,9.25,9.3,23328300
ESSO,20111213,9.25,9.5,9.25,9.4,11185500
ESSO,20111214,9.45,9.65,9.45,9.5,27700300
ESSO,20111215,9.45,10.3,9.3,10.3,63342900
ESSO,20111216,10.2,10.4,10,10.2,45436100
ESSO,20111219,10.2,11.2,10.2,11,78909400
ESSO,20111220,11.3,11.3,10.7,11.1,62493200
ESSO,20111221,11.2,11.3,10.8,10.9,31637900
ESSO,20111222,10.8,11.4,10.8,11.4,39870200
ESSO,20111223,11.3,11.5,11,11.1,25878700
ESSO,20111226,11.2,11.3,10.8,10.8,19114500
ESSO,20111227,10.9,10.9,10.6,10.6,12829000
ESSO,20111228,10.6,10.9,10.6,10.8,9422700
ESSO,20111229,10.7,11.1,10.7,11,18228700
ESSO,20111230,11,11,10.8,10.8,4800900
ESSO,20120104,11.1,11.4,11,11.2,28129900
ESSO,20120105,11.2,11.5,11.1,11.3,33746200
ESSO,20120106,11.2,11.3,11,11.3,12314800
ESSO,20120109,11.3,11.6,11.1,11.6,37157000
ESSO,20120110,11.8,11.9,11.6,11.8,40442200
ESSO,20120111,11.8,11.9,11.6,11.7,19466000
ESSO,20120112,11.7,11.7,11.4,11.5,23458500
ESSO,20120113,11.5,11.5,11.3,11.5,17084200
ESSO,20120116,11.4,11.4,11.1,11.4,17424600
ESSO,20120117,11.5,11.6,11.3,11.5,16630900
ESSO,20120118,11.4,11.5,11,11,37007600
ESSO,20120119,11.1,11.8,11.1,11.8,54078900
ESSO,20120120,11.8,12.4,11.5,12.4,99291500
ESSO,20120123,12.7,13,12.6,12.9,74701800
ESSO,20120124,12.9,12.9,12.6,12.7,49031000
ESSO,20120125,13.1,13.2,12.8,13,62803000
ESSO,20120126,13,13.5,12.8,13.4,63613800
ESSO,20120127,13.3,13.4,13.1,13.3,27551200
ESSO,20120130,13.1,13.3,12.9,13.3,38738300
ESSO,20120131,13.2,13.4,13.1,13.1,47739400
ESSO,20120201,13.2,13.3,13.1,13.2,22307400
ESSO,20120202,13.2,13.2,12.9,12.9,37734700
ESSO,20120203,13,13.2,12.9,13.2,25578900
ESSO,20120206,13.2,13.2,12.8,12.8,20234400
ESSO,20120207,12.9,13,12.7,12.9,31558200
ESSO,20120208,13,13.2,12.9,13,29130900
ESSO,20120209,13.1,13.9,13,13.7,136826600
ESSO,20120210,13.6,13.6,13.2,13.3,58239800
ESSO,20120213,13.4,13.4,13.2,13.3,27017300
ESSO,20120214,13.3,13.4,12.9,13,38657500
ESSO,20120215,13.1,13.3,13.1,13.3,16154400
ESSO,20120216,13.2,13.4,13,13.1,26670600
ESSO,20120217,13.2,13.3,13,13.1,24312200
ESSO,20120220,13.4,13.7,13.4,13.6,58196300
ESSO,20120221,13.7,13.8,13.4,13.5,26204800
ESSO,20120222,13.5,13.6,13.2,13.2,15054700
ESSO,20120223,13.2,13.5,13.1,13.4,21773800
ESSO,20120224,13.4,13.4,13.2,13.3,13542800
ESSO,20120227,13.4,13.4,13.1,13.2,13714800
ESSO,20120228,13.2,13.5,13.1,13.3,15456500
ESSO,20120229,13.3,13.4,13.2,13.4,11172000
ESSO,20120301,13.2,13.8,13.1,13.7,67133400
ESSO,20120302,13.7,14.4,13.5,14.3,93155000
ESSO,20120305,14.2,14.5,14.1,14.2,48828500
ESSO,20120306,14.2,14.4,14.1,14.2,28571200
ESSO,20120308,14.3,14.5,14.2,14.3,25338200
ESSO,20120309,14.4,14.4,14,14.4,27816900
ESSO,20120312,14.4,14.4,14,14.1,32630300
ESSO,20120313,14.3,14.4,14,14.3,32603500
ESSO,20120314,14.4,14.6,14.3,14.5,56505800
ESSO,20120315,14.4,14.4,13.6,13.6,92632500
ESSO,20120316,13.6,13.9,13.5,13.7,41956300
ESSO,20120319,13.7,13.8,12.8,12.9,80714100
ESSO,20120320,12.9,13.2,12.9,13,31014000
ESSO,20120321,13.1,13.1,12.9,13,21521900
ESSO,20120322,13.1,13.1,12.6,12.6,28510000
ESSO,20120323,12.7,13,12.6,12.9,29770900
ESSO,20120326,12.9,13,12.7,12.7,11236500
ESSO,20120327,12.8,13,12.7,12.9,14159100
ESSO,20120328,12.9,13.3,12.8,13.1,32319000
ESSO,20120329,13.2,13.4,13.1,13.1,31845200
ESSO,20120330,13.1,13.2,12.8,12.8,13856400
ESSO,20120402,12.9,13,12.7,12.8,10104300
ESSO,20120403,12.9,13,12.4,12.4,60758500
ESSO,20120404,12.5,12.5,11.9,12,49237600
ESSO,20120405,11.9,12.1,11.7,11.8,26013100
ESSO,20120410,11.7,11.8,11.3,11.5,20067300
ESSO,20120411,11.3,12,11.3,11.7,25172900
ESSO,20120412,11.8,12,11.8,12,12835200
ESSO,20120417,12,12.1,11.4,11.5,17400100
ESSO,20120418,11.7,11.7,11.4,11.4,14897700
ESSO,20120419,11.4,11.6,11.3,11.4,33809600
ESSO,20120420,11.4,11.7,11.3,11.5,27515300
ESSO,20120423,11.6,11.6,11.3,11.3,17272100
ESSO,20120424,11.4,11.6,11.3,11.4,11053700
ESSO,20120425,11.5,11.8,11.4,11.8,26000300
ESSO,20120426,11.9,12.2,11.8,11.8,48420000
ESSO,20120427,11.9,12,11.7,11.7,18374800
ESSO,20120430,11.8,11.9,11.7,11.7,12500700
ESSO,20120502,11.9,12.1,11.8,12,20654500
ESSO,20120503,12,12,11.6,11.6,19791100
ESSO,20120504,11.6,11.7,11.3,11.4,16949200
ESSO,20120508,11.3,11.4,11.2,11.2,11807800
ESSO,20120509,11.1,11.2,11,11,17608900
ESSO,20120510,11,11,10.6,10.6,17157700
ESSO,20120511,10.6,10.8,10.5,10.7,10868200
ESSO,20120514,10.7,10.8,9.9,10,14902200
ESSO,20120515,9.95,10.4,9.9,10.4,11079000
ESSO,20120516,10,10.4,10,10.3,12568800
ESSO,20120517,10.4,10.5,10.1,10.3,8155900
ESSO,20120518,10.1,10.2,10,10.2,5455100
ESSO,20120521,10.1,10.2,9.9,9.9,9069300
ESSO,20120522,10.1,10.1,9.6,9.6,13496200
ESSO,20120523,9.55,9.55,9.05,9.1,14210200
ESSO,20120524,9.1,9.4,9,9.4,15229300
ESSO,20120525,9.3,9.35,9.15,9.3,10029700
ESSO,20120528,9.2,9.4,9.2,9.3,4498000
ESSO,20120529,9.3,9.55,9.3,9.45,20324900
ESSO,20120530,9.3,9.35,9,9,15760500
ESSO,20120531,8.9,9.15,8.8,9.15,9069100
ESSO,20120601,9.05,9.1,8.9,8.95,5412000
ESSO,20120605,8.95,9,8.85,8.9,4328000
ESSO,20120606,8.95,9.15,8.95,9.1,8653800
ESSO,20120607,9.2,9.3,9.05,9.05,10366200
ESSO,20120608,9.05,9.4,9,9.4,9255200
ESSO,20120611,9.6,10.4,9.5,10.3,53724700
ESSO,20120612,10.1,10.3,9.95,10.3,45638100
ESSO,20120613,10.3,10.4,9.95,9.95,21335900
ESSO,20120614,9.9,10.2,9.85,9.9,14230400
ESSO,20120615,10.1,10.4,10,10.1,41043900
ESSO,20120618,10.3,10.6,10.2,10.3,32229100
ESSO,20120619,10.3,10.8,10.2,10.7,29446600
ESSO,20120620,10.7,10.8,10.5,10.6,16389700
ESSO,20120621,10.5,10.5,10.2,10.3,16075000
ESSO,20120622,10.1,10.2,9.9,10.1,19909600
ESSO,20120625,10.1,10.2,9.8,9.8,11847600
ESSO,20120626,9.85,10.1,9.85,9.9,7135100
ESSO,20120627,10.1,10.1,10,10,4695500
ESSO,20120628,10.1,10.2,9.9,9.95,8331500
ESSO,20120629,10,10.3,10,10.1,19322700
ESSO,20120702,10.5,10.5,10.2,10.5,32332400
ESSO,20120703,10.5,10.7,10.3,10.6,27546800
ESSO,20120704,10.8,11,10.7,10.7,34932400
ESSO,20120705,10.7,11.1,10.6,11,31027900
ESSO,20120706,11,11,10.6,10.7,15870500
ESSO,20120709,10.5,10.6,10.3,10.3,14999200
ESSO,20120710,10.4,10.5,10.3,10.4,27637700
ESSO,20120711,10.4,10.4,10.2,10.3,12370700
ESSO,20120712,10.2,10.3,10.1,10.2,8230800
ESSO,20120713,10.1,10.5,10.1,10.5,15795200
ESSO,20120716,10.5,10.6,10.4,10.4,6694000
ESSO,20120717,10.6,10.9,10.5,10.8,27852100
ESSO,20120718,10.8,10.9,10.6,10.6,9350900
ESSO,20120719,10.9,11,10.7,10.8,23909000
ESSO,20120720,10.9,11,10.7,10.8,12241900
ESSO,20120723,10.5,10.6,10.2,10.3,18255400
ESSO,20120724,10.3,10.3,10.2,10.2,7330800
ESSO,20120725,10.2,10.3,10.1,10.2,8572800
ESSO,20120726,10.2,10.4,10,10,7853800
ESSO,20120727,10.3,10.3,10,10,9983500
ESSO,20120730,10.1,10.3,10.1,10.2,5263400
ESSO,20120731,10.2,10.3,10.1,10.3,6104300
ESSO,20120801,10.2,10.3,10.1,10.2,5858100
ESSO,20120803,10.1,10.2,10,10.2,4627700
ESSO,20120806,10.3,10.5,10.2,10.4,20391700
ESSO,20120807,10.5,10.7,10.4,10.6,24697400
ESSO,20120808,10.8,11,10.6,10.7,43578600
ESSO,20120809,10.8,11.3,10.8,11,89125600
ESSO,20120810,11,11,10.7,11,22002600
ESSO,20120814,10.8,11.2,10.7,11.1,20172500
ESSO,20120815,11,11.4,11,11.2,37392400
ESSO,20120816,11.2,11.3,11,11,29086500
ESSO,20120817,11.2,11.2,10.9,11.2,15381000
ESSO,20120820,11.1,11.2,11,11.2,8681100
ESSO,20120821,11.1,11.4,11.1,11.3,20825900
ESSO,20120822,11.2,11.3,11.1,11.2,10242700
ESSO,20120823,11.2,11.3,10.9,11,20748100
ESSO,20120824,10.8,11,10.6,10.7,27506100
ESSO,20120827,10.9,11,10.7,10.8,16956100
ESSO,20120828,10.7,10.8,10.6,10.6,14743300
ESSO,20120829,10.7,10.8,10.3,10.3,17503700
ESSO,20120830,10.3,10.4,10.1,10.3,13239100
ESSO,20120831,10.3,10.5,10.3,10.5,11384400
ESSO,20120903,10.6,10.8,10.5,10.6,7320000
ESSO,20120904,10.8,10.9,10.6,10.7,12429300
ESSO,20120905,10.7,10.8,10.5,10.5,6903200
ESSO,20120906,10.6,10.7,10.5,10.6,4829100
ESSO,20120907,10.7,10.8,10.4,10.5,15109200
ESSO,20120910,10.5,10.6,10.4,10.5,12331500
ESSO,20120911,10.5,10.7,10.4,10.5,19989200
ESSO,20120912,10.6,10.9,10.6,10.9,32208800
ESSO,20120913,10.9,11.1,10.8,10.9,23844200
ESSO,20120914,11.3,11.3,11,11.1,46176700
ESSO,20120917,11.2,11.3,11.1,11.2,19276700
ESSO,20120918,11.1,11.2,10.8,10.9,15817100
ESSO,20120919,10.9,11.2,10.9,11,15985400
ESSO,20120920,10.9,10.9,10.8,10.9,7655300
ESSO,20120921,10.9,11,10.8,11,12887900
ESSO,20120924,10.8,10.9,10.6,10.7,13474700
ESSO,20120925,10.8,10.8,10.7,10.7,5293800
ESSO,20120926,10.6,10.7,10.5,10.6,7928100
ESSO,20120927,10.6,10.8,10.6,10.7,6639200
ESSO,20120928,10.8,10.9,10.7,10.7,5296100
ESSO,20121001,10.7,10.8,10.6,10.7,3181900
ESSO,20121002,10.7,10.8,10.6,10.6,3179800
ESSO,20121003,10.6,11.2,10.6,11,38278000
ESSO,20121004,10.9,10.9,10.7,10.7,13528800
ESSO,20121005,10.9,11.1,10.8,11,26111900
ESSO,20121008,10.9,11,10.8,10.8,10069200
ESSO,20121009,10.9,11,10.7,10.7,6997600
ESSO,20121010,10.7,10.8,10.6,10.7,4778300
ESSO,20121011,10.7,10.9,10.6,10.8,7104400
ESSO,20121012,10.9,11.2,10.8,10.9,24836400
ESSO,20121015,10.9,11,10.8,10.8,5863600
ESSO,20121016,10.9,10.9,10.7,10.7,6604200
ESSO,20121017,10.8,11,10.8,10.9,11159000
ESSO,20121018,11,11.2,10.9,11.1,32235800
ESSO,20121019,11.2,11.2,11,11,12020200
ESSO,20121022,10.9,11,10.8,10.9,4592600
ESSO,20121024,10.8,10.9,10.7,10.7,10797000
ESSO,20121025,10.7,10.9,10.6,10.8,5140300
ESSO,20121026,10.7,10.8,10.5,10.6,13642900
ESSO,20121029,10.6,10.7,10.5,10.6,5460800
ESSO,20121030,10.6,10.7,10.6,10.7,3547700
ESSO,20121031,10.8,10.8,10.6,10.8,4570800
ESSO,20121101,10.7,10.8,10.6,10.8,3129100
ESSO,20121102,10.8,10.9,10.7,10.7,7349700
ESSO,20121105,10.7,10.9,10.7,10.7,9426200
ESSO,20121106,10.8,11,10.7,10.7,21394400
ESSO,20121107,10.8,10.9,10.8,10.8,6743300
ESSO,20121108,10.6,10.8,10.6,10.7,10873700
ESSO,20121109,10.7,10.8,10.6,10.7,10506500
ESSO,20121112,10.7,10.8,10.5,10.5,14292600
ESSO,20121113,10.4,10.5,10.3,10.4,12471600
ESSO,20121114,10.4,10.4,10.2,10.2,9985800
ESSO,20121115,10.2,10.2,9.9,9.95,23251800
ESSO,20121116,10,10.1,9.95,10.1,4912600
ESSO,20121119,10.1,10.2,10,10.2,3064300
ESSO,20121120,10.3,10.3,10,10,5513300
ESSO,20121121,10,10.1,9.7,9.85,11720600
ESSO,20121122,9.95,10.1,9.8,9.85,7046500
ESSO,20121123,9.9,9.95,9.85,9.9,3565700
ESSO,20121126,9.95,10.1,9.95,10,4941400
ESSO,20121127,10.1,10.1,10,10.1,2328900
ESSO,20121128,10,10.2,10,10,2963700
ESSO,20121129,10.1,10.2,10,10.1,4839700
ESSO,20121130,10.2,10.4,10.1,10.3,14967600
ESSO,20121203,10.4,10.4,10.2,10.4,5293300
ESSO,20121204,10.3,10.4,10.1,10.2,7583400
ESSO,20121206,10.2,10.3,10.1,10.2,10927700
ESSO,20121207,10.2,10.3,10,10.1,7297500
ESSO,20121211,10.1,10.1,9.95,10,7145900
ESSO,20121212,10,10.2,10,10.1,6857200
ESSO,20121213,10.1,10.2,10,10,8373100
ESSO,20121214,10,10.1,9.9,10,19778100
ESSO,20121217,10,10.1,9.95,9.95,6516200
ESSO,20121218,10,10,9.9,9.95,7604400
ESSO,20121219,10,10.1,10,10,3505500
ESSO,20121220,10,10.1,10,10.1,3735800
ESSO,20121221,10,10.1,10,10.1,1920600
ESSO,20121224,10,10.1,9.95,9.95,3869500
ESSO,20121225,9.95,10,9.9,9.95,2483600
ESSO,20121226,9.95,10,9.95,10,3538500
ESSO,20121227,10,10.3,10,10.3,19130700
ESSO,20121228,10.3,10.3,10.1,10.1,7250100
ESSO,20130102,10.2,10.4,10.1,10.3,18141500
ESSO,20130103,10.4,10.5,10.3,10.3,17244000
ESSO,20130104,10.3,10.4,10.2,10.3,8204500
ESSO,20130107,10.3,10.4,10.1,10.1,6339300
ESSO,20130108,10.1,10.2,10,10.1,10984000
ESSO,20130109,10.1,10.5,10.1,10.4,38641100
ESSO,20130110,10.7,10.9,10.4,10.4,46475000
ESSO,20130111,10.5,10.8,10.4,10.8,34837200
ESSO,20130114,10.9,11,10.8,10.8,30584000
ESSO,20130115,10.9,10.9,10.6,10.6,16984700
ESSO,20130116,10.7,10.7,10.4,10.4,12698700
ESSO,20130117,10.5,10.6,10.3,10.4,17070300
ESSO,20130118,10.5,11.6,10.5,11.2,183921100
ESSO,20130121,11.3,11.3,10.7,11,44942000
ESSO,20130122,11,11.5,10.9,11.1,51773300
ESSO,20130123,11.2,11.4,10.9,11.3,43556000
ESSO,20130124,11.3,11.8,11.3,11.5,78260000
ESSO,20130125,11.6,11.7,11.4,11.5,25293100
ESSO,20130128,11.6,11.6,11.3,11.3,13101400
ESSO,20130129,11.3,11.5,11.3,11.3,11339400
ESSO,20130130,11.4,11.6,11.3,11.5,25954500
ESSO,20130131,11.5,11.7,11.2,11.2,19744400
ESSO,20130201,11.3,11.5,11.3,11.3,13404100
ESSO,20130204,11.4,11.4,11.2,11.3,21503100
ESSO,20130205,11.1,11.3,11,11.1,15364500
ESSO,20130206,11.2,11.2,10.8,10.9,25292700
ESSO,20130207,10.9,10.9,10.6,10.7,14760500
ESSO,20130208,10.7,10.9,10.4,10.4,42967000
ESSO,20130211,10.5,10.5,10.2,10.3,18452000
ESSO,20130212,10.3,10.7,10.3,10.5,19374300
ESSO,20130213,10.6,10.8,10.5,10.5,17887300
ESSO,20130214,10.6,10.7,10.5,10.7,7372700
ESSO,20130215,10.6,10.7,10.5,10.7,7736200
ESSO,20130218,10.7,10.7,10.5,10.5,3334100
ESSO,20130219,10.6,10.6,10.4,10.5,7320400
ESSO,20130220,10.5,10.6,10.4,10.5,7646800
ESSO,20130221,10.4,10.5,10.3,10.3,6978300
ESSO,20130222,10.3,10.5,10.3,10.4,5956600
ESSO,20130226,10.4,10.4,10.2,10.3,6568400
ESSO,20130227,10.1,10.2,10,10,13778200
ESSO,20130228,10.1,10.3,10,10.2,12988700
ESSO,20130301,10.1,10.2,10,10,9271900
ESSO,20130304,10,10.1,9.95,10,8706800
ESSO,20130305,10.1,10.2,10,10.1,4914100
ESSO,20130306,10.2,10.2,10,10.1,3967800
ESSO,20130307,10.1,10.1,10,10,5165400
ESSO,20130308,10.1,10.2,10,10,8665600
ESSO,20130311,10,10.4,10,10.3,28499800
ESSO,20130312,10.3,10.3,10,10,7163000
ESSO,20130313,10.1,10.2,10,10.1,4483000
ESSO,20130314,10.1,10.2,10,10,10430900
ESSO,20130315,10.1,10.2,10,10.2,7225200
ESSO,20130318,10,10.1,9.95,9.95,18142300
ESSO,20130319,10,10.1,9.85,9.85,9906200
ESSO,20130320,9.9,9.95,9.75,9.8,13922200
ESSO,20130321,9.8,9.8,9.7,9.7,7452300
ESSO,20130322,9.55,9.65,9.15,9.2,15783800
ESSO,20130325,9.3,9.6,9.25,9.55,8026700
ESSO,20130326,9.5,9.55,9.35,9.45,8092900
ESSO,20130327,9.55,9.9,9.55,9.6,12207700
ESSO,20130328,9.6,9.6,9.4,9.4,5897900
ESSO,20130329,9.5,9.6,9.5,9.55,2488800
ESSO,20130401,9.5,9.5,9.4,9.4,3202700
ESSO,20130402,9.4,9.8,9.35,9.7,19864600
ESSO,20130403,9.75,10.1,9.5,9.5,35228500
ESSO,20130404,9.3,9.55,9.3,9.5,8269800
ESSO,20130405,9.4,9.45,9.3,9.35,7149000
ESSO,20130409,9.35,9.4,9.2,9.2,6873800
ESSO,20130410,9.25,9.3,9.15,9.3,6366900
ESSO,20130411,9.4,9.4,9.3,9.35,4133100
ESSO,20130412,9.4,9.4,9.25,9.3,4389200
ESSO,20130417,9.25,9.3,9.1,9.1,6921500
ESSO,20130418,9.05,9.2,9,9.2,3647400
ESSO,20130419,9.2,9.3,9.1,9.2,4818000
ESSO,20130422,9.2,9.3,9.2,9.3,4392600
ESSO,20130423,9.3,9.3,9.2,9.25,4144000
ESSO,20130424,9.3,9.35,9.2,9.2,3946900
ESSO,20130425,9.3,9.9,9.25,9.8,35962200
ESSO,20130426,9.75,9.85,9.65,9.7,3855100
ESSO,20130429,9.75,9.9,9.65,9.7,6987900
ESSO,20130430,9.7,9.8,9.6,9.65,3762000
ESSO,20130502,9.65,9.75,9.45,9.45,3959600
ESSO,20130503,9.55,9.6,9.35,9.4,2337200
ESSO,20130507,9.5,9.55,9.35,9.5,3359500
ESSO,20130508,9.55,9.6,9.5,9.5,3641900
ESSO,20130509,9.6,9.7,9.55,9.7,4669400
ESSO,20130510,9.7,9.75,9.55,9.6,2738500
ESSO,20130513,9.5,9.6,9.4,9.45,2784200
ESSO,20130514,9.45,9.5,9.4,9.45,3776800
ESSO,20130515,9.45,9.5,9.3,9.35,5291200
ESSO,20130516,9.3,9.4,9.1,9.15,8069100
ESSO,20130517,9.1,9.25,9.05,9.15,6727100
ESSO,20130520,9.2,9.55,9.2,9.3,13676000
ESSO,20130521,9.35,9.4,9.1,9.15,8372300
ESSO,20130522,9.2,9.35,9.15,9.2,6291000
ESSO,20130523,9.2,9.3,8.95,9.05,9980100
ESSO,20130527,9.05,9.1,8.95,8.95,4011000
ESSO,20130528,8.95,9.1,8.95,9,3420000
ESSO,20130529,9.1,9.1,8.9,8.9,5813600
ESSO,20130530,8.85,8.9,8.65,8.65,10015300
ESSO,20130531,8.75,8.85,8.65,8.85,7465300
ESSO,20130603,8.85,8.9,8.7,8.8,4057600
ESSO,20130604,8.8,8.85,8.7,8.75,2545800
ESSO,20130605,8.7,8.75,8.6,8.6,2967600
ESSO,20130606,8.5,8.5,8.1,8.1,7706500
ESSO,20130607,8.15,8.3,8.05,8.3,5055000
ESSO,20130610,8.45,8.55,8.3,8.35,1982100
ESSO,20130611,8.25,8.25,7.75,7.75,7577100
ESSO,20130612,7.6,8,7.55,7.7,6583400
ESSO,20130613,7.45,7.45,6.85,7.05,10603500
ESSO,20130614,7.4,7.4,7,7.1,13280400
ESSO,20130617,7.2,7.4,7.05,7.25,7532100
ESSO,20130618,7.3,7.45,6.85,6.9,19424500
ESSO,20130619,7,7.1,6.9,7,7582300
ESSO,20130620,6.9,6.9,6.7,6.7,11111500
ESSO,20130621,6.55,7,6.45,7,7626800
ESSO,20130624,6.85,6.85,6.55,6.55,5714000
ESSO,20130625,6.7,6.75,6.45,6.75,4981800
ESSO,20130626,6.75,7.05,6.7,6.85,7004300
ESSO,20130627,6.95,7.05,6.75,6.8,6999300
ESSO,20130628,6.95,7.1,6.8,6.8,14875500
ESSO,20130702,6.95,7.25,6.95,7.2,14046600
ESSO,20130703,7.25,7.7,7.25,7.5,30617300
ESSO,20130704,7.7,7.9,7.65,7.9,18631800
ESSO,20130705,8,8.1,7.8,7.95,22670800
ESSO,20130708,7.9,7.9,7.45,7.5,10662500
ESSO,20130709,7.55,7.55,7.15,7.15,6907000
ESSO,20130710,7.1,7.25,6.95,7,6631200
ESSO,20130711,7.2,7.4,7.2,7.35,4881200
ESSO,20130712,7.35,7.4,7.1,7.2,4439900
ESSO,20130715,7.3,7.3,7.05,7.1,3529100
ESSO,20130716,7.15,7.2,7.05,7.15,2418100
ESSO,20130717,7.2,7.2,7.05,7.1,4242100
ESSO,20130718,7.1,7.35,7.05,7.35,6972000
ESSO,20130719,7.4,7.4,7.2,7.2,5434300
ESSO,20130723,7.3,7.5,7.3,7.35,4641500
ESSO,20130724,7.35,7.5,7.3,7.5,9570500
ESSO,20130725,7.45,7.5,7,7,15361600
ESSO,20130726,7.05,7.15,7.05,7.1,3038400
ESSO,20130729,7.05,7.1,7,7.05,2121200
ESSO,20130730,7.05,7.15,6.95,6.95,2510300
ESSO,20130731,6.95,7,6.85,6.95,2748700
ESSO,20130801,7,7.05,6.95,7.05,1463100
ESSO,20130802,7.1,7.1,6.9,6.95,2413500
ESSO,20130805,6.95,6.95,6.85,6.85,1479000
ESSO,20130806,6.8,6.95,6.8,6.9,1298000
ESSO,20130807,6.8,6.95,6.8,6.9,1446100
ESSO,20130808,6.95,7.05,6.95,6.95,2733400
ESSO,20130809,6.95,6.95,6.85,6.85,2523600
ESSO,20130813,6.9,7.1,6.9,7.1,1821500
ESSO,20130814,7.15,7.15,7.05,7.15,2179900
ESSO,20130815,7.2,7.2,7.05,7.1,2050400
ESSO,20130816,7,7.1,7,7.05,966200
ESSO,20130819,6.95,7.1,6.85,6.85,2445400
ESSO,20130820,6.75,6.75,6.6,6.65,6307600
ESSO,20130821,6.55,6.65,6.55,6.6,3383000
ESSO,20130822,6.5,6.65,6.45,6.65,4297900
ESSO,20130823,6.75,6.75,6.55,6.55,1769000
ESSO,20130826,6.55,6.6,6.4,6.45,4187100
ESSO,20130827,6.45,6.45,6.05,6.05,3697700
ESSO,20130828,6.1,6.25,6.1,6.15,3388300
ESSO,20130829,6.2,6.3,6.2,6.2,2020400
ESSO,20130830,6.2,6.2,6.1,6.2,1855700
ESSO,20130902,6.2,6.25,6.15,6.25,1041200
ESSO,20130903,6.25,6.3,6.15,6.15,1534500
ESSO,20130904,6.15,6.5,6.15,6.25,9160100
ESSO,20130905,6.3,6.4,6.25,6.25,3095300
ESSO,20130906,6.3,6.6,6.3,6.55,10011800
ESSO,20130909,6.7,7,6.7,6.8,11739500
ESSO,20130910,6.9,6.9,6.65,6.65,5580600
ESSO,20130911,6.7,6.8,6.6,6.7,2759400
ESSO,20130912,6.75,6.85,6.7,6.7,1938400
ESSO,20130913,6.7,6.75,6.7,6.7,1695600
ESSO,20130916,6.75,6.85,6.7,6.8,1742800
ESSO,20130917,6.8,6.8,6.6,6.65,2464800
ESSO,20130918,6.65,6.75,6.6,6.75,1348000
ESSO,20130919,6.9,7.35,6.8,7.2,21771600
ESSO,20130920,7.2,7.2,6.95,7,7466300
ESSO,20130923,7,7.05,6.7,6.7,4632300
ESSO,20130924,6.65,6.75,6.5,6.55,5055500
ESSO,20130925,6.55,6.7,6.55,6.7,2291700
ESSO,20130926,6.7,6.75,6.55,6.55,2625600
ESSO,20130927,6.6,6.8,6.55,6.65,5620800
ESSO,20130930,6.6,6.6,6.45,6.5,2158600
ESSO,20131001,6.5,6.65,6.5,6.55,2613300
ESSO,20131002,6.6,6.65,6.55,6.6,1190200
ESSO,20131003,6.65,6.85,6.65,6.75,5299300
ESSO,20131004,6.75,6.8,6.7,6.75,464500
ESSO,20131007,6.8,6.85,6.7,6.7,1768400
ESSO,20131008,6.75,7.1,6.75,6.8,11503300
ESSO,20131009,6.9,6.95,6.75,6.95,3275600
ESSO,20131010,7,7.1,6.95,7.05,8627400
ESSO,20131011,7.1,7.55,7.1,7.45,33945800
ESSO,20131014,7.4,7.45,7.25,7.3,15784200
ESSO,20131015,7.4,7.5,7.35,7.4,8541400
ESSO,20131016,7.35,7.45,7.25,7.3,5145300
ESSO,20131017,7.4,7.65,7.35,7.55,15130300
ESSO,20131018,7.6,7.75,7.6,7.65,6674300
ESSO,20131021,7.7,7.75,7.25,7.35,7668900
ESSO,20131022,7.35,7.45,7.25,7.45,7189900
ESSO,20131024,7.35,7.4,7.3,7.4,3284900
ESSO,20131025,7.4,7.45,7.3,7.3,1951500
ESSO,20131028,7.3,7.4,7.15,7.15,2488500
ESSO,20131029,7.25,7.25,7.15,7.2,1244200
ESSO,20131030,7.25,7.25,6.9,6.9,4323700
ESSO,20131031,6.8,7,6.75,7,2431000
ESSO,20131101,6.8,6.95,6.75,6.8,4458900
ESSO,20131104,6.7,6.7,6.5,6.5,8643200
ESSO,20131105,6.45,6.7,6.45,6.65,4779800
ESSO,20131106,6.7,6.85,6.55,6.85,4212400
ESSO,20131107,6.85,6.85,6.65,6.7,2546800
ESSO,20131108,6.65,6.75,6.55,6.6,1701300
ESSO,20131111,6.6,6.8,6.6,6.8,4465600
ESSO,20131112,6.85,6.9,6.75,6.75,2059200
ESSO,20131113,6.75,6.8,6.75,6.75,571800
ESSO,20131114,6.8,6.85,6.75,6.75,1383700
ESSO,20131115,6.85,6.85,6.7,6.8,1419300
ESSO,20131118,6.8,6.85,6.75,6.75,1154800
ESSO,20131119,6.8,6.85,6.75,6.75,1474200
ESSO,20131120,6.8,6.8,6.7,6.7,1597700
ESSO,20131121,6.7,6.75,6.6,6.6,3132200
ESSO,20131122,6.65,6.75,6.55,6.7,1419100
ESSO,20131125,6.6,6.65,6.55,6.55,2212800
ESSO,20131126,6.55,6.65,6.55,6.6,621000
ESSO,20131127,6.6,6.75,6.6,6.7,2865300
ESSO,20131128,6.75,6.75,6.6,6.65,2917700
ESSO,20131129,6.65,6.7,6.6,6.7,502500
ESSO,20131202,6.65,6.8,6.55,6.8,1805900
ESSO,20131203,6.85,6.95,6.8,6.95,5912600
ESSO,20131204,6.95,6.95,6.85,6.95,2167200
ESSO,20131206,6.9,6.9,6.65,6.7,2685500
ESSO,20131209,6.75,6.85,6.7,6.8,3847300
ESSO,20131211,6.75,6.8,6.65,6.75,4191600
ESSO,20131212,6.7,6.7,6.55,6.6,3375800
ESSO,20131213,6.6,6.65,6.5,6.55,1840900
ESSO,20131216,6.55,6.55,6.45,6.45,1741400
ESSO,20131217,6.55,6.6,6.35,6.4,2332100
ESSO,20131218,6.45,6.5,6.4,6.4,1789600
ESSO,20131219,6.5,6.5,6.3,6.3,3959900
ESSO,20131220,6.3,6.4,6.25,6.35,2181500
ESSO,20131223,6.3,6.4,6.15,6.15,3430800
ESSO,20131224,6.15,6.2,6.1,6.15,2655700
ESSO,20131225,6.2,6.2,6.05,6.1,3493200
ESSO,20131226,6.15,6.15,5.95,6.05,4883500
ESSO,20131227,5.95,6.15,5.85,6,5325600
ESSO,20140102,6,6,5.8,5.8,2805600
ESSO,20140103,5.8,5.8,5.45,5.55,9478300
ESSO,20140106,5.55,5.55,5.3,5.4,5381900
ESSO,20140107,5.45,5.7,5.4,5.7,3915900
ESSO,20140108,5.65,5.75,5.5,5.5,4855900
ESSO,20140109,5.55,5.65,5.5,5.5,4138600
ESSO,20140110,5.5,5.55,5.45,5.55,1676800
ESSO,20140113,5.45,5.65,5.35,5.6,3494500
ESSO,20140114,5.55,5.85,5.5,5.8,7931300
ESSO,20140115,5.8,5.8,5.65,5.65,2471900
ESSO,20140116,5.7,6,5.65,5.75,8169800
ESSO,20140117,5.8,6.05,5.7,5.85,10459400
ESSO,20140120,5.85,5.9,5.75,5.8,3023000
ESSO,20140121,5.8,5.85,5.7,5.8,4314200
ESSO,20140122,5.7,5.75,5.65,5.7,2579100
ESSO,20140123,5.75,5.8,5.7,5.8,1852000
ESSO,20140124,5.85,5.85,5.75,5.75,1737700
ESSO,20140127,5.7,5.75,5.65,5.7,1126800
ESSO,20140128,5.65,5.7,5.6,5.6,1191000
ESSO,20140129,5.65,5.7,5.6,5.6,1221500
ESSO,20140130,5.55,5.65,5.55,5.55,602500
ESSO,20140131,5.65,5.65,5.6,5.6,765600
ESSO,20140203,5.65,5.75,5.6,5.75,1331900
ESSO,20140204,5.65,5.9,5.65,5.85,3496200
ESSO,20140205,5.9,6.05,5.9,6.05,6159500
ESSO,20140206,6.15,6.45,6.1,6.35,11263800
ESSO,20140207,6.4,6.55,6.25,6.5,9074500
ESSO,20140210,6.6,6.65,6.45,6.55,7321600
ESSO,20140211,6.5,6.55,6.45,6.5,1885300
ESSO,20140212,6.5,6.55,6.4,6.5,1964600
ESSO,20140213,6.5,6.5,6.3,6.35,2534900
ESSO,20140217,6.4,6.5,6.35,6.4,1920000
ESSO,20140218,6.45,6.45,6.3,6.3,2916500
ESSO,20140219,6.35,6.55,6.3,6.35,3448600
ESSO,20140220,6.35,6.45,6.25,6.25,2133900
ESSO,20140221,6.25,6.35,6.2,6.25,854100
ESSO,20140224,6.2,6.3,6.15,6.3,1724100
ESSO,20140225,6.4,6.4,6.2,6.25,904500
ESSO,20140226,6.2,6.25,6.15,6.2,1037500
ESSO,20140227,6.2,6.3,6.2,6.2,672800
ESSO,20140228,6.1,6.15,6,6,8087100
ESSO,20140303,6.05,6.15,6.05,6.15,3314800
ESSO,20140304,6.2,6.3,6.15,6.15,4969400
ESSO,20140305,6.15,6.2,6.1,6.15,2692400
ESSO,20140306,6.2,6.2,6.1,6.15,1714000
ESSO,20140307,6.15,6.2,6.15,6.15,1556000
ESSO,20140310,6.2,6.2,6.15,6.2,1823800
ESSO,20140311,6.2,6.3,6.1,6.3,3663000
ESSO,20140312,6.25,6.3,6.2,6.25,3307900
ESSO,20140313,6.3,6.4,6.3,6.3,3286100
ESSO,20140314,6.3,6.4,6.25,6.25,2297700
ESSO,20140317,6.25,6.45,6.2,6.45,5241400
ESSO,20140318,6.45,6.5,6.35,6.35,4793900
ESSO,20140319,6.4,6.4,6.15,6.35,2200800
ESSO,20140320,6.25,6.3,6.2,6.3,440600
ESSO,20140321,6.25,6.25,6.2,6.25,1387800
ESSO,20140324,6.25,6.25,6.1,6.1,1786500
ESSO,20140325,6.05,6.1,5.95,6.1,1853100
ESSO,20140326,6.05,6.15,6.05,6.1,937400
ESSO,20140327,6.1,6.15,6.05,6.05,726600
ESSO,20140328,6.05,6.2,6.05,6.2,1383300
ESSO,20140331,6.15,6.2,6.05,6.1,975900
ESSO,20140401,6.15,6.15,6.05,6.15,1137700
ESSO,20140402,6.15,6.3,6.1,6.2,7332300
ESSO,20140403,6.1,6.15,6.1,6.1,3116200
ESSO,20140404,6.1,6.15,6,6.05,3695400
ESSO,20140408,6,6.05,6,6,1999400
ESSO,20140409,6.1,6.1,6,6.05,2380400
ESSO,20140410,6.1,6.15,6.05,6.05,1511100
ESSO,20140411,6.05,6.1,6,6.1,950600
ESSO,20140416,6.1,6.15,6.1,6.1,767400
ESSO,20140417,6.15,6.2,6.1,6.15,1994900
ESSO,20140418,6.2,6.35,6.2,6.25,5729400
ESSO,20140421,6.35,6.5,6.3,6.45,14055900
ESSO,20140422,6.5,6.6,6.45,6.5,4286400
ESSO,20140423,6.5,6.5,6.4,6.4,2520600
ESSO,20140424,6.4,6.45,6.4,6.4,1084600
ESSO,20140425,6.4,6.4,6.3,6.3,1778500
ESSO,20140428,6.3,6.35,6.3,6.3,658600
ESSO,20140429,6.35,6.35,6.25,6.25,613100
ESSO,20140430,6.35,6.35,6.25,6.25,843000
ESSO,20140502,6.35,6.4,6.3,6.4,3192200
ESSO,20140506,6.4,6.4,6.2,6.25,1482900
ESSO,20140507,6.25,6.25,6.15,6.25,641000
ESSO,20140508,6.2,6.25,6.15,6.15,2660300
ESSO,20140509,6.1,6.15,5.9,5.95,5045400
ESSO,20140512,5.85,5.9,5.75,5.85,2928400
ESSO,20140514,5.9,5.95,5.85,5.9,2038100
ESSO,20140515,5.95,5.95,5.85,5.95,601100
ESSO,20140516,5.85,5.95,5.85,5.9,2358300
ESSO,20140519,5.9,5.9,5.8,5.85,1192200
ESSO,20140520,5.8,5.9,5.75,5.9,1257800
ESSO,20140521,5.9,5.9,5.85,5.9,486100
ESSO,20140522,5.9,6.1,5.9,6,3724400
ESSO,20140523,5.8,5.95,5.8,5.85,2812100
ESSO,20140526,5.9,5.95,5.8,5.9,935200
ESSO,20140527,5.9,5.95,5.85,5.9,899900
ESSO,20140528,5.95,6,5.9,5.95,2083600
ESSO,20140529,6,6.05,5.95,6,934300
ESSO,20140530,6.05,6.05,5.95,5.95,1726700
ESSO,20140602,6,6.15,6,6.1,2766300
ESSO,20140603,6.1,6.15,6,6.05,2706000
ESSO,20140604,6.1,6.1,6,6,1070800
ESSO,20140605,6,6.1,5.95,5.95,2813300
ESSO,20140606,6,6.05,5.95,6,1703200
ESSO,20140609,6.05,6.05,5.95,5.95,1316700
ESSO,20140610,6,6,5.9,5.9,2114400
ESSO,20140611,5.95,6,5.95,6,1887400
ESSO,20140612,5.95,6.05,5.95,5.95,2041000
ESSO,20140613,5.95,6.05,5.95,5.95,2338500
ESSO,20140616,6.05,6.2,6.05,6.15,11392500
ESSO,20140617,6.2,6.5,6.15,6.3,25237300
ESSO,20140618,6.35,6.35,6.1,6.1,8128400
ESSO,20140619,6.15,6.2,6.1,6.15,2773000
ESSO,20140620,6.2,6.2,6.1,6.1,1695900
ESSO,20140623,6.15,6.2,6.1,6.1,1527800
ESSO,20140624,6.1,6.1,5.95,5.95,4117100
ESSO,20140625,5.95,6.1,5.95,6.05,1011600
ESSO,20140626,6.05,6.1,6.05,6.1,900200
ESSO,20140627,6.15,6.15,6.05,6.05,805000
ESSO,20140630,6.1,6.15,6.05,6.05,587100
ESSO,20140702,6.05,6.1,6.05,6.05,598200
ESSO,20140703,6.1,6.1,5.95,6,2283400
ESSO,20140704,6.05,6.1,6,6,1074100
ESSO,20140707,6.05,6.05,6,6,1330400
ESSO,20140708,6,6.05,5.95,6,1739300
ESSO,20140709,6,6.05,6,6,1100800
ESSO,20140710,6.05,6.15,6,6.1,2671200
ESSO,20140714,6.1,6.25,6.1,6.2,6126200
ESSO,20140715,6.3,6.5,6.3,6.35,20329100
ESSO,20140716,6.35,6.4,6.35,6.4,3314700
ESSO,20140717,6.4,6.45,6.35,6.4,4208900
ESSO,20140718,6.35,6.45,6.3,6.35,2768700
ESSO,20140721,6.4,6.4,6.2,6.25,2621800
ESSO,20140722,6.3,6.3,6.1,6.15,3067400
ESSO,20140723,6.15,6.2,6.1,6.15,2049300
ESSO,20140724,6.15,6.25,6.15,6.15,3439400
ESSO,20140725,6.15,6.25,6.15,6.2,2600400
ESSO,20140728,6.25,6.25,6.15,6.15,1252800
ESSO,20140729,6.15,6.2,6,6.05,7910800
ESSO,20140730,6.05,6.1,5.9,6.05,3982000
ESSO,20140731,6,6.05,5.95,5.95,2294800
ESSO,20140801,5.9,5.95,5.9,5.95,1297800
ESSO,20140804,5.95,6.2,5.95,6.15,2851500
ESSO,20140805,6.1,6.15,6,6.05,1130700
ESSO,20140806,6,6,5.9,5.95,1769200
ESSO,20140807,6,6,5.9,5.95,2133200
ESSO,20140808,5.9,6,5.9,5.95,1589800
ESSO,20140813,5.95,6.05,5.95,6.05,1000100
ESSO,20140814,6.05,6.05,6,6,3688200
ESSO,20140815,6.05,6.1,5.95,6,2371000
ESSO,20140818,6,6.05,5.9,5.95,3729300
ESSO,20140819,5.95,6,5.9,5.95,2880800
ESSO,20140820,5.95,5.95,5.9,5.95,2026300
ESSO,20140821,5.95,5.95,5.85,5.9,4547100
ESSO,20140822,5.95,6,5.9,5.95,1678800
ESSO,20140825,6,6,5.95,5.95,919800
ESSO,20140826,6,6,5.9,5.95,1830400
ESSO,20140827,5.95,5.95,5.9,5.95,1109400
ESSO,20140828,5.95,5.95,5.85,5.9,2007300
ESSO,20140829,5.85,5.9,5.85,5.9,1244600
ESSO,20140901,5.9,5.95,5.85,5.85,1752400
ESSO,20140902,5.85,5.95,5.85,5.9,1950600
ESSO,20140903,5.9,5.95,5.9,5.9,1534100
ESSO,20140904,5.9,5.95,5.9,5.9,1948300
ESSO,20140905,5.9,5.95,5.85,5.9,1244600
ESSO,20140908,5.9,5.95,5.85,5.85,1076900
ESSO,20140909,5.85,6,5.8,5.9,8471500
ESSO,20140910,5.9,5.9,5.85,5.85,1154400
ESSO,20140911,5.85,5.9,5.8,5.85,1813900
ESSO,20140912,5.85,5.9,5.8,5.9,1407000
ESSO,20140915,5.9,5.9,5.8,5.85,960200
ESSO,20140916,5.85,5.9,5.85,5.85,2071500
ESSO,20140917,5.9,5.9,5.8,5.8,1847900
ESSO,20140918,5.85,6.05,5.8,5.9,10521000
ESSO,20140919,5.95,5.95,5.85,5.85,2386400
ESSO,20140922,5.85,5.85,5.75,5.8,2204700
ESSO,20140923,5.85,5.85,5.8,5.85,1706300
ESSO,20140924,5.9,5.95,5.85,5.9,2376800
ESSO,20140925,5.9,5.9,5.8,5.9,3217400
ESSO,20140926,5.9,5.95,5.85,5.85,620600
ESSO,20140929,5.9,5.9,5.8,5.85,1291800
ESSO,20140930,5.8,5.9,5.75,5.8,2669900
ESSO,20141001,5.8,5.85,5.75,5.8,1551700
ESSO,20141002,5.8,5.8,5.7,5.7,2948900
ESSO,20141003,5.75,5.75,5.7,5.7,3142500
ESSO,20141006,5.75,5.75,5.6,5.6,2943700
ESSO,20141007,5.6,5.6,5.55,5.55,1591400
ESSO,20141008,5.5,5.55,5.45,5.55,3538200
ESSO,20141009,5.55,5.6,5.55,5.55,1126100
ESSO,20141010,5.5,5.6,5.5,5.55,1201800
ESSO,20141013,5.45,5.5,5.45,5.5,1509500
ESSO,20141014,5.5,5.6,5.45,5.5,3919800
ESSO,20141015,5.55,5.55,5.5,5.5,1816600
ESSO,20141016,5.5,5.5,5.35,5.35,2223900
ESSO,20141017,5.4,5.45,5.35,5.4,2768900
ESSO,20141020,5.4,5.45,5.4,5.4,833500
ESSO,20141021,5.4,5.45,5.35,5.35,852800
ESSO,20141022,5.45,5.45,5.35,5.4,1165000
ESSO,20141024,5.4,5.4,5.35,5.35,1309800
ESSO,20141027,5.4,5.45,5.35,5.4,699500
ESSO,20141028,5.4,5.45,5.35,5.4,1204000
ESSO,20141029,5.4,5.6,5.4,5.5,3810700
ESSO,20141030,5.5,5.55,5.4,5.45,1743900
ESSO,20141031,5.5,5.5,5.45,5.5,846700
ESSO,20141103,5.45,5.55,5.45,5.45,1037900
ESSO,20141104,5.45,5.5,5.45,5.45,452000
ESSO,20141105,5.45,5.5,5.4,5.4,487600
ESSO,20141106,5.45,5.45,5.4,5.4,357000
ESSO,20141107,5.4,5.45,5.35,5.4,1438200
ESSO,20141110,5.4,5.45,5.35,5.35,1613500
ESSO,20141111,5.35,5.45,5.35,5.4,775500
ESSO,20141112,5.45,5.45,5.35,5.35,973000
ESSO,20141113,5.35,5.4,5.35,5.35,502600
ESSO,20141114,5.35,5.4,5.35,5.35,484300
ESSO,20141117,5.4,5.4,5.35,5.35,477400
ESSO,20141118,5.35,5.4,5.35,5.35,1376000
ESSO,20141119,5.35,5.4,5.35,5.4,1017500
ESSO,20141120,5.35,5.4,5.35,5.35,1190500
ESSO,20141121,5.35,5.4,5.3,5.35,1127400
ESSO,20141124,5.35,5.4,5.35,5.4,1442000
ESSO,20141125,5.4,5.45,5.35,5.4,2453900
ESSO,20141126,5.4,5.45,5.35,5.4,2140700
ESSO,20141127,5.4,5.4,5.35,5.4,1236500
ESSO,20141128,5.35,5.35,5.2,5.2,4867000
ESSO,20141201,5.2,5.2,5.05,5.05,2248700
ESSO,20141202,5.05,5.15,5.05,5.15,1145500
ESSO,20141203,5.15,5.2,5.05,5.05,1078000
ESSO,20141204,5.05,5.15,5.05,5.1,369700
ESSO,20141208,5.1,5.1,5,5,1393900
ESSO,20141209,5,5,4.96,4.96,2035100
ESSO,20141211,4.92,4.96,4.8,4.8,2726000
ESSO,20141212,4.82,4.84,4.76,4.78,1898500
ESSO,20141215,4.76,4.76,4.46,4.54,5251500
ESSO,20141216,4.48,4.48,4.32,4.34,5148600
ESSO,20141217,4.36,4.46,4.32,4.38,4243600
ESSO,20141218,4.44,4.54,4.44,4.52,3728700
ESSO,20141219,4.56,4.7,4.52,4.7,3575200
ESSO,20141222,4.8,4.84,4.72,4.76,2837800
ESSO,20141223,4.74,4.74,4.64,4.64,1596800
ESSO,20141224,4.7,4.7,4.58,4.58,871900
ESSO,20141225,4.58,4.68,4.54,4.64,1659700
ESSO,20141226,4.64,4.7,4.62,4.68,862100
ESSO,20141229,4.7,4.74,4.6,4.6,557500
ESSO,20141230,4.6,4.66,4.58,4.58,930800
ESSO,20150105,4.58,4.62,4.48,4.5,1357600
ESSO,20150106,4.42,4.56,4.4,4.56,1214700
ESSO,20150107,4.52,4.62,4.5,4.62,1221200
ESSO,20150108,4.64,4.74,4.64,4.72,1877800
ESSO,20150109,4.76,4.76,4.68,4.68,1639400
ESSO,20150112,4.7,4.72,4.64,4.64,1181000
ESSO,20150113,4.64,4.72,4.62,4.7,1479900
ESSO,20150114,4.7,4.76,4.7,4.74,2057100
ESSO,20150115,4.8,4.8,4.74,4.76,931100
ESSO,20150116,4.76,4.78,4.72,4.72,834800
ESSO,20150119,4.78,4.78,4.76,4.76,671400
ESSO,20150120,4.78,4.8,4.72,4.74,517000
ESSO,20150121,4.74,4.76,4.68,4.68,607600
ESSO,20150122,4.74,4.76,4.7,4.74,786900
ESSO,20150123,4.8,4.98,4.78,4.9,4733100
ESSO,20150126,4.9,4.98,4.9,4.92,1537000
ESSO,20150127,4.96,5.3,4.96,5.25,7805900
ESSO,20150128,5.3,5.35,5.05,5.1,3942000
ESSO,20150129,5.05,5.2,5.05,5.1,1989900
ESSO,20150130,5.15,5.15,5.1,5.15,825500
ESSO,20150202,5.1,5.1,5,5.1,2553200
ESSO,20150203,5.15,5.2,5.1,5.2,3008200
ESSO,20150204,5.3,5.3,5.15,5.2,3299100
ESSO,20150205,5.15,5.2,5.1,5.1,1522600
ESSO,20150206,5.25,5.35,5.2,5.25,2783400
ESSO,20150209,5.3,5.3,5.15,5.15,1199100
ESSO,20150210,5.15,5.3,5.15,5.15,1453900
ESSO,20150211,5.15,5.25,5.1,5.2,2302200
ESSO,20150212,5.2,5.6,5.2,5.6,11097800
ESSO,20150213,5.65,6,5.6,5.65,16818600
ESSO,20150216,5.7,5.7,5.55,5.6,3457800
ESSO,20150217,5.6,5.7,5.45,5.65,3991200
ESSO,20150218,5.65,5.7,5.65,5.65,2015900
ESSO,20150219,5.65,5.75,5.6,5.7,3650800
ESSO,20150220,5.7,5.75,5.65,5.7,1574200
ESSO,20150223,5.75,6,5.75,5.9,16514800
ESSO,20150224,5.9,6.35,5.9,6.25,22721400
ESSO,20150225,6.3,6.3,6.05,6.2,5049500
ESSO,20150226,6.2,6.25,5.9,6.1,8137900
ESSO,20150227,6.2,6.55,6.1,6.45,22354600
ESSO,20150302,6.35,6.4,6.15,6.3,7237400
ESSO,20150303,6.2,6.25,5.8,6,14229200
ESSO,20150305,5.85,6.05,5.8,6.05,4911500
ESSO,20150306,5.95,6.25,5.95,6.25,5752600
ESSO,20150309,6.15,6.25,6.1,6.25,2301200
ESSO,20150310,6.25,6.3,6.1,6.2,5496600
ESSO,20150311,6.1,6.15,6,6.15,5443000
ESSO,20150312,6.05,6.3,6.05,6.15,5315000
ESSO,20150313,6.1,6.3,6.05,6.25,6973600
ESSO,20150316,6.15,6.25,6.15,6.25,8161100
ESSO,20150317,6.25,6.5,6.2,6.4,11081200
ESSO,20150318,6.4,6.45,6.25,6.4,6325200
ESSO,20150319,6.45,6.45,6.25,6.25,2246600
ESSO,20150320,6.35,6.35,6.2,6.35,2071000
ESSO,20150323,6.35,6.35,6.2,6.2,1361400
ESSO,20150324,6.15,6.2,5.65,5.85,7954400
ESSO,20150325,5.7,5.8,5.65,5.65,4912300
ESSO,20150326,5.65,5.9,5.6,5.75,4548900
ESSO,20150327,5.75,5.8,5.65,5.75,3063100
ESSO,20150330,5.75,5.8,5.7,5.8,1022100
ESSO,20150331,5.85,5.9,5.8,5.9,1871000
ESSO,20150401,5.85,6.1,5.85,6.05,1594100
ESSO,20150402,6.05,6.15,6.05,6.05,1375900
ESSO,20150403,6.05,6.05,5.85,5.9,804700
ESSO,20150407,5.95,6.05,5.95,5.95,1901400
ESSO,20150408,6,6.05,5.9,5.95,1193800
ESSO,20150409,5.9,6.05,5.9,6,844600
ESSO,20150410,6.05,6.1,5.95,6.1,1451000
ESSO,20150416,6.2,6.4,6.15,6.35,8859800
ESSO,20150417,6.55,7.05,6.55,6.75,64777500
ESSO,20150420,6.8,7.05,6.7,6.7,16571900
ESSO,20150421,6.8,6.9,6.7,6.7,2864600
ESSO,20150422,6.75,6.85,6.65,6.75,3405000
ESSO,20150423,6.8,6.8,6.65,6.7,4042200
ESSO,20150424,6.7,7,6.7,7,20055700
ESSO,20150427,7,7.05,6.9,6.9,8431300
ESSO,20150428,7,7,6.3,6.3,19990700
ESSO,20150429,6.2,6.35,6.05,6.25,6743100
ESSO,20150430,6.2,6.55,6.2,6.5,13023600
ESSO,20150506,6.55,6.65,6.3,6.35,5822200
ESSO,20150507,6.35,6.35,5.85,6,11757500
ESSO,20150508,6,6.25,5.85,6.1,7295900
ESSO,20150511,6.1,6.2,5.95,6,1026300
ESSO,20150512,5.95,6.1,5.9,6.05,2692400
ESSO,20150513,6.05,6.3,6.05,6.25,3792400
ESSO,20150514,6.3,6.35,6.25,6.3,2621200
ESSO,20150515,6.35,6.35,6.05,6.2,3607100
ESSO,20150518,6.2,6.3,6.15,6.3,2290500
ESSO,20150519,6.35,6.5,6.25,6.5,6164000
ESSO,20150520,6.55,6.75,6.5,6.55,15965300
ESSO,20150521,6.6,6.6,6.4,6.4,3505600
ESSO,20150522,6.45,6.45,6.3,6.3,2392400
ESSO,20150525,6.3,6.35,6.2,6.3,1819800
ESSO,20150526,6.3,6.45,6.3,6.35,2015000
ESSO,20150527,6.3,6.35,6.25,6.3,2094800
ESSO,20150528,6.3,6.35,6.25,6.3,889100
ESSO,20150529,6.3,6.4,6.25,6.4,3277300
ESSO,20150602,6.4,6.45,6.3,6.3,1764700
ESSO,20150603,6.3,6.35,6.3,6.3,1084800
ESSO,20150604,6.3,6.4,6.3,6.35,1191200
ESSO,20150605,6.35,6.4,6.3,6.35,821000
ESSO,20150608,6.35,6.4,6.25,6.3,1267900
ESSO,20150609,6.35,6.5,6.3,6.35,2751200
ESSO,20150610,6.35,6.45,6.35,6.4,1744800
ESSO,20150611,6.45,6.75,6.45,6.65,6686200
ESSO,20150612,6.65,6.65,6.35,6.5,2783200
ESSO,20150615,6.5,6.5,6.35,6.5,416600
ESSO,20150616,6.5,6.5,6.4,6.5,864200
ESSO,20150617,6.45,6.5,6.4,6.45,543900
ESSO,20150618,6.45,6.45,6.35,6.4,910500
ESSO,20150619,6.35,6.45,6.3,6.45,1377400
ESSO,20150622,6.4,6.45,6.35,6.35,635200
ESSO,20150623,6.35,6.45,6.3,6.4,1166500
ESSO,20150624,6.4,6.6,6.35,6.5,7929900
ESSO,20150625,6.45,6.5,6.35,6.4,999700
ESSO,20150626,6.35,6.55,6.35,6.4,3421500
ESSO,20150629,6.3,6.4,6.25,6.35,1729400
ESSO,20150630,6.4,6.5,6.3,6.35,3786000
ESSO,20150702,6.3,6.35,6.2,6.2,3051500
ESSO,20150703,6.15,6.25,6.15,6.2,1674700
ESSO,20150706,6.15,6.2,6.05,6.1,1926700
ESSO,20150707,6.1,6.2,6.05,6.1,3461000
ESSO,20150708,6.1,6.15,6,6.1,786800
ESSO,20150709,6.05,6.25,6.05,6.15,2150600
ESSO,20150710,6.2,6.4,6.15,6.15,1847800
ESSO,20150713,6.15,6.3,6.1,6.2,603200
ESSO,20150714,6.3,6.3,6.15,6.15,1610300
ESSO,20150715,6.25,6.25,6.15,6.2,730900
ESSO,20150716,6.25,6.25,6.1,6.15,678200
ESSO,20150717,6.15,6.15,6,6.05,1201500
ESSO,20150720,6.05,6.1,5.9,6.1,1683200
ESSO,20150721,6.1,6.1,5.75,5.85,5245400
ESSO,20150722,5.8,5.85,5.7,5.8,1179700
ESSO,20150723,5.8,5.85,5.7,5.7,756600
ESSO,20150724,5.7,5.75,5.55,5.65,1967400
ESSO,20150727,5.50,5.60,5.25,5.30,3444100.00
ESSO,20150728,5.30,5.35,5.15,5.15,1848700.00
ESSO,20150729,5.20,5.30,5.05,5.25,2474000.00
