GC,20051206,2.54,2.58,2.34,2.4,2000
GC,20051207,2.42,2.48,2.14,2.18,8000
GC,20051208,2.2,2.38,2.18,2.32,11000
GC,20051209,2.36,2.4,2.3,2.34,2000
GC,20051213,2.32,2.34,2.3,2.32,20000
GC,20051214,2.3,2.34,2.26,2.26,null
GC,20051215,2.26,2.3,2.26,2.28,5000
GC,20051216,2.24,2.28,2.24,2.24,null
GC,20051219,2.26,2.34,2.26,2.34,8400
GC,20051220,2.3,2.3,2.26,2.26,null
GC,20051221,2.24,2.3,2.24,2.26,2500
GC,20051222,2.26,2.3,2.2,2.3,15000
GC,20051223,2.22,2.26,2.14,2.26,3100
GC,20051226,2.26,2.28,2.26,2.28,1000
GC,20051227,2.3,2.32,2.3,2.32,2200
GC,20051228,2.26,2.3,2.26,2.3,3400
GC,20051229,2.3,2.34,2.24,2.28,null
GC,20051230,2.32,2.32,2.24,2.3,1900
GC,20060104,2.3,2.3,2.28,2.28,17000
GC,20060105,2.28,2.32,2.16,2.3,39600
GC,20060106,2.3,2.3,2.3,2.3,null
GC,20060109,2.3,2.32,2.3,2.32,3900
GC,20060110,2.3,2.32,2.16,2.32,26000
GC,20060111,2.3,2.3,2.3,2.3,12000
GC,20060112,2.3,2.34,2.24,2.26,49700
GC,20060113,2.3,2.32,2.22,2.3,30000
GC,20060116,2.26,2.3,2.24,2.3,13000
GC,20060117,2.24,2.3,2.24,2.3,7000
GC,20060118,2.24,2.3,2.24,2.3,35000
GC,20060119,2.3,2.3,2.3,2.3,44000
GC,20060120,2.3,2.36,2.3,2.36,10500
GC,20060123,2.38,2.38,2.32,2.32,13000
GC,20060124,2.3,2.4,2.3,2.38,6000
GC,20060125,2.38,2.38,2.34,2.36,6800
GC,20060126,2.4,2.4,2.3,2.38,20000
GC,20060130,2.36,2.38,2.36,2.38,3500
GC,20060131,2.38,2.4,2.32,2.38,null
GC,20060201,2.38,2.38,2.34,2.38,11500
GC,20060202,2.34,2.36,2.32,2.36,17500
GC,20060203,2.34,2.36,2.34,2.36,null
GC,20060206,2.36,2.36,2.34,2.36,null
GC,20060207,2.34,2.36,2.34,2.34,3000
GC,20060208,2.34,2.34,2.32,2.34,6200
GC,20060209,2.32,2.36,2.28,2.36,16700
GC,20060210,2.34,2.36,2.34,2.36,206300
GC,20060214,2.36,2.36,2.36,2.36,24000
GC,20060215,2.34,2.46,2.34,2.34,24000
GC,20060216,2.38,2.42,2.32,2.38,51500
GC,20060217,2.38,2.4,2.38,2.4,20800
GC,20060220,2.38,2.4,2.36,2.4,null
GC,20060221,2.4,2.44,2.36,2.44,300
GC,20060222,2.44,2.48,2.4,2.44,3600
GC,20060223,2.44,2.44,2.4,2.44,45900
GC,20060227,2.44,2.44,2.44,2.44,18500
GC,20060228,2.44,2.46,2.36,2.36,10000
GC,20060301,2.4,2.46,2.36,2.46,90000
GC,20060302,2.46,2.46,2.42,2.46,45000
GC,20060303,2.44,2.48,2.42,2.48,null
GC,20060306,2.46,2.46,2.44,2.46,200
GC,20060307,2.42,2.42,2.4,2.42,4500
GC,20060308,2.46,2.46,2.46,2.46,11300
GC,20060309,2.46,2.46,2.46,2.46,null
GC,20060310,2.36,2.48,2.36,2.48,90500
GC,20060316,2.34,2.44,2.32,2.44,22000
GC,20060317,2.34,2.44,2.3,2.44,11500
GC,20060320,2.34,2.34,2.34,2.34,989400
GC,20060321,2.4,2.4,2.4,2.4,null
GC,20060322,2.36,2.36,2.36,2.36,253500
GC,20060324,2.34,2.36,2.3,2.36,361400
GC,20060327,2.34,2.38,2.34,2.38,305900
GC,20060328,2.34,2.36,2.32,2.36,null
GC,20060329,2.36,2.4,2.34,2.4,145900
GC,20060330,2.34,2.34,2.26,2.34,426700
GC,20060331,2.36,2.38,2.36,2.38,null
GC,20060403,2.4,2.4,2,2.4,81600
GC,20060404,2.36,2.4,2.34,2.4,37200
GC,20060405,2.4,2.4,2.36,2.4,35000
GC,20060407,2.38,2.46,2.38,2.46,84200
GC,20060410,2.46,2.46,2.46,2.46,30100
GC,20060412,2.36,2.46,2.36,2.46,9000
GC,20060417,2.48,2.52,2.48,2.52,26300
GC,20060418,2.5,2.5,2.5,2.5,6000
GC,20060424,2.34,2.5,2.34,2.5,45400
GC,20060425,2.52,2.52,2.52,2.52,null
GC,20060428,2.54,2.54,2.54,2.54,500
GC,20060503,2.5,2.5,2.5,2.5,21000
GC,20060508,2.5,2.5,2.5,2.5,408100
GC,20060509,2.5,2.5,2.48,2.48,null
GC,20060511,2.48,2.56,2.48,2.56,295500
GC,20060517,2.5,2.5,2.5,2.5,null
GC,20060519,2.48,2.5,2.48,2.5,77600
GC,20060523,2.5,2.5,2.44,2.5,null
GC,20060524,2.44,2.46,2.4,2.4,11000
GC,20060525,2.5,2.5,2.4,2.42,57000
GC,20060526,2.42,2.46,2.4,2.46,81600
GC,20060529,2.44,2.44,2.4,2.4,null
GC,20060531,2.44,2.5,2.44,2.5,32600
GC,20060602,2.56,2.56,2.54,2.54,null
GC,20060605,2.5,2.5,2.5,2.5,945600
GC,20060608,2.44,2.44,2.44,2.44,null
GC,20060614,2.44,2.44,2.42,2.42,null
GC,20060615,2.5,2.5,2.4,2.4,null
GC,20060616,2.46,2.46,2.46,2.46,18800
GC,20060620,2.46,2.46,2.46,2.46,24900
GC,20060621,2.5,2.56,2.5,2.56,20200
GC,20060623,2.54,2.6,2.54,2.58,14100
GC,20060628,2.62,2.66,2.62,2.66,21100
GC,20060630,2.6,2.7,2.6,2.7,49000
GC,20060704,2.6,2.64,2.48,2.64,11500
GC,20060706,2.68,2.74,2.68,2.74,3100
GC,20060712,2.54,2.64,2.54,2.64,15000
GC,20060721,2.62,2.62,2.62,2.62,89900
GC,20060731,2.62,2.64,2.62,2.62,2600
GC,20060811,2.62,2.64,2.62,2.64,261500
GC,20060816,2.64,2.64,2.64,2.64,116800
GC,20060817,2.64,2.64,2.64,2.64,112100
GC,20060818,2.5,2.52,2.5,2.52,31000
GC,20060821,2.64,2.64,2.64,2.64,3800
GC,20060825,2.52,2.52,2.52,2.52,23500
GC,20060904,2.6,2.6,2.6,2.6,57500
GC,20060905,2.64,2.64,2.64,2.64,43500
GC,20060928,2.6,2.64,2.6,2.64,166000
GC,20061009,2.6,2.6,2.6,2.6,45200
GC,20061010,2.64,2.64,2.54,2.64,18500
GC,20061011,2.64,2.64,2.6,2.64,15700
GC,20061012,2.6,2.68,2.6,2.68,75300
GC,20061013,2.7,2.72,2.66,2.72,27800
GC,20061017,2.72,2.72,2.72,2.72,null
GC,20061019,2.74,2.78,2.74,2.78,33500
GC,20061020,2.78,2.8,2.78,2.8,1600
GC,20061024,2.8,2.82,2.8,2.8,null
GC,20061025,2.8,2.8,2.78,2.8,10500
GC,20061026,2.8,2.8,2.78,2.78,53300
GC,20061027,2.82,2.82,2.82,2.82,null
GC,20061030,2.82,2.82,2.78,2.8,34100
GC,20061031,2.84,2.92,2.82,2.9,15100
GC,20061101,2.9,2.96,2.88,2.9,64700
GC,20061103,2.92,2.94,2.88,2.9,null
GC,20061106,2.92,3.02,2.9,3,33800
GC,20061107,3,3.02,3,3.02,19800
GC,20061108,3,3.06,3,3.04,null
GC,20061109,3.06,3.06,3,3.02,16000
GC,20061110,3,3,2.98,2.98,18100
GC,20061113,2.98,3,2.96,2.98,null
GC,20061114,2.98,2.98,2.94,2.96,27500
GC,20061115,2.98,2.98,2.96,2.98,37600
GC,20061116,2.98,2.98,2.96,2.98,23400
GC,20061117,2.98,3,2.98,3,9300
GC,20061120,2.98,3.04,2.98,3.04,89100
GC,20061121,3.04,3.14,3.04,3.12,26000
GC,20061122,3.14,3.16,3.08,3.08,26600
GC,20061123,3.1,3.14,3.08,3.12,18000
GC,20061124,3.12,3.14,3.1,3.12,56200
GC,20061127,3.1,3.14,3.06,3.08,1600
GC,20061128,3.02,3.02,3.02,3.02,1500
GC,20061129,3.04,3.06,3.04,3.04,500
GC,20061130,3.06,3.06,3.06,3.06,null
GC,20061201,3.02,3.1,3.02,3.1,38000
GC,20061204,3.12,3.12,3.08,3.08,44000
GC,20061206,3.1,3.14,3.08,3.12,30100
GC,20061207,3.12,3.14,3.08,3.12,122000
GC,20061208,3.12,3.16,3.1,3.12,21000
GC,20061212,3.14,3.38,3.14,3.28,40000
GC,20061213,3.26,3.32,3.26,3.3,38600
GC,20061214,3.32,3.34,3.3,3.32,69000
GC,20061215,3.32,3.34,3.3,3.32,null
GC,20061218,3.2,3.2,3.14,3.14,219000
GC,20061219,3.3,3.3,2.98,3.04,214800
GC,20061220,3.28,3.28,3.06,3.2,116000
GC,20061221,3.08,3.14,3,3,59000
GC,20061222,3,3.12,3,3.12,43900
GC,20061226,3.24,3.24,3.24,3.24,16300
GC,20061227,3.24,3.32,3.24,3.24,2600
GC,20061229,3.28,3.3,3.28,3.3,5000
GC,20070103,3.2,3.3,3.2,3.3,6000
GC,20070104,3.18,3.32,3.18,3.3,36000
GC,20070108,3.2,3.2,3.2,3.2,5000
GC,20070109,3.22,3.22,3.2,3.2,12200
GC,20070110,3.18,3.2,3.18,3.2,4500
GC,20070112,3.18,3.18,3.18,3.18,100
GC,20070117,3.2,3.2,3.2,3.2,400
GC,20070119,3.2,3.26,3.2,3.26,17000
GC,20070122,3.18,3.26,3.1,3.14,96900
GC,20070123,3.08,3.16,3.08,3.16,5800
GC,20070125,3.12,3.12,3.08,3.1,17600
GC,20070126,3.12,3.12,3.12,3.12,100
GC,20070129,3.08,3.14,3.08,3.14,1200
GC,20070131,3.06,3.14,2.98,3.1,195100
GC,20070201,3.08,3.08,3.08,3.08,100
GC,20070202,3.1,3.1,3.1,3.1,100
GC,20070207,3.08,3.08,3.08,3.08,100
GC,20070208,3.08,3.08,2.98,3.06,30700
GC,20070213,3.08,3.1,3.08,3.08,36500
GC,20070215,3.08,3.08,3.06,3.08,90000
GC,20070216,3.06,3.06,3.02,3.04,209500
GC,20070219,3.04,3.04,3.04,3.04,2300
GC,20070220,3.04,3.04,3.02,3.04,11800
GC,20070221,3.02,3.08,3,3.02,529900
GC,20070222,3.04,3.38,3.02,3.04,18222800
GC,20070223,3.08,3.12,3.02,3.02,3355800
GC,20070226,3.02,3.18,3.02,3.04,11914300
GC,20070227,3.06,3.14,3.02,3.04,5358200
GC,20070228,2.9,3,2.9,2.98,790300
GC,20070301,3,3.06,2.98,2.98,4279000
GC,20070302,2.98,3.06,2.96,2.96,6294600
GC,20070306,2.94,3,2.92,2.98,2568700
GC,20070307,3,3.08,2.98,3,17360500
GC,20070308,3.02,3.06,2.92,2.92,8677200
GC,20070309,2.78,2.86,2.72,2.78,4499000
GC,20070312,2.8,2.84,2.8,2.8,6229600
GC,20070313,2.82,2.88,2.82,2.84,6707900
GC,20070314,2.84,2.86,2.8,2.8,3523200
GC,20070315,2.8,2.94,2.8,2.84,6855700
GC,20070316,2.86,2.9,2.8,2.8,3075500
GC,20070319,2.82,2.86,2.8,2.8,2566500
GC,20070320,2.82,2.88,2.76,2.76,7793400
GC,20070321,2.8,2.84,2.78,2.82,2218800
GC,20070322,2.82,2.86,2.82,2.84,3420600
GC,20070323,2.84,2.88,2.84,2.86,2932300
GC,20070326,2.86,2.88,2.84,2.88,2044200
GC,20070327,2.88,2.94,2.86,2.86,4636500
GC,20070328,2.9,2.9,2.84,2.86,715000
GC,20070329,2.86,2.86,2.82,2.82,219100
GC,20070330,2.82,2.82,2.78,2.78,220400
GC,20070402,2.8,2.82,2.78,2.82,126000
GC,20070403,2.82,2.88,2.8,2.8,629000
GC,20070404,2.88,2.88,2.84,2.88,372000
GC,20070405,2.84,2.96,2.84,2.96,873000
GC,20070409,2.98,2.98,2.96,2.96,40200
GC,20070410,2.98,3,2.98,3,50000
GC,20070411,2.96,2.96,2.94,2.94,118800
GC,20070412,2.92,2.96,2.92,2.94,214800
GC,20070417,2.92,2.92,2.92,2.92,52000
GC,20070418,2.92,2.92,2.92,2.92,4000
GC,20070419,2.92,2.92,2.9,2.9,90700
GC,20070420,2.9,2.9,2.9,2.9,30000
GC,20070423,2.9,2.9,2.9,2.9,62000
GC,20070424,2.88,2.9,2.88,2.9,40400
GC,20070425,2.9,2.94,2.9,2.94,40100
GC,20070426,2.92,2.94,2.9,2.9,72200
GC,20070427,2.9,2.9,2.88,2.88,38900
GC,20070502,2.86,2.86,2.86,2.86,45100
GC,20070503,2.9,2.9,2.86,2.88,2200
GC,20070504,2.9,2.9,2.9,2.9,100
GC,20070508,2.88,2.88,2.86,2.86,67100
GC,20070509,2.88,2.88,2.88,2.88,13800
GC,20070510,2.88,2.88,2.84,2.84,172000
GC,20070511,2.84,2.84,2.84,2.84,8000
GC,20070514,2.82,2.82,2.82,2.82,44400
GC,20070515,2.86,2.88,2.8,2.86,252000
GC,20070516,2.9,3.02,2.9,2.98,340900
GC,20070517,3,3,2.96,2.96,321200
GC,20070518,2.96,2.96,2.92,2.92,164800
GC,20070521,2.94,2.94,2.94,2.94,20000
GC,20070522,2.98,2.98,2.9,2.92,153000
GC,20070523,2.92,2.92,2.9,2.9,52500
GC,20070524,2.9,2.9,2.9,2.9,52000
GC,20070525,2.88,2.88,2.88,2.88,89000
GC,20070528,2.86,2.88,2.86,2.88,36000
GC,20070529,2.9,2.92,2.86,2.86,194300
GC,20070530,2.88,2.92,2.88,2.9,195000
GC,20070601,2.92,2.96,2.9,2.94,1354400
GC,20070604,2.98,3.02,2.96,3,224500
GC,20070605,3,3.02,2.96,2.98,431100
GC,20070606,2.98,3,2.98,3,187100
GC,20070607,2.98,2.98,2.94,2.94,104500
GC,20070608,2.94,2.98,2.94,2.98,140500
GC,20070611,2.98,3,2.98,2.98,285700
GC,20070612,3,3,2.94,2.94,720400
GC,20070613,2.94,2.94,2.92,2.92,192200
GC,20070614,2.94,2.98,2.92,2.98,30500
GC,20070615,2.98,2.98,2.96,2.98,70100
GC,20070618,2.98,3,2.98,3,201000
GC,20070619,3,3,3,3,206600
GC,20070620,3,3,2.98,2.98,183000
GC,20070621,2.98,2.98,2.96,2.98,52800
GC,20070622,2.98,2.98,2.96,2.96,260400
GC,20070625,2.98,2.98,2.96,2.96,94600
GC,20070626,2.96,2.96,2.96,2.96,256000
GC,20070627,2.96,2.98,2.94,2.98,573800
GC,20070628,2.98,3,2.98,2.98,332300
GC,20070629,2.98,3,2.98,2.98,358400
GC,20070702,2.98,3,2.98,3,290300
GC,20070703,3.02,3.02,3.02,3.02,408300
GC,20070704,3.02,3.02,3,3,157200
GC,20070705,3,3,2.98,2.98,128300
GC,20070706,2.98,2.98,2.96,2.98,172100
GC,20070709,2.98,3.02,2.98,2.98,242500
GC,20070710,3,3.06,3,3.06,543000
GC,20070711,3.06,3.14,3.06,3.12,875800
GC,20070712,3.12,3.2,3.12,3.18,817700
GC,20070713,3.2,3.28,3.2,3.24,1328000
GC,20070716,3.28,3.28,3.16,3.16,757800
GC,20070717,3.2,3.2,3.16,3.16,7800
GC,20070718,3.16,3.2,3.16,3.2,129100
GC,20070719,3.2,3.22,3.18,3.22,236800
GC,20070720,3.22,3.26,3.22,3.26,318100
GC,20070723,3.24,3.28,3.24,3.26,158000
GC,20070724,3.28,3.28,3.26,3.28,486400
GC,20070725,3.28,3.32,3.28,3.3,493400
GC,20070726,3.3,3.32,3.26,3.26,145300
GC,20070727,3.08,3.22,3.08,3.22,139000
GC,20070731,3.24,3.26,3.22,3.22,161900
GC,20070801,3.22,3.22,3.16,3.16,389200
GC,20070802,3.16,3.18,3.1,3.12,318400
GC,20070803,3.16,3.22,3.12,3.22,34400
GC,20070806,3.22,3.22,3.16,3.16,46500
GC,20070807,3.18,3.18,3.18,3.18,71000
GC,20070808,3.2,3.2,3.16,3.2,71200
GC,20070809,3.22,3.24,3.18,3.18,321400
GC,20070810,3.24,3.34,3.2,3.24,5152900
GC,20070814,3.26,3.36,3.26,3.32,1736400
GC,20070815,3.32,3.44,3.32,3.36,2299200
GC,20070816,3.36,3.38,3.2,3.22,1075800
GC,20070817,3.28,3.28,3.18,3.22,608000
GC,20070820,3.3,3.46,3.28,3.46,1229400
GC,20070821,3.4,3.4,3.32,3.32,775700
GC,20070822,3.34,3.36,3.34,3.36,200700
GC,20070823,3.36,3.36,3.3,3.3,262000
GC,20070824,3.3,3.32,3.3,3.3,189900
GC,20070827,3.34,3.36,3.32,3.36,213900
GC,20070828,3.36,3.36,3.34,3.34,40100
GC,20070829,3.36,3.36,3.3,3.3,65800
GC,20070830,3.32,3.32,3.3,3.3,50600
GC,20070831,3.3,3.34,3.3,3.32,166500
GC,20070903,3.3,3.32,3.3,3.32,304000
GC,20070904,3.32,3.32,3.32,3.32,74000
GC,20070905,3.32,3.36,3.32,3.34,163000
GC,20070906,3.34,3.36,3.34,3.36,149100
GC,20070907,3.38,3.5,3.36,3.5,853400
GC,20070910,3.52,3.52,3.48,3.5,110800
GC,20070911,3.48,3.64,3.44,3.64,478600
GC,20070912,3.68,3.74,3.68,3.7,458200
GC,20070913,3.72,3.72,3.66,3.7,145800
GC,20070914,3.7,3.82,3.68,3.8,623600
GC,20070917,3.8,3.8,3.76,3.78,237900
GC,20070918,3.72,3.76,3.7,3.7,183000
GC,20070919,3.72,3.72,3.68,3.7,85300
GC,20070920,3.7,3.7,3.58,3.58,439800
GC,20070921,3.6,3.68,3.6,3.66,201200
GC,20070924,3.68,3.7,3.68,3.7,117900
GC,20070925,3.72,3.72,3.72,3.72,4400
GC,20070926,3.72,3.72,3.68,3.7,36400
GC,20070927,3.68,3.68,3.64,3.64,122800
GC,20070928,3.64,3.64,3.62,3.64,62100
GC,20071001,3.64,3.66,3.62,3.62,93900
GC,20071002,3.64,3.64,3.64,3.64,6800
GC,20071003,3.64,3.64,3.64,3.64,113000
GC,20071004,3.64,3.64,3.64,3.64,105000
GC,20071005,3.64,3.68,3.62,3.66,205000
GC,20071008,3.66,3.68,3.64,3.68,311200
GC,20071009,3.68,3.7,3.66,3.68,220100
GC,20071010,3.68,3.82,3.68,3.76,204300
GC,20071011,3.76,3.98,3.76,3.96,825900
GC,20071012,4,4,3.88,3.9,192400
GC,20071015,3.9,3.9,3.88,3.9,27000
GC,20071016,3.9,3.9,3.9,3.9,22200
GC,20071018,3.9,3.94,3.9,3.9,119100
GC,20071019,3.9,3.92,3.88,3.9,83300
GC,20071022,3.72,3.86,3.72,3.82,45600
GC,20071024,3.9,3.96,3.9,3.94,418500
GC,20071025,3.98,3.98,3.9,3.96,286500
GC,20071026,3.9,3.92,3.9,3.92,191200
GC,20071029,3.92,3.92,3.88,3.9,162900
GC,20071030,3.88,3.94,3.88,3.94,105300
GC,20071031,3.9,3.9,3.88,3.9,49700
GC,20071101,3.92,3.92,3.9,3.9,5000
GC,20071102,3.92,3.96,3.9,3.9,15900
GC,20071105,3.9,3.9,3.84,3.9,87600
GC,20071106,3.88,3.88,3.8,3.86,72100
GC,20071107,3.98,4.1,3.98,4.02,770100
GC,20071108,4.02,4.02,3.94,4.02,342500
GC,20071109,4,4,3.8,3.84,247200
GC,20071112,3.82,3.82,3.68,3.7,381600
GC,20071113,3.7,3.72,3.68,3.7,241600
GC,20071114,3.78,3.9,3.7,3.8,59500
GC,20071115,3.72,3.78,3.7,3.7,338300
GC,20071116,3.7,3.78,3.66,3.78,273900
GC,20071119,3.68,3.68,3.6,3.64,279700
GC,20071120,3.6,3.62,3.54,3.6,562600
GC,20071121,3.58,3.58,3.56,3.58,92000
GC,20071122,3.54,3.56,3.5,3.5,333000
GC,20071123,3.48,3.48,3.44,3.48,147000
GC,20071126,3.5,3.54,3.5,3.54,57000
GC,20071127,3.54,3.58,3.54,3.56,27600
GC,20071128,3.58,3.62,3.58,3.6,70500
GC,20071129,3.66,3.66,3.62,3.62,35700
GC,20071130,3.66,3.66,3.62,3.62,62400
GC,20071203,3.64,3.64,3.62,3.64,5000
GC,20071204,3.64,3.64,3.64,3.64,23100
GC,20071206,3.66,3.72,3.66,3.72,10000
GC,20071207,3.72,3.72,3.72,3.72,5000
GC,20071211,3.8,3.8,3.8,3.8,1000
GC,20071212,3.68,3.68,3.64,3.64,11000
GC,20071213,3.64,3.7,3.6,3.6,29200
GC,20071214,3.7,3.7,3.64,3.7,1700
GC,20071217,3.6,3.7,3.6,3.7,15100
GC,20071218,3.7,3.7,3.64,3.64,11700
GC,20071219,3.68,3.72,3.68,3.7,104700
GC,20071220,3.7,3.7,3.7,3.7,30000
GC,20071221,3.7,3.7,3.7,3.7,22900
GC,20071226,3.62,3.74,3.62,3.74,600
GC,20071227,3.72,3.72,3.66,3.66,30000
GC,20071228,3.74,3.74,3.7,3.72,31300
GC,20080102,3.64,3.74,3.64,3.74,10300
GC,20080103,3.64,3.64,3.62,3.62,68700
GC,20080104,3.6,3.62,3.6,3.62,30000
GC,20080107,3.62,3.68,3.6,3.6,147000
GC,20080108,3.54,3.62,3.54,3.62,30900
GC,20080109,3.62,3.62,3.62,3.62,1000
GC,20080110,3.6,3.64,3.6,3.64,46200
GC,20080114,3.6,3.6,3.54,3.54,50000
GC,20080115,3.54,3.56,3.52,3.52,69900
GC,20080116,3.52,3.6,3.52,3.6,400
GC,20080117,3.52,3.52,3.52,3.52,1000
GC,20080118,3.52,3.56,3.52,3.56,25000
GC,20080121,3.6,3.6,3.58,3.6,272800
GC,20080122,3.54,3.58,3.5,3.5,96600
GC,20080123,3.5,3.5,3.46,3.5,65100
GC,20080124,3.5,3.5,3.4,3.4,111100
GC,20080125,3.4,3.56,3.4,3.56,161800
GC,20080128,3.5,3.5,3.48,3.48,66200
GC,20080130,3.54,3.54,3.52,3.52,39000
GC,20080131,3.62,3.62,3.58,3.58,75500
GC,20080201,3.54,3.66,3.54,3.58,110000
GC,20080204,3.68,3.68,3.6,3.6,37800
GC,20080205,3.6,3.6,3.6,3.6,3200
GC,20080206,3.64,3.74,3.6,3.6,206600
GC,20080207,3.64,3.66,3.64,3.66,100000
GC,20080208,3.6,3.66,3.6,3.66,23200
GC,20080211,3.62,3.68,3.6,3.6,110100
GC,20080212,3.68,3.68,3.6,3.6,58200
GC,20080213,3.6,3.6,3.6,3.6,45000
GC,20080214,3.6,3.6,3.6,3.6,20000
GC,20080215,3.6,3.6,3.58,3.58,80000
GC,20080218,3.6,3.6,3.6,3.6,75700
GC,20080219,3.6,3.64,3.6,3.64,90000
GC,20080220,3.68,3.68,3.66,3.66,20000
GC,20080222,3.86,4.02,3.84,4,1421900
GC,20080225,4,4,3.96,4,371400
GC,20080226,4.02,4.04,4,4,420000
GC,20080227,4,4,4,4,133900
GC,20080228,4.02,4.02,3.98,3.98,46000
GC,20080229,3.98,4,3.96,4,231000
GC,20080303,4.02,4.02,3.98,3.98,130000
GC,20080304,4,4.12,4,4.04,362000
GC,20080305,4.06,4.12,4.04,4.08,377800
GC,20080306,4.08,4.1,4.08,4.1,30200
GC,20080307,4.08,4.12,4.08,4.12,202900
GC,20080310,4.14,4.18,4.14,4.16,397300
GC,20080311,4.16,4.16,4.12,4.12,106700
GC,20080312,4.12,4.14,4.1,4.1,257400
GC,20080313,4.12,4.12,4.08,4.08,132100
GC,20080314,4.08,4.08,4.06,4.06,322600
GC,20080317,3.94,3.94,3.82,3.9,79000
GC,20080318,3.88,3.88,3.86,3.88,135400
GC,20080319,3.88,3.88,3.86,3.86,47200
GC,20080320,3.88,3.9,3.88,3.88,10100
GC,20080321,3.88,3.88,3.86,3.86,34400
GC,20080324,3.86,3.88,3.86,3.86,6700
GC,20080325,3.88,3.88,3.88,3.88,10800
GC,20080326,3.9,3.92,3.88,3.88,44300
GC,20080327,3.88,3.88,3.88,3.88,42000
GC,20080331,4.08,4.08,3.9,3.96,40800
GC,20080401,3.94,3.98,3.94,3.98,29700
GC,20080402,3.94,3.98,3.92,3.98,65700
GC,20080403,3.96,3.98,3.96,3.98,21000
GC,20080404,3.96,3.96,3.96,3.96,27100
GC,20080408,3.92,3.98,3.92,3.98,85000
GC,20080409,3.92,3.98,3.92,3.98,28900
GC,20080410,3.98,4.02,3.98,4,121100
GC,20080411,4.02,4.04,4.02,4.04,8900
GC,20080416,4,4,3.94,3.94,25000
GC,20080417,3.96,4,3.96,3.98,88700
GC,20080418,3.98,4.08,3.98,4.08,80200
GC,20080421,4.08,4.08,4.08,4.08,7200
GC,20080422,4.06,4.12,4.06,4.12,49400
GC,20080423,4.12,4.12,4.1,4.1,37300
GC,20080424,4.12,4.14,4.12,4.12,103300
GC,20080425,4.12,4.48,4.12,4.48,97100
GC,20080428,4.48,4.5,4.28,4.28,13300
GC,20080429,4.28,4.3,4.26,4.26,44300
GC,20080430,4.26,4.26,4.18,4.18,136300
GC,20080502,4.18,4.2,4.14,4.2,195100
GC,20080506,4.2,4.22,4.18,4.22,22200
GC,20080507,4.22,4.22,4.2,4.2,60800
GC,20080508,4.24,4.36,4.24,4.34,170600
GC,20080509,4.32,4.46,4.3,4.46,94600
GC,20080512,4.46,4.5,4.46,4.46,15400
GC,20080513,4.46,4.46,4.44,4.44,49000
GC,20080514,4.46,4.68,4.46,4.6,841000
GC,20080515,4.56,4.86,4.56,4.86,165800
GC,20080516,4.9,5,4.86,4.92,214700
GC,20080520,4.94,4.96,4.9,4.96,85600
GC,20080521,4.96,4.96,4.9,4.94,131200
GC,20080522,4.92,5,4.92,4.94,124100
GC,20080523,4.96,4.98,4.94,4.94,55100
GC,20080526,4.92,4.92,4.86,4.88,217600
GC,20080527,4.92,4.94,4.9,4.9,22300
GC,20080528,4.88,4.94,4.86,4.9,98200
GC,20080529,4.92,4.96,4.9,4.96,83100
GC,20080530,4.94,4.96,4.92,4.96,44400
GC,20080602,4.92,4.98,4.92,4.94,112500
GC,20080603,4.88,4.94,4.88,4.9,185700
GC,20080604,4.88,4.88,4.88,4.88,20100
GC,20080605,4.88,4.88,4.86,4.88,53200
GC,20080606,4.86,4.88,4.84,4.88,63300
GC,20080609,4.84,4.84,4.8,4.8,60000
GC,20080610,4.8,4.8,4.78,4.78,28500
GC,20080611,4.78,4.78,4.76,4.76,56100
GC,20080612,4.76,4.8,4.74,4.74,12400
GC,20080613,4.78,4.78,4.76,4.76,7000
GC,20080616,4.76,4.76,4.76,4.76,8000
GC,20080617,4.8,4.8,4.76,4.76,2600
GC,20080618,4.74,4.74,4.7,4.7,26000
GC,20080619,4.7,4.7,4.68,4.68,10500
GC,20080620,4.7,4.7,4.68,4.7,16000
GC,20080623,4.7,4.7,4.68,4.68,102200
GC,20080624,4.68,4.68,4.68,4.68,69900
GC,20080625,4.7,4.7,4.66,4.68,41300
GC,20080626,4.7,4.72,4.68,4.7,21700
GC,20080627,4.7,4.7,4.68,4.7,88400
GC,20080630,4.68,4.68,4.68,4.68,18300
GC,20080702,4.68,4.68,4.6,4.6,18000
GC,20080703,4.6,4.6,4.5,4.5,84100
GC,20080704,4.52,4.52,4.5,4.5,40300
GC,20080707,4.5,4.5,4.48,4.48,5000
GC,20080708,4.4,4.4,4.4,4.4,59400
GC,20080709,4.32,4.52,4.32,4.52,4200
GC,20080710,4.42,4.42,4.42,4.42,40000
GC,20080711,4.5,4.5,4.5,4.5,80000
GC,20080714,4.44,4.54,4.42,4.54,62400
GC,20080715,4.46,4.54,4.42,4.54,45300
GC,20080716,4.54,4.54,4.54,4.54,1000
GC,20080718,4.52,4.52,4.52,4.52,29300
GC,20080723,4.6,4.68,4.54,4.68,39200
GC,20080724,4.54,4.54,4.54,4.54,10000
GC,20080725,4.58,4.58,4.54,4.54,61500
GC,20080728,4.58,4.6,4.58,4.6,55000
GC,20080729,4.64,4.64,4.64,4.64,500
GC,20080730,4.62,4.62,4.6,4.62,43700
GC,20080731,4.64,4.66,4.64,4.66,35500
GC,20080801,4.62,4.7,4.62,4.7,41000
GC,20080804,4.7,4.74,4.68,4.74,24200
GC,20080805,4.76,4.76,4.74,4.74,10200
GC,20080806,4.82,4.88,4.8,4.8,9900
GC,20080807,4.86,4.92,4.86,4.92,58400
GC,20080808,4.9,4.9,4.86,4.86,21000
GC,20080811,4.88,4.92,4.88,4.88,106100
GC,20080813,4.92,4.96,4.92,4.94,58400
GC,20080814,4.9,5.05,4.9,4.9,158900
GC,20080815,4.86,4.88,4.76,4.8,94700
GC,20080818,4.8,4.8,4.8,4.8,14200
GC,20080819,4.8,4.8,4.8,4.8,9000
GC,20080820,4.8,4.8,4.78,4.8,13000
GC,20080821,4.8,4.86,4.78,4.86,39600
GC,20080822,4.86,4.86,4.86,4.86,900
GC,20080825,4.86,4.86,4.8,4.84,40800
GC,20080826,4.52,4.62,4.5,4.6,72000
GC,20080827,4.64,4.72,4.64,4.72,21000
GC,20080828,4.68,4.68,4.68,4.68,2000
GC,20080829,4.6,4.66,4.6,4.66,20000
GC,20080901,4.6,4.62,4.6,4.62,7000
GC,20080902,4.62,4.62,4.58,4.58,18700
GC,20080903,4.54,4.6,4.54,4.6,4900
GC,20080904,4.52,4.58,4.5,4.54,28200
GC,20080905,4.56,4.56,4.56,4.56,100
GC,20080908,4.58,4.58,4.58,4.58,10000
GC,20080909,4.56,4.6,4.56,4.56,6200
GC,20080910,4.58,4.6,4.58,4.6,16900
GC,20080911,4.52,4.52,4.5,4.52,44000
GC,20080912,4.52,4.52,4.52,4.52,200
GC,20080915,4.6,4.6,4.5,4.5,257800
GC,20080916,4.5,4.5,4.4,4.4,86200
GC,20080917,4.38,4.38,4.38,4.38,2700
GC,20080918,4.26,4.38,3.94,4.3,23800
GC,20080919,4.22,4.5,4.22,4.46,10400
GC,20080923,4.52,4.52,4.52,4.52,300
GC,20080925,4.46,4.48,4.46,4.48,5900
GC,20080929,4.5,4.54,4.36,4.36,10500
GC,20080930,4.24,4.3,4.2,4.3,81600
GC,20081001,4.3,4.3,4.3,4.3,9100
GC,20081002,4.54,4.54,4.42,4.42,23800
GC,20081006,4.4,4.4,4.16,4.3,54500
GC,20081007,4.3,4.3,4.12,4.12,57600
GC,20081008,3.96,4,3.5,3.68,119500
GC,20081009,3.62,3.62,3.4,3.4,373500
GC,20081010,3.4,3.4,2.96,3,899000
GC,20081013,3.5,3.5,3.5,3.5,200
GC,20081014,3.5,3.5,3.5,3.5,15900
GC,20081015,3.44,3.44,3.42,3.44,43400
GC,20081016,3.2,3.4,3.2,3.4,20100
GC,20081017,3.4,3.46,3.4,3.46,54100
GC,20081020,3.32,3.32,3.3,3.3,6000
GC,20081021,3.5,3.5,3.5,3.5,2000
GC,20081024,3.4,3.4,3.22,3.22,8000
GC,20081028,3.22,3.3,3.22,3.3,3500
GC,20081030,3.3,3.5,3,3.3,60500
GC,20081031,3.04,3.3,3.04,3.3,900
GC,20081103,3.78,3.78,3.5,3.66,2900
GC,20081104,3.42,3.42,3.4,3.4,8100
GC,20081106,3.12,3.4,3.12,3.12,15100
GC,20081107,3.1,3.1,2.8,3.1,37500
GC,20081110,3.02,3.02,3.02,3.02,18000
GC,20081111,3.02,3.02,2.8,2.8,18800
GC,20081112,2.64,2.8,2.6,2.78,165800
GC,20081113,2.7,2.76,2.7,2.76,2600
GC,20081114,2.72,2.98,2.6,2.98,4400
GC,20081121,2.5,3.1,2.5,3.1,6100
GC,20081125,2.98,3.4,2.98,3.4,300
GC,20081126,3.1,3.32,2.76,3.32,600
GC,20081128,2.98,3.32,2.98,3.32,400
GC,20081202,4.26,4.26,4.26,4.26,100
GC,20081203,3.3,3.3,3.2,3.2,200
GC,20081209,2.52,3.14,2.52,3.14,87100
GC,20081211,3.3,3.3,3.12,3.12,400
GC,20081212,3.1,3.1,3.1,3.1,500
GC,20081216,3.1,3.1,2.54,2.54,157200
GC,20081217,2.56,2.6,2.54,2.54,16200
GC,20081218,2.58,2.58,2.58,2.58,100
GC,20081219,2.6,2.62,2.52,2.52,16300
GC,20081222,2.52,2.56,2.5,2.52,53700
GC,20081223,2.5,2.5,2.5,2.5,4500
GC,20081224,2.52,2.52,2.52,2.52,200
GC,20081225,2.56,2.6,2.56,2.56,20800
GC,20081226,2.54,2.6,2.5,2.6,13300
GC,20081229,2.5,2.6,2.5,2.6,7200
GC,20081230,2.6,2.6,2.6,2.6,200
GC,20090105,2.58,2.58,2.5,2.54,12700
GC,20090106,2.54,2.54,2.44,2.5,27300
GC,20090107,2.48,2.48,2.42,2.42,10800
GC,20090108,2.42,2.46,2.4,2.46,12900
GC,20090109,2.5,2.5,2.36,2.42,68700
GC,20090112,2.4,2.42,2.4,2.4,11100
GC,20090113,2.4,2.42,2.36,2.36,6300
GC,20090114,2.4,2.4,2.34,2.34,8300
GC,20090115,2.34,2.34,2.3,2.34,15800
GC,20090116,2.4,2.4,2.4,2.4,100
GC,20090119,2.4,2.42,2.4,2.42,200
GC,20090120,2.38,2.38,2.38,2.38,5600
GC,20090121,2.38,2.4,2.3,2.4,44400
GC,20090122,2.38,2.38,2.3,2.34,9200
GC,20090123,2.3,2.32,2.26,2.26,20000
GC,20090126,2.34,2.34,2.28,2.32,8200
GC,20090127,2.32,2.32,2.3,2.32,28900
GC,20090128,2.3,2.3,2.26,2.26,21300
GC,20090129,2.32,2.32,2.2,2.28,44000
GC,20090130,2.22,2.24,2.2,2.22,7700
GC,20090202,2.22,2.22,2.14,2.14,9500
GC,20090203,2.14,2.18,2.14,2.16,9500
GC,20090204,2.18,2.24,2.16,2.2,64900
GC,20090205,2.18,2.26,2.18,2.26,46000
GC,20090206,2.36,2.36,2.32,2.32,1100
GC,20090211,2.22,2.3,2.22,2.28,13400
GC,20090212,2.3,2.4,2.3,2.4,22200
GC,20090213,2.44,2.44,2.2,2.2,38800
GC,20090216,2.36,2.38,2.36,2.38,200
GC,20090217,2.3,2.3,2.24,2.24,3000
GC,20090218,2.28,2.28,2.22,2.22,10500
GC,20090219,2.2,2.2,2.1,2.1,20100
GC,20090220,2.16,2.22,2.1,2.22,33300
GC,20090224,2.24,2.46,2.1,2.28,14500
GC,20090225,2.28,2.28,2.08,2.12,34000
GC,20090226,2.2,2.2,2.08,2.14,22600
GC,20090227,2.22,2.22,2.2,2.2,1200
GC,20090302,2.22,2.22,2.22,2.22,100
GC,20090304,2.18,2.24,2.08,2.18,2400
GC,20090305,2.12,2.16,2.08,2.08,52000
GC,20090306,2.1,2.18,2.1,2.18,21500
GC,20090309,2.18,2.24,2.12,2.18,28900
GC,20090310,2.18,2.22,2.18,2.18,3700
GC,20090311,2.2,2.2,2.18,2.2,35900
GC,20090312,2.22,2.22,2.2,2.2,17400
GC,20090313,2.4,2.4,2.26,2.26,300
GC,20090316,2.24,2.24,2.18,2.22,15200
GC,20090318,2.2,2.2,2.18,2.18,25900
GC,20090319,2.18,2.2,2.16,2.18,30500
GC,20090320,2.36,2.36,2.32,2.32,600
GC,20090324,2.48,2.48,2.2,2.3,51500
GC,20090325,2.34,2.34,2.18,2.18,200
GC,20090326,2.28,2.28,2.2,2.24,30300
GC,20090327,2.26,2.28,2.26,2.28,600
GC,20090330,2.3,2.3,2.22,2.22,21200
GC,20090331,2.26,2.28,2.26,2.28,300
GC,20090402,2.3,2.3,2.3,2.3,18100
GC,20090403,2.26,2.3,2.26,2.3,18700
GC,20090407,2.32,2.32,2.3,2.32,2700
GC,20090408,2.32,2.34,2.32,2.34,700
GC,20090410,2.4,2.4,2.4,2.4,600
GC,20090416,2.3,2.4,2.3,2.4,2100
GC,20090417,2.3,2.3,2.3,2.3,100
GC,20090420,2.36,2.4,2.3,2.4,11500
GC,20090421,2.26,2.3,2.26,2.3,20100
GC,20090422,2.3,2.4,2.26,2.26,104000
GC,20090423,2.26,2.38,2.18,2.38,61300
GC,20090424,2.32,2.36,2.2,2.34,97700
GC,20090427,2.28,2.32,2.24,2.24,10500
GC,20090428,2.26,2.26,2.26,2.26,15000
GC,20090429,2.26,2.28,2.26,2.26,7000
GC,20090430,2.26,2.26,2.26,2.26,21400
GC,20090504,2.32,2.32,2.32,2.32,700
GC,20090506,2.32,2.34,2.3,2.3,181100
GC,20090507,2.32,2.32,2.32,2.32,6700
GC,20090511,2.32,2.4,2.3,2.3,34600
GC,20090512,2.22,2.3,2.14,2.22,520800
GC,20090513,2.24,2.24,2.12,2.14,377900
GC,20090514,2.16,2.2,2.14,2.16,126600
GC,20090515,2.16,2.16,2.1,2.1,100500
GC,20090518,2.1,2.1,2,2,610500
GC,20090519,2,2.02,2,2,137300
GC,20090520,2.02,2.04,2,2,277900
GC,20090521,2.06,2.2,2.04,2.14,323200
GC,20090522,2.14,2.16,2.14,2.16,52300
GC,20090525,2.14,2.14,2.1,2.12,71000
GC,20090526,2.1,2.12,2,2.1,792600
GC,20090527,2.08,2.12,2,2.12,365400
GC,20090528,2.12,2.14,2.08,2.08,302700
GC,20090529,2.04,2.1,2.04,2.06,175700
GC,20090601,2.1,2.14,2.1,2.14,168400
GC,20090602,2.14,2.24,2.14,2.24,397000
GC,20090603,2.24,2.4,2.24,2.4,335200
GC,20090604,2.4,2.42,2.3,2.34,108300
GC,20090605,2.34,2.4,2.34,2.4,147000
GC,20090608,2.42,2.54,2.42,2.46,214300
GC,20090609,2.44,2.5,2.44,2.5,56800
GC,20090610,2.52,2.52,2.5,2.52,21300
GC,20090611,2.44,2.52,2.44,2.52,42100
GC,20090612,2.52,2.52,2.46,2.46,57100
GC,20090615,2.5,2.5,2.4,2.4,76800
GC,20090616,2.38,2.48,2.38,2.4,27400
GC,20090617,2.38,2.4,2.36,2.36,51500
GC,20090618,2.36,2.36,2.22,2.34,152100
GC,20090619,2.34,2.46,2.3,2.3,1700
GC,20090623,2.3,2.3,2.2,2.28,151800
GC,20090624,2.26,2.3,2.2,2.26,24600
GC,20090625,2.28,2.3,2.24,2.24,14100
GC,20090626,2.3,2.4,2.3,2.36,52900
GC,20090629,2.4,2.42,2.4,2.42,500
GC,20090630,2.38,2.42,2.38,2.4,36500
GC,20090702,2.32,2.36,2.32,2.36,25000
GC,20090703,2.36,2.36,2.3,2.3,2000
GC,20090708,2.36,2.4,2.36,2.4,33100
GC,20090709,2.4,2.46,2.4,2.46,20000
GC,20090710,2.44,2.44,2.4,2.4,23500
GC,20090713,2.36,2.36,2.36,2.36,12200
GC,20090715,2.38,2.38,2.36,2.36,1500
GC,20090716,2.38,2.4,2.38,2.38,19100
GC,20090720,2.38,2.4,2.36,2.36,27200
GC,20090721,2.36,2.38,2.36,2.36,8100
GC,20090722,2.34,2.46,2.3,2.44,38000
GC,20090723,2.34,2.42,2.3,2.42,25600
GC,20090724,2.44,2.46,2.44,2.46,34100
GC,20090727,2.4,2.46,2.4,2.4,16400
GC,20090728,2.46,2.48,2.42,2.48,140700
GC,20090729,2.46,2.48,2.46,2.46,12600
GC,20090731,2.48,2.52,2.48,2.52,5000
GC,20090803,2.42,2.7,2.42,2.7,38400
GC,20090804,2.66,2.78,2.66,2.78,39200
GC,20090805,2.48,2.68,2.48,2.68,40600
GC,20090806,2.68,2.76,2.68,2.76,53400
GC,20090807,2.68,2.74,2.68,2.74,15100
GC,20090810,2.54,2.74,2.54,2.74,700
GC,20090811,2.56,2.74,2.56,2.74,131300
GC,20090813,2.74,2.74,2.7,2.72,121900
GC,20090814,2.76,3,2.76,2.9,98800
GC,20090817,2.84,2.88,2.82,2.84,73200
GC,20090818,2.84,2.98,2.84,2.98,48600
GC,20090819,3.2,3.2,3.2,3.2,100
GC,20090820,3.58,3.58,3.58,3.58,100
GC,20090821,2.9,3.2,2.9,3.2,6100
GC,20090824,3.2,3.6,3.2,3.32,26100
GC,20090825,3.3,3.3,3.2,3.2,63100
GC,20090826,3.2,3.28,3.2,3.28,148500
GC,20090827,3,3.28,2.82,3.28,101500
GC,20090828,3.2,3.2,3,3.18,15100
GC,20090831,3.08,3.08,3,3.02,12100
GC,20090901,3.18,3.18,3.16,3.18,32500
GC,20090902,3,3.18,3,3.18,200
GC,20090903,3.3,3.3,3.3,3.3,100
GC,20090907,3.32,3.32,3.32,3.32,400
GC,20090909,3.3,3.3,3.3,3.3,400
GC,20090911,3.28,3.28,3.1,3.24,48700
GC,20090914,3.12,3.24,3.12,3.22,54600
GC,20090915,3.1,3.22,3.1,3.2,1000
GC,20090918,3.2,3.24,3.2,3.24,96300
GC,20090921,3.2,3.2,3.2,3.2,20000
GC,20090922,3.08,3.26,3.04,3.26,10600
GC,20090923,3.2,3.26,3.2,3.26,23900
GC,20090924,3.22,3.38,3.2,3.38,8200
GC,20090925,3.38,3.38,3.38,3.38,1000
GC,20090928,3.38,3.38,3.18,3.18,20400
GC,20090929,3.18,3.2,3.18,3.18,27600
GC,20090930,3.28,3.28,3.28,3.28,100
GC,20091001,3.2,3.2,3.2,3.2,10500
GC,20091002,3.2,3.2,3.2,3.2,33400
GC,20091005,3.2,3.2,3.2,3.2,22500
GC,20091007,3.2,3.2,3.16,3.2,36300
GC,20091008,3.2,3.2,3.2,3.2,14000
GC,20091009,3.32,3.34,3.24,3.34,50800
GC,20091012,3.34,3.38,3.34,3.36,180600
GC,20091013,3.6,3.6,3.6,3.6,200
GC,20091014,3.36,3.6,3.32,3.6,46500
GC,20091016,3.4,3.4,3.36,3.36,8200
GC,20091019,3.56,3.56,3.34,3.36,10500
GC,20091020,3.36,3.62,3.36,3.62,1100
GC,20091021,3.36,3.6,3.36,3.6,1100
GC,20091026,3.36,3.36,3.36,3.36,20000
GC,20091028,3.36,3.98,3.36,3.98,7100
GC,20091029,3.32,3.7,3.32,3.7,10100
GC,20091102,3.34,3.34,3.34,3.34,100
GC,20091103,3.4,3.4,3.4,3.4,1100
GC,20091104,3.5,3.5,3.5,3.5,1000
GC,20091106,3.7,3.7,3.7,3.7,6000
GC,20091110,3.7,3.7,3.7,3.7,33500
GC,20091111,3.6,3.7,3.6,3.7,1000
GC,20091112,3.7,3.7,3.3,3.32,24800
GC,20091113,3.7,4.2,3.7,3.8,9100
GC,20091116,3.82,3.9,3.82,3.9,16000
GC,20091118,3.5,3.5,3.5,3.5,100
GC,20091119,3.88,3.9,3.7,3.8,23500
GC,20091120,3.8,3.84,3.8,3.84,12700
GC,20091123,3.84,4,3.84,3.98,900
GC,20091124,3.7,3.7,3.5,3.7,72100
GC,20091125,3.7,3.7,3.6,3.6,15000
GC,20091126,3.44,3.7,3.44,3.7,18000
GC,20091130,3.42,3.56,3.42,3.56,4300
GC,20091201,3.56,3.8,3.56,3.8,2100
GC,20091203,3.6,3.74,3.6,3.74,10500
GC,20091204,3.74,3.82,3.74,3.82,79800
GC,20091208,3.8,3.8,3.8,3.8,5800
GC,20091209,3.5,3.5,3.4,3.44,23600
GC,20091211,3.6,3.6,3.6,3.6,500
GC,20091214,3.76,3.8,3.7,3.7,109000
GC,20091216,3.7,3.76,3.7,3.76,30100
GC,20091217,3.78,3.78,3.78,3.78,23600
GC,20091218,3.7,3.7,3.7,3.7,40000
GC,20091221,3.78,3.78,3.78,3.78,500
GC,20091222,3.78,3.78,3.52,3.74,2200
GC,20091224,3.78,3.78,3.78,3.78,200
GC,20091228,3.7,3.7,3.7,3.7,1700
GC,20091229,3.7,3.78,3.7,3.78,200
GC,20100105,3.78,3.8,3.76,3.78,175600
GC,20100106,3.78,3.78,3.78,3.78,38900
GC,20100107,3.78,3.78,3.78,3.78,30000
GC,20100108,3.78,3.86,3.78,3.8,59300
GC,20100111,3.82,3.82,3.8,3.8,10600
GC,20100112,3.8,3.82,3.8,3.8,81300
GC,20100113,3.78,3.8,3.78,3.8,200100
GC,20100114,3.78,3.78,3.78,3.78,14700
GC,20100115,3.8,3.84,3.78,3.84,83800
GC,20100118,3.78,4.2,3.78,3.84,137800
GC,20100119,3.8,4.06,3.8,4.06,14400
GC,20100120,4.06,4.06,3.8,3.8,41600
GC,20100121,3.8,4,3.8,3.9,260300
GC,20100122,3.9,3.9,3.9,3.9,1900
GC,20100126,3.6,4,3.6,4,200
GC,20100127,3.8,3.84,3.62,3.84,31600
GC,20100128,3.8,3.8,3.7,3.7,11000
GC,20100129,3.8,3.8,3.7,3.7,300
GC,20100201,3.76,3.76,3.76,3.76,6300
GC,20100202,3.7,3.74,3.7,3.74,2500
GC,20100204,4,4,4,4,300
GC,20100205,3.76,3.76,3.76,3.76,7600
GC,20100210,3.76,3.76,3.76,3.76,500
GC,20100211,3.76,3.76,3.76,3.76,200
GC,20100212,3.8,3.8,3.78,3.8,1600
GC,20100215,3.8,3.8,3.8,3.8,26900
GC,20100216,3.8,3.82,3.8,3.82,53300
GC,20100217,3.84,3.84,3.84,3.84,100
GC,20100218,3.74,3.84,3.74,3.84,900
GC,20100219,3.84,3.84,3.8,3.8,84300
GC,20100222,3.82,3.82,3.82,3.82,30000
GC,20100223,3.82,3.82,3.8,3.82,45000
GC,20100224,3.82,4.48,3.82,4.48,36100
GC,20100225,3.92,3.92,3.9,3.9,15100
GC,20100226,3.9,3.9,3.9,3.9,227300
GC,20100302,3.9,4,3.9,3.92,51600
GC,20100303,4.18,4.18,3.92,4,3500
GC,20100304,4,4,4,4,3000
GC,20100305,4.02,4.1,4.02,4.02,24100
GC,20100308,4.02,4.06,4,4.06,153100
GC,20100309,4.02,4.04,4,4,185000
GC,20100310,4.04,4.04,4.02,4.02,112000
GC,20100311,4.02,4.02,4,4.02,126000
GC,20100312,4.02,4.04,4.02,4.02,60000
GC,20100315,4.02,4.02,4.02,4.02,60700
GC,20100316,4.1,4.12,4.08,4.08,30600
GC,20100317,4.08,4.1,4.02,4.1,333300
GC,20100318,4.1,4.16,4.1,4.16,12500
GC,20100319,4.16,4.18,4.1,4.1,10900
GC,20100322,4.18,4.18,4.12,4.14,53700
GC,20100323,4.18,4.18,4.16,4.16,46300
GC,20100324,4.18,4.2,4.18,4.2,19700
GC,20100326,4.26,4.3,4.26,4.3,10000
GC,20100329,4.2,4.34,4.2,4.34,75100
GC,20100330,4.32,4.38,4.32,4.34,77900
GC,20100331,4.86,4.86,4.62,4.68,45200
GC,20100401,4.7,4.86,4.66,4.8,155100
GC,20100402,4.86,4.86,4.78,4.8,34200
GC,20100405,4.8,4.8,4.72,4.78,57300
GC,20100407,4.78,4.8,4.78,4.8,29300
GC,20100408,4.78,4.78,4.58,4.74,27500
GC,20100409,4.74,4.8,4.74,4.74,28300
GC,20100412,4.34,4.72,4.34,4.72,60900
GC,20100416,4.3,4.82,4.22,4.22,108000
GC,20100419,4.36,4.36,4.3,4.36,20400
GC,20100420,4.36,4.36,4.36,4.36,5000
GC,20100421,4.3,4.74,4.3,4.74,6300
GC,20100422,4.4,4.78,4.4,4.78,1500
GC,20100423,4.76,4.78,4.76,4.76,10600
GC,20100427,4.74,4.78,4.74,4.76,30100
GC,20100428,4.72,4.76,4.5,4.76,26300
GC,20100429,4.7,4.74,4.7,4.74,40200
GC,20100430,4.76,4.76,4.76,4.76,200
GC,20100504,4.76,4.76,4.76,4.76,55100
GC,20100506,4.76,4.76,4.7,4.7,23300
GC,20100507,4,4.82,4,4.82,46900
GC,20100510,4.82,4.82,4.8,4.8,88600
GC,20100511,4.8,4.82,4.8,4.82,54100
GC,20100512,4.82,4.84,4.78,4.82,153400
GC,20100513,4.86,5.15,4.86,5.05,273900
GC,20100514,5,5.1,5,5.05,28500
GC,20100517,5,5,5,5,40000
GC,20100518,5,5,5,5,30000
GC,20100519,5,5.05,5,5.05,16600
GC,20100524,4.9,4.9,4.9,4.9,29800
GC,20100525,4.78,4.9,4.76,4.9,21800
GC,20100526,4.92,5,4.88,4.9,156900
GC,20100527,5.05,5.05,5.05,5.05,100
GC,20100531,5.05,5.1,5.05,5.1,60400
GC,20100601,5,5,5,5,77800
GC,20100602,5,5,5,5,30100
GC,20100603,5,5,5,5,200
GC,20100604,5,5,5,5,20900
GC,20100607,5,5,4.9,5,20900
GC,20100608,5,5,5,5,25500
GC,20100609,5,5,4.9,5,6100
GC,20100611,5,5,5,5,2000
GC,20100614,5.15,5.15,5,5,71300
GC,20100615,5.05,5.15,5,5.1,69800
GC,20100616,5.1,5.1,5.05,5.05,57600
GC,20100617,5.1,5.1,5.05,5.05,24600
GC,20100618,5.15,5.15,5.05,5.15,17000
GC,20100621,5.1,5.1,5.1,5.1,100
GC,20100622,5.15,5.15,5.15,5.15,64700
GC,20100623,5.2,5.2,5.1,5.2,37300
GC,20100624,5.2,5.2,5.15,5.15,42500
GC,20100625,5.15,5.15,5.15,5.15,10000
GC,20100628,5.25,5.25,5.2,5.25,46600
GC,20100629,5.2,5.25,5.2,5.25,39500
GC,20100630,5.25,5.3,5.1,5.3,65000
GC,20100702,5.15,5.2,5.15,5.15,58100
GC,20100705,5.25,5.25,5.15,5.2,4100
GC,20100706,5.2,5.25,5.15,5.25,37100
GC,20100707,5.25,5.25,5.2,5.2,16700
GC,20100708,5.2,5.2,5.2,5.2,141000
GC,20100709,5.2,5.25,5.2,5.2,65000
GC,20100712,5.2,5.2,5.2,5.2,1000
GC,20100713,5.2,5.2,5.2,5.2,45900
GC,20100714,5.2,5.25,5.15,5.25,31600
GC,20100715,5.2,5.2,5.2,5.2,300
GC,20100716,5.2,5.2,5.15,5.2,53700
GC,20100719,5.15,5.2,5.15,5.2,37200
GC,20100720,5.15,5.2,5.1,5.1,100500
GC,20100721,5.15,5.15,5.1,5.15,91000
GC,20100722,5.1,5.15,5.1,5.15,27700
GC,20100723,5.15,5.2,5.15,5.2,101500
GC,20100727,5.15,5.2,5.15,5.2,43000
GC,20100728,5.2,5.2,5.2,5.2,356500
GC,20100729,5.2,5.2,5.2,5.2,44200
GC,20100730,5.2,5.6,5.2,5.2,297400
GC,20100802,5.2,5.45,5.2,5.3,349300
GC,20100803,5.25,5.35,5.25,5.35,109900
GC,20100804,5.35,5.4,5.35,5.35,143000
GC,20100805,5.3,5.35,5.25,5.3,183000
GC,20100806,5.3,5.4,5.3,5.4,171500
GC,20100809,5.4,5.5,5.35,5.5,357200
GC,20100810,5.45,5.55,5.45,5.55,236900
GC,20100811,5.5,5.6,5.5,5.6,133500
GC,20100816,5.5,5.5,5,5.1,1407300
GC,20100817,5.1,5.25,5.1,5.2,221400
GC,20100818,5.2,5.3,5.2,5.3,280400
GC,20100819,5.3,5.45,5.3,5.45,336000
GC,20100820,5.4,5.45,5.4,5.4,327100
GC,20100823,5.4,5.55,5.4,5.55,599600
GC,20100824,5.55,5.55,5.45,5.5,278000
GC,20100825,5.5,5.5,5.4,5.5,401800
GC,20100826,5.2,5.2,5.1,5.2,232100
GC,20100827,5.15,5.2,5.1,5.15,4323400
GC,20100830,5.15,5.25,5.15,5.15,456300
GC,20100831,5.15,5.15,5.1,5.1,70000
GC,20100901,5.1,5.15,5.1,5.15,165100
GC,20100902,5.15,5.15,5.05,5.05,183100
GC,20100903,5.05,5.05,4.98,4.98,555800
GC,20100906,5,5,4.96,4.96,270100
GC,20100907,4.94,4.94,4.9,4.9,182400
GC,20100908,4.88,4.92,4.86,4.92,61300
GC,20100909,4.92,4.92,4.9,4.92,151400
GC,20100910,4.92,5,4.92,5,304100
GC,20100913,5,5.1,5,5.05,786400
GC,20100914,5.1,5.1,5,5.05,173200
GC,20100915,5,5.05,4.98,5,104200
GC,20100916,5,5,5,5,182600
GC,20100917,5,5,4.96,4.98,75500
GC,20100920,5,5.05,5,5.05,1808000
GC,20100921,5.05,5.15,5.05,5.15,560100
GC,20100922,5.15,5.2,5.15,5.2,555200
GC,20100923,5.1,5.25,5.1,5.25,1369200
GC,20100924,5.25,5.25,5.15,5.15,71700
GC,20100927,5.1,5.15,5.1,5.15,14900
GC,20100928,5.1,5.15,5.1,5.15,24500
GC,20100929,5.1,5.15,5.1,5.15,33400
GC,20100930,5.1,5.2,5.1,5.2,800
GC,20101001,5.1,5.15,5,5.15,50800
GC,20101004,5,5.05,4.96,4.96,114800
GC,20101005,4.96,5,4.96,5,47500
GC,20101006,5,5,5,5,47900
GC,20101007,5,5,5,5,6300
GC,20101008,4.98,5,4.98,4.98,14600
GC,20101011,5,5,4.94,4.94,34800
GC,20101012,4.96,4.98,4.94,4.94,64400
GC,20101013,4.98,4.98,4.96,4.96,114500
GC,20101014,4.98,5,4.96,5,220600
GC,20101015,4.98,4.98,4.96,4.98,79000
GC,20101018,4.98,5.05,4.98,5,129500
GC,20101019,5,5,5,5,1000
GC,20101020,5.05,5.2,5,5,660600
GC,20101021,5,5.05,4.98,5,89100
GC,20101022,5,5,5,5,41000
GC,20101026,5,5,5,5,81900
GC,20101027,5,5,4.98,4.98,30900
GC,20101028,4.98,5,4.98,4.98,202000
GC,20101029,4.98,5,4.98,4.98,69200
GC,20101101,4.98,5.05,4.98,5,117600
GC,20101102,5,5,4.98,5,129000
GC,20101103,5,5.05,5,5,220500
GC,20101104,5,5.05,5,5,98600
GC,20101105,5,5,4.98,5,28300
GC,20101108,5,5.2,5,5.2,738400
GC,20101109,5.2,5.85,5.15,5.6,5036300
GC,20101110,5.85,6.2,5.75,5.8,5072100
GC,20101111,5.85,6.6,5.85,6.4,3704800
GC,20101112,6.4,6.7,6,6.7,2659600
GC,20101115,6.9,6.9,6.1,6.1,1667900
GC,20101116,6.2,6.5,5.7,5.7,710000
GC,20101117,5.7,5.85,5.3,5.3,771400
GC,20101118,5.3,5.7,5.3,5.4,469200
GC,20101119,5.5,5.5,5.3,5.4,314400
GC,20101122,5.4,5.5,5.2,5.2,274900
GC,20101123,5.3,5.35,5,5.1,1134300
GC,20101124,5.15,5.15,5,5.05,517900
GC,20101125,5.15,5.8,5.1,5.55,1314100
GC,20101126,5.65,5.65,5.25,5.25,805000
GC,20101129,5.3,5.8,5.3,5.4,1320800
GC,20101130,5.45,5.45,5.25,5.35,340000
GC,20101201,5.4,5.5,5.35,5.35,229100
GC,20101202,5.45,5.5,5.35,5.4,281000
GC,20101203,5.45,5.5,5.35,5.4,127900
GC,20101207,5.4,5.45,5.4,5.4,110800
GC,20101208,5.4,5.4,5.35,5.35,181900
GC,20101209,5.45,5.6,5.4,5.45,303100
GC,20101213,5.5,5.9,5.45,5.7,1245200
GC,20101214,5.8,6.2,5.8,6,1999100
GC,20101215,6.05,6.05,5.7,5.8,183100
GC,20101216,5.85,5.9,5.75,5.75,75100
GC,20101217,5.75,6.05,5.55,5.6,691400
GC,20101220,5.6,5.6,5.45,5.45,104500
GC,20101221,5.55,5.6,5,5.5,429700
GC,20101222,5.5,5.6,5.5,5.6,68600
GC,20101223,5.55,5.7,5.55,5.65,74500
GC,20101224,5.55,5.75,5.55,5.65,230700
GC,20101227,5.65,5.7,5.6,5.7,12500
GC,20101228,5.7,5.7,5.6,5.7,146400
GC,20101229,5.65,5.65,5.6,5.6,129000
GC,20101230,5.6,5.65,5.6,5.6,31000
GC,20110104,5.6,5.95,5.6,5.8,122800
GC,20110105,5.75,5.9,5.7,5.7,148300
GC,20110106,5.65,5.8,5.65,5.7,49200
GC,20110107,5.75,5.8,5.5,5.7,284100
GC,20110110,5.7,5.8,5.5,5.55,251500
GC,20110111,5.6,5.65,5.55,5.65,52600
GC,20110112,5.8,5.9,5.65,5.65,344700
GC,20110113,5.6,5.7,5.6,5.7,82800
GC,20110114,5.7,5.75,5.65,5.75,24500
GC,20110117,5.75,5.75,5.5,5.6,837000
GC,20110118,5.6,5.65,5.5,5.55,201400
GC,20110119,5.55,5.65,5.55,5.6,71500
GC,20110120,5.6,5.6,5.6,5.6,32800
GC,20110121,5.6,5.65,5.5,5.65,196400
GC,20110124,5.5,5.65,5.2,5.25,216800
GC,20110125,5.2,5.4,5.2,5.35,26100
GC,20110126,5.4,5.4,5.35,5.4,504800
GC,20110127,5.45,5.45,5.35,5.4,43700
GC,20110128,5.45,5.45,5.35,5.45,67000
GC,20110131,5.45,5.5,5.35,5.5,117600
GC,20110201,5.5,5.5,5.35,5.5,37700
GC,20110202,5.4,5.5,5.35,5.5,85000
GC,20110203,5.35,5.5,5.35,5.5,48600
GC,20110204,5.45,5.5,5.45,5.5,7500
GC,20110207,5.35,5.4,5.35,5.4,64500
GC,20110208,5.4,5.4,5.35,5.4,92700
GC,20110209,5.5,5.5,5.3,5.45,411600
GC,20110210,5.35,5.5,5.25,5.5,188800
GC,20110211,5.3,5.3,5.2,5.3,291600
GC,20110214,5.3,5.3,5.2,5.25,319900
GC,20110215,5.2,5.2,5.15,5.2,141200
GC,20110216,5.15,5.25,5.15,5.15,84000
GC,20110217,5.2,5.4,5.2,5.3,151500
GC,20110221,5.3,5.3,5.25,5.25,99000
GC,20110222,5.2,5.3,5.2,5.3,90200
GC,20110223,5.25,5.35,5.25,5.3,155100
GC,20110224,5.3,5.35,5.3,5.3,51600
GC,20110225,5.3,5.4,5.25,5.3,351700
GC,20110228,5.25,5.25,5.15,5.15,356900
GC,20110301,5.2,5.3,5.2,5.2,43800
GC,20110302,5.25,5.25,5.15,5.15,256000
GC,20110303,5.2,5.2,5.15,5.15,285900
GC,20110304,5.15,5.3,5.15,5.3,135600
GC,20110307,5.3,5.4,5.3,5.4,232300
GC,20110308,5.4,5.4,5.35,5.4,11900
GC,20110309,5.35,5.4,5.35,5.35,83700
GC,20110310,5.4,5.4,5.35,5.4,62100
GC,20110311,5.35,5.4,5.35,5.35,116800
GC,20110314,5.35,5.4,5.35,5.35,45800
GC,20110315,5.35,5.4,5.25,5.4,358700
GC,20110316,5.35,5.4,5.3,5.4,1479200
GC,20110317,5.35,5.35,5.35,5.35,25100
GC,20110318,5.4,5.45,5.35,5.35,446500
GC,20110321,5.45,5.45,5.35,5.4,269400
GC,20110322,5.45,5.5,5.45,5.45,971700
GC,20110323,5.45,5.5,5.45,5.45,550300
GC,20110324,5.45,5.45,5.4,5.45,69800
GC,20110325,5.45,5.45,5.4,5.45,214500
GC,20110328,5.45,5.7,5.45,5.5,123100
GC,20110329,5.5,5.55,5.45,5.5,108600
GC,20110330,5.5,5.6,5.5,5.55,132300
GC,20110331,5.6,5.65,5.6,5.6,76600
GC,20110401,5.7,5.7,5.55,5.65,127300
GC,20110404,5.6,5.65,5.6,5.65,325400
GC,20110405,5.65,5.7,5.6,5.7,496400
GC,20110407,5.7,5.8,5.7,5.75,324500
GC,20110408,5.75,5.75,5.75,5.75,63800
GC,20110411,5.75,5.8,5.7,5.8,231600
GC,20110412,5.75,5.8,5.7,5.8,326500
GC,20110418,5.5,5.6,5.5,5.5,350200
GC,20110419,5.5,5.5,5.5,5.5,231100
GC,20110420,5.55,5.65,5.5,5.55,314800
GC,20110421,5.55,5.55,5.55,5.55,97900
GC,20110422,5.55,5.65,5.55,5.65,51900
GC,20110425,5.75,5.75,5.65,5.65,12700
GC,20110426,5.55,5.65,5.55,5.65,32900
GC,20110427,5.6,5.7,5.6,5.7,135000
GC,20110428,5.7,5.75,5.6,5.75,289600
GC,20110429,5.6,5.6,5.55,5.6,144500
GC,20110503,5.6,5.65,5.55,5.6,311700
GC,20110504,5.6,5.65,5.6,5.65,151400
GC,20110506,5.7,5.7,5.65,5.7,193200
GC,20110509,5.9,5.9,5.75,5.9,599700
GC,20110510,6,6.1,5.9,6.05,1269300
GC,20110511,6.1,6.1,6,6,539300
GC,20110512,6,6,5.8,5.85,195700
GC,20110513,5.85,6,5.85,6,2700
GC,20110518,5.9,6,5.85,6,92200
GC,20110519,5.9,5.9,5.85,5.9,85400
GC,20110520,5.9,5.9,5.8,5.9,195700
GC,20110523,5.85,5.85,5.7,5.75,143100
GC,20110524,5.75,5.8,5.75,5.75,47200
GC,20110525,5.8,5.9,5.75,5.9,166700
GC,20110526,5.9,6,5.8,6,47400
GC,20110527,5.95,5.95,5.85,5.85,27800
GC,20110530,5.8,5.85,5.8,5.85,33300
GC,20110531,5.85,5.85,5.85,5.85,54300
GC,20110601,5.85,5.85,5.8,5.8,63500
GC,20110602,5.8,5.85,5.8,5.85,62300
GC,20110603,5.8,5.9,5.8,5.9,69100
GC,20110606,5.85,5.85,5.8,5.85,134600
GC,20110607,5.8,5.85,5.8,5.8,351200
GC,20110608,5.8,5.8,5.6,5.6,144000
GC,20110609,5.65,5.65,5.6,5.65,73500
GC,20110610,5.65,5.7,5.65,5.7,25600
GC,20110613,5.7,5.7,5.6,5.7,135300
GC,20110614,5.6,5.7,5.6,5.7,20800
GC,20110615,5.7,5.75,5.7,5.75,24100
GC,20110617,5.75,5.85,5.65,5.7,126900
GC,20110620,5.7,5.7,5.65,5.65,20200
GC,20110621,5.7,5.8,5.65,5.7,355800
GC,20110622,5.65,5.7,5.65,5.7,113900
GC,20110623,5.65,5.7,5.65,5.7,54000
GC,20110624,5.8,5.8,5.65,5.75,28200
GC,20110628,5.7,5.75,5.65,5.75,2500
GC,20110629,5.75,5.75,5.7,5.75,8300
GC,20110630,5.7,5.75,5.7,5.75,16400
GC,20110704,5.75,5.8,5.7,5.8,120300
GC,20110705,5.8,6,5.75,5.85,314400
GC,20110706,5.85,5.85,5.8,5.8,106400
GC,20110707,5.85,5.9,5.8,5.9,17600
GC,20110708,5.9,5.9,5.8,5.8,14600
GC,20110711,5.8,5.85,5.75,5.75,140000
GC,20110712,5.75,5.75,5.7,5.75,212200
GC,20110713,5.7,5.8,5.7,5.8,51600
GC,20110714,5.75,5.8,5.75,5.8,35100
GC,20110718,5.75,5.8,5.75,5.8,28200
GC,20110719,5.75,5.85,5.75,5.85,44800
GC,20110720,5.75,5.85,5.75,5.85,54000
GC,20110721,5.8,5.9,5.8,5.9,41100
GC,20110722,5.85,5.95,5.85,5.95,837800
GC,20110725,5.95,6.05,5.9,6,1067700
GC,20110726,6,6.1,6,6.05,592200
GC,20110727,6.05,6.15,6.05,6.1,373000
GC,20110728,6.1,6.7,6.1,6.4,3196300
GC,20110729,6.4,6.5,6.4,6.4,555900
GC,20110801,6.4,6.45,6.25,6.25,464700
GC,20110802,6.25,6.3,6.25,6.3,77400
GC,20110803,6.3,6.3,6.2,6.3,58500
GC,20110804,6.3,6.35,6.25,6.25,114200
GC,20110805,6.2,6.2,6.1,6.1,402600
GC,20110808,6.1,6.1,5.9,5.9,530200
GC,20110809,5.75,5.9,5.65,5.9,302800
GC,20110810,6,6,5.85,5.95,74600
GC,20110811,5.9,6,5.9,5.9,95600
GC,20110815,5.85,5.95,5.75,5.95,289300
GC,20110816,5.95,6,5.9,5.95,121300
GC,20110817,5.9,6,5.9,6,180600
GC,20110818,6,6.05,5.9,5.95,176500
GC,20110819,5.95,5.95,5.9,5.9,131700
GC,20110822,5.9,5.9,5.85,5.9,85900
GC,20110823,5.9,5.9,5.85,5.85,182300
GC,20110824,5.85,6,5.85,5.9,372200
GC,20110825,5.6,5.65,5.55,5.55,172900
GC,20110826,5.55,5.55,5.3,5.4,237100
GC,20110829,5.5,5.5,5.45,5.45,20100
GC,20110830,5.55,5.6,5.55,5.6,55500
GC,20110831,5.5,5.65,5.5,5.65,40200
GC,20110901,5.65,5.7,5.65,5.7,120000
GC,20110902,5.7,5.7,5.65,5.65,6500
GC,20110905,5.7,5.7,5.65,5.65,18100
GC,20110906,5.6,5.65,5.6,5.65,14200
GC,20110908,5.65,5.65,5.65,5.65,1200
GC,20110909,5.6,5.7,5.6,5.65,4100
GC,20110912,5.5,5.6,5.5,5.55,45800
GC,20110913,5.55,5.55,5.5,5.5,16500
GC,20110914,5.5,5.6,5.45,5.5,43100
GC,20110915,5.55,5.55,5.4,5.4,15600
GC,20110916,5.65,5.65,5.45,5.45,12600
GC,20110919,5.45,5.5,5.45,5.5,48900
GC,20110921,5.6,5.6,5.5,5.5,5100
GC,20110922,5.5,5.5,5.4,5.4,32700
GC,20110923,5.4,5.4,5,5.1,155800
GC,20110926,5.1,5.1,4.8,5,321600
GC,20110927,5.05,5.1,4.98,5.1,56100
GC,20110928,5.05,5.05,4.98,5,108100
GC,20110929,5.05,5.4,4.96,5.4,30400
GC,20110930,5.4,5.4,5.05,5.05,13400
GC,20111003,5.05,5.05,4.88,4.88,47000
GC,20111004,5,5,4.88,4.9,39800
GC,20111005,4.98,5,4.98,4.98,73300
GC,20111006,4.9,5,4.9,4.98,78600
GC,20111007,5.05,5.05,4.98,4.98,96600
GC,20111010,4.98,4.98,4.82,4.98,19000
GC,20111011,5,5.05,4.9,5.05,23800
GC,20111012,5.05,5.05,4.96,4.96,2300
GC,20111013,4.96,4.98,4.9,4.98,20700
GC,20111014,4.98,5,4.98,5,5300
GC,20111017,5,5,5,5,60000
GC,20111018,5,5.05,4.9,5.05,13100
GC,20111019,4.92,4.94,4.92,4.92,22400
GC,20111020,4.92,4.92,4.9,4.9,9800
GC,20111021,4.9,4.92,4.9,4.92,12300
GC,20111025,4.9,4.96,4.9,4.9,22500
GC,20111026,4.88,4.9,4.88,4.9,5600
GC,20111027,4.94,4.94,4.92,4.92,14400
GC,20111028,4.92,5,4.92,4.94,23600
GC,20111031,5.05,5.05,4.94,4.94,8700
GC,20111101,4.94,4.94,4.92,4.94,11900
GC,20111102,4.9,4.92,4.9,4.92,71000
GC,20111103,4.9,4.92,4.9,4.92,4800
GC,20111104,4.98,4.98,4.92,4.92,16700
GC,20111107,4.9,4.94,4.9,4.92,9000
GC,20111108,4.94,4.96,4.92,4.94,15900
GC,20111109,5.05,5.05,4.98,5,31900
GC,20111110,4.98,4.98,4.98,4.98,8300
GC,20111111,5,5,4.96,4.96,30300
GC,20111114,4.9,4.9,4.72,4.76,255200
GC,20111115,4.74,4.84,4.74,4.84,21600
GC,20111116,4.82,4.88,4.82,4.84,18600
GC,20111117,4.86,4.9,4.84,4.84,42000
GC,20111118,4.82,4.88,4.82,4.88,51800
GC,20111121,4.84,4.88,4.8,4.8,62600
GC,20111122,4.86,4.9,4.84,4.84,4500
GC,20111123,4.86,4.86,4.82,4.82,11900
GC,20111124,4.86,4.86,4.8,4.8,23400
GC,20111125,4.9,4.9,4.8,4.84,154300
GC,20111128,4.88,4.88,4.84,4.84,14400
GC,20111129,4.84,4.88,4.84,4.84,9200
GC,20111130,4.88,4.88,4.84,4.84,8300
GC,20111201,4.84,4.86,4.82,4.86,71200
GC,20111202,4.86,4.88,4.84,4.84,40300
GC,20111206,4.84,4.9,4.84,4.88,57900
GC,20111207,4.92,4.92,4.88,4.9,39300
GC,20111208,4.9,4.92,4.9,4.92,62600
GC,20111209,4.96,4.96,4.92,4.92,9100
GC,20111213,4.92,5,4.88,5,331100
GC,20111214,4.98,4.98,4.94,4.94,76500
GC,20111215,4.88,4.94,4.88,4.94,5100
GC,20111216,4.92,4.98,4.92,4.96,6000
GC,20111219,4.98,4.98,4.98,4.98,5000
GC,20111220,4.96,4.98,4.92,4.92,149200
GC,20111221,4.92,4.92,4.92,4.92,30100
GC,20111222,4.92,4.92,4.9,4.9,60700
GC,20111223,4.92,4.92,4.88,4.88,56100
GC,20111226,4.88,4.9,4.88,4.9,20800
GC,20111227,4.88,4.94,4.88,4.88,11000
GC,20111228,4.86,4.92,4.86,4.88,33500
GC,20111229,4.9,4.9,4.86,4.9,2900
GC,20111230,4.94,4.96,4.9,4.92,14600
GC,20120104,4.92,5,4.92,5,7500
GC,20120105,4.98,4.98,4.94,4.94,53500
GC,20120106,4.92,4.92,4.9,4.9,101500
GC,20120109,4.9,4.9,4.9,4.9,1600
GC,20120110,4.98,4.98,4.98,4.98,2200
GC,20120111,4.98,4.98,4.94,4.96,53100
GC,20120112,4.98,5.1,4.94,5,95100
GC,20120113,5.05,5.05,4.98,5,73800
GC,20120116,4.98,5.1,4.98,5.1,56800
GC,20120117,5.05,5.1,4.98,5,39300
GC,20120118,5.05,5.05,4.98,5,62200
GC,20120119,5,5,4.96,5,56500
GC,20120120,5,5.05,4.98,5.05,64700
GC,20120123,5,5,4.98,5,45500
GC,20120124,4.98,5.2,4.98,5,101800
GC,20120125,5.05,5.05,5,5.05,45700
GC,20120126,5.05,5.1,5.05,5.05,8100
GC,20120127,5.1,5.1,5.05,5.1,26700
GC,20120130,5.1,5.15,5.05,5.1,52900
GC,20120131,5.1,5.1,5.05,5.05,36700
GC,20120201,5.15,5.15,5.1,5.1,116000
GC,20120202,5.1,5.15,5.05,5.1,27400
GC,20120203,5.1,5.1,5.1,5.1,5500
GC,20120206,5.15,5.15,5.1,5.1,60500
GC,20120207,5.05,5.1,5.05,5.1,32000
GC,20120208,5.1,5.2,5.1,5.15,30500
GC,20120209,5.15,5.15,5.1,5.1,32600
GC,20120210,5.1,5.1,5.05,5.05,56700
GC,20120213,5.05,5.1,5.05,5.05,20800
GC,20120214,5.05,5.15,5.05,5.05,14300
GC,20120215,5.05,5.1,5,5.1,123900
GC,20120216,5.05,5.1,5,5,30800
GC,20120217,5,5,4.9,4.94,1267300
GC,20120220,4.94,4.94,4.9,4.94,409100
GC,20120221,4.92,4.92,4.88,4.9,397500
GC,20120222,4.9,4.92,4.9,4.9,145800
GC,20120223,4.92,4.92,4.92,4.92,225100
GC,20120224,4.92,4.96,4.92,4.96,188600
GC,20120227,4.96,4.98,4.94,4.96,59700
GC,20120228,4.96,4.98,4.96,4.96,172300
GC,20120229,4.98,4.98,4.94,4.96,106400
GC,20120301,4.98,4.98,4.96,4.96,13400
GC,20120302,4.98,4.98,4.96,4.96,54200
GC,20120305,4.96,4.98,4.94,4.98,111600
GC,20120306,4.98,4.98,4.96,4.98,88600
GC,20120308,4.98,4.98,4.96,4.98,135700
GC,20120309,5,5.05,4.96,5.05,179200
GC,20120312,5,5,4.98,4.98,73800
GC,20120313,5,5,4.98,5,9900
GC,20120314,4.98,5.05,4.98,5.05,29400
GC,20120315,5.05,5.05,5,5,26300
GC,20120316,5.05,5.05,5.05,5.05,65100
GC,20120319,5.05,5.05,5.05,5.05,34200
GC,20120320,5.05,5.05,5.05,5.05,43400
GC,20120321,5.05,5.1,5.05,5.05,71400
GC,20120322,5,5.05,5,5.05,49900
GC,20120323,5.05,5.05,5,5,13300
GC,20120326,5,5,5,5,58600
GC,20120327,5.05,5.05,5,5,209900
GC,20120328,5,5,5,5,57600
GC,20120329,5,5,5,5,178300
GC,20120330,5,5,5,5,10200
GC,20120402,5.05,5.05,5,5,318500
GC,20120403,5,5,4.96,5,540300
GC,20120404,4.98,4.98,4.96,4.98,214600
GC,20120405,4.98,5,4.98,4.98,291000
GC,20120410,5,5,4.94,4.94,41000
GC,20120411,4.94,4.98,4.94,4.96,113300
GC,20120412,4.82,4.86,4.8,4.86,139400
GC,20120417,4.86,4.86,4.86,4.86,16100
GC,20120418,4.86,4.88,4.86,4.88,47000
GC,20120419,4.88,4.88,4.86,4.88,38600
GC,20120420,4.9,4.9,4.88,4.9,76400
GC,20120423,4.9,4.9,4.86,4.88,212100
GC,20120424,4.88,4.88,4.86,4.88,13800
GC,20120425,4.9,4.9,4.88,4.9,90800
GC,20120426,4.9,4.9,4.88,4.88,5600
GC,20120427,4.9,4.92,4.88,4.92,81800
GC,20120430,4.92,4.92,4.9,4.9,106600
GC,20120502,4.9,4.92,4.9,4.9,113600
GC,20120503,4.88,4.92,4.88,4.9,308400
GC,20120504,4.92,4.92,4.92,4.92,101600
GC,20120508,4.9,4.92,4.9,4.92,128000
GC,20120509,4.9,4.92,4.88,4.9,187500
GC,20120510,4.9,4.9,4.84,4.86,76300
GC,20120511,4.84,4.9,4.84,4.9,210700
GC,20120514,4.88,4.9,4.86,4.86,128200
GC,20120515,4.84,4.9,4.78,4.86,256000
GC,20120516,4.86,4.86,4.8,4.8,168800
GC,20120517,4.82,4.82,4.8,4.8,220600
GC,20120518,4.78,4.78,4.76,4.76,142800
GC,20120521,4.76,4.78,4.74,4.74,23800
GC,20120522,4.76,4.76,4.74,4.74,29800
GC,20120523,4.74,4.74,4.72,4.72,22300
GC,20120524,4.74,4.76,4.72,4.76,23000
GC,20120525,4.78,4.78,4.7,4.7,29600
GC,20120528,4.74,4.74,4.7,4.74,77300
GC,20120529,4.72,4.72,4.68,4.72,72800
GC,20120530,4.72,4.78,4.72,4.72,234300
GC,20120531,4.76,4.76,4.74,4.74,107400
GC,20120601,4.76,4.76,4.72,4.72,34300
GC,20120605,4.72,4.72,4.68,4.68,168200
GC,20120606,4.7,4.72,4.7,4.7,67200
GC,20120607,4.7,4.72,4.7,4.7,90700
GC,20120608,4.74,4.74,4.74,4.74,200
GC,20120611,4.72,4.76,4.72,4.76,284700
GC,20120612,4.74,4.74,4.74,4.74,10400
GC,20120613,4.74,4.76,4.74,4.74,95900
GC,20120614,4.76,4.76,4.76,4.76,98600
GC,20120615,4.78,4.82,4.78,4.82,20100
GC,20120618,4.82,4.84,4.82,4.82,6600
GC,20120619,4.82,4.86,4.82,4.84,56100
GC,20120620,4.82,4.82,4.82,4.82,66900
GC,20120621,4.82,4.82,4.76,4.76,202000
GC,20120622,4.78,4.78,4.76,4.76,28300
GC,20120625,4.78,4.8,4.76,4.78,148700
GC,20120626,4.76,4.78,4.7,4.74,195400
GC,20120627,4.74,4.74,4.7,4.72,175100
GC,20120628,4.74,4.74,4.7,4.72,32500
GC,20120629,4.74,4.74,4.72,4.72,56400
GC,20120702,4.74,4.76,4.74,4.74,71900
GC,20120703,4.74,4.78,4.72,4.76,246400
GC,20120704,4.74,4.76,4.72,4.74,292700
GC,20120705,4.74,4.74,4.74,4.74,83400
GC,20120706,4.74,4.76,4.74,4.74,201200
GC,20120709,4.74,4.74,4.68,4.68,473200
GC,20120710,4.68,4.72,4.68,4.68,125500
GC,20120711,4.7,4.72,4.7,4.72,18400
GC,20120712,4.7,4.72,4.7,4.72,36400
GC,20120713,4.7,4.72,4.7,4.72,77500
GC,20120716,4.72,4.74,4.72,4.72,94000
GC,20120717,4.74,4.74,4.72,4.72,88200
GC,20120718,4.72,4.74,4.72,4.74,70900
GC,20120719,4.74,4.78,4.74,4.74,186100
GC,20120720,4.76,4.78,4.74,4.78,161900
GC,20120723,4.74,4.76,4.72,4.76,132700
GC,20120724,4.72,4.76,4.72,4.74,92100
GC,20120725,4.72,4.74,4.72,4.74,120300
GC,20120726,4.72,4.72,4.7,4.7,100700
GC,20120727,4.7,4.72,4.7,4.72,349000
GC,20120730,4.74,4.76,4.7,4.76,66000
GC,20120731,4.74,4.76,4.72,4.74,105800
GC,20120801,4.74,4.78,4.74,4.78,189300
GC,20120803,4.78,4.78,4.76,4.76,97000
GC,20120806,4.76,4.76,4.74,4.74,44600
GC,20120807,4.76,5.9,4.76,5.15,4709800
GC,20120808,5.4,5.4,4.96,4.98,2362900
GC,20120809,5,5,4.9,4.92,1304100
GC,20120810,4.92,5.1,4.9,4.9,3044500
GC,20120814,4.9,4.94,4.9,4.92,383400
GC,20120815,4.9,4.94,4.9,4.9,252300
GC,20120816,4.92,5.05,4.92,4.94,1597000
GC,20120817,4.94,4.96,4.92,4.94,796900
GC,20120820,4.94,4.98,4.94,4.96,831100
GC,20120821,4.78,4.78,4.72,4.76,714500
GC,20120822,4.74,4.76,4.72,4.72,276700
GC,20120823,4.74,4.76,4.72,4.72,103000
GC,20120824,4.7,4.74,4.7,4.72,292000
GC,20120827,4.74,4.74,4.7,4.72,145900
GC,20120828,4.72,4.74,4.7,4.7,305100
GC,20120829,4.72,4.72,4.68,4.68,376900
GC,20120830,4.68,4.72,4.66,4.68,251400
GC,20120831,4.7,4.72,4.68,4.72,59700
GC,20120903,4.72,4.72,4.7,4.7,33100
GC,20120904,4.72,4.72,4.7,4.72,27500
GC,20120905,4.72,4.72,4.7,4.7,91800
GC,20120906,4.72,4.74,4.7,4.7,60300
GC,20120907,4.72,4.74,4.7,4.74,188000
GC,20120910,4.74,4.74,4.72,4.72,89100
GC,20120911,4.72,4.74,4.72,4.72,65300
GC,20120912,4.74,4.74,4.72,4.72,145400
GC,20120913,4.74,4.96,4.72,4.76,3776400
GC,20120914,4.8,4.82,4.76,4.76,312400
GC,20120917,4.76,4.78,4.74,4.74,458100
GC,20120918,4.74,4.76,4.72,4.74,329300
GC,20120919,4.74,4.74,4.72,4.72,165300
GC,20120920,4.76,4.76,4.72,4.72,206500
GC,20120921,4.72,4.74,4.72,4.72,150800
GC,20120924,4.72,4.74,4.72,4.74,155000
GC,20120925,4.76,4.76,4.7,4.7,316200
GC,20120926,4.72,4.72,4.7,4.7,130800
GC,20120927,4.72,4.72,4.68,4.7,375000
GC,20120928,4.7,4.94,4.7,4.7,1875900
GC,20121001,4.72,4.74,4.7,4.7,139700
GC,20121002,4.72,4.74,4.7,4.72,134800
GC,20121003,4.72,4.74,4.7,4.7,184000
GC,20121004,4.72,4.78,4.68,4.68,623400
GC,20121005,4.72,4.72,4.7,4.7,79800
GC,20121008,4.7,4.72,4.7,4.72,132700
GC,20121009,4.7,4.74,4.68,4.7,248700
GC,20121010,4.72,4.72,4.68,4.68,121000
GC,20121011,4.7,4.7,4.68,4.7,414600
GC,20121012,4.7,4.72,4.68,4.68,81500
GC,20121015,4.7,4.7,4.66,4.7,50700
GC,20121016,4.7,4.72,4.68,4.68,87700
GC,20121017,4.7,4.7,4.68,4.68,70800
GC,20121018,4.72,4.72,4.68,4.7,209100
GC,20121019,4.68,4.7,4.68,4.7,98000
GC,20121022,4.7,4.72,4.68,4.68,381000
GC,20121024,4.7,4.72,4.68,4.68,110200
GC,20121025,4.68,4.7,4.68,4.68,23700
GC,20121026,4.68,4.7,4.66,4.68,687500
GC,20121029,4.7,4.78,4.7,4.7,817700
GC,20121030,4.72,4.74,4.7,4.72,217200
GC,20121031,4.72,4.76,4.72,4.74,197900
GC,20121101,4.76,4.76,4.72,4.72,120100
GC,20121102,4.72,4.72,4.7,4.72,308400
GC,20121105,4.72,4.76,4.72,4.76,62600
GC,20121106,4.74,4.76,4.74,4.74,27600
GC,20121107,4.74,4.78,4.72,4.78,322700
GC,20121108,4.76,4.78,4.74,4.78,604000
GC,20121109,4.78,4.78,4.76,4.78,247700
GC,20121112,4.78,4.8,4.76,4.78,241400
GC,20121113,4.78,4.78,4.6,4.64,313400
GC,20121114,4.64,4.68,4.64,4.68,112600
GC,20121115,4.7,4.72,4.66,4.72,108100
GC,20121116,4.7,4.72,4.7,4.72,30000
GC,20121119,4.68,4.74,4.68,4.74,35900
GC,20121120,4.72,4.74,4.72,4.72,26300
GC,20121121,4.7,4.72,4.7,4.7,57300
GC,20121122,4.72,4.74,4.72,4.72,136000
GC,20121123,4.72,4.74,4.72,4.72,52900
GC,20121126,4.74,4.74,4.74,4.74,23700
GC,20121127,4.74,4.76,4.72,4.72,52400
GC,20121128,4.74,4.74,4.72,4.74,7500
GC,20121129,4.68,4.74,4.68,4.74,116300
GC,20121130,4.76,4.78,4.76,4.78,88300
GC,20121203,4.78,4.78,4.74,4.78,11800
GC,20121204,4.78,4.84,4.76,4.76,244900
GC,20121206,4.72,4.78,4.72,4.78,39200
GC,20121207,4.78,4.84,4.78,4.8,66500
GC,20121211,4.8,4.82,4.78,4.8,142600
GC,20121212,4.76,4.78,4.76,4.76,1900
GC,20121213,4.76,4.82,4.76,4.8,28600
GC,20121214,4.8,4.8,4.78,4.78,42100
GC,20121217,4.8,4.8,4.74,4.74,13000
GC,20121218,4.76,4.8,4.72,4.72,115400
GC,20121219,4.74,4.8,4.74,4.74,5000
GC,20121220,4.76,4.84,4.76,4.78,190700
GC,20121221,4.78,4.8,4.76,4.76,54900
GC,20121224,4.84,4.84,4.76,4.82,85700
GC,20121225,4.78,4.82,4.76,4.76,77400
GC,20121226,4.76,4.78,4.76,4.76,13400
GC,20121227,4.78,4.82,4.74,4.76,178400
GC,20121228,4.78,4.78,4.76,4.78,18200
GC,20130102,4.74,4.76,4.74,4.76,19700
GC,20130103,4.78,4.8,4.76,4.76,53900
GC,20130104,4.76,4.8,4.76,4.78,26000
GC,20130107,4.78,4.82,4.78,4.8,168000
GC,20130108,4.82,4.82,4.8,4.8,42300
GC,20130109,4.82,4.82,4.8,4.8,57200
GC,20130110,4.82,4.84,4.78,4.78,235800
GC,20130111,4.8,4.82,4.76,4.78,184400
GC,20130114,4.82,4.84,4.78,4.84,55300
GC,20130115,4.82,4.84,4.8,4.82,179500
GC,20130116,4.82,4.86,4.82,4.84,45700
GC,20130117,4.84,4.86,4.82,4.86,30500
GC,20130118,4.86,4.92,4.86,4.9,201400
GC,20130121,4.9,4.9,4.82,4.9,151100
GC,20130122,4.92,4.92,4.86,4.88,120500
GC,20130123,4.9,4.9,4.82,4.88,67500
GC,20130124,4.9,4.9,4.82,4.82,138600
GC,20130125,4.88,4.88,4.82,4.84,158100
GC,20130128,4.8,4.88,4.8,4.82,255000
GC,20130129,4.84,4.84,4.82,4.82,114400
GC,20130130,4.84,4.84,4.8,4.82,124800
GC,20130131,4.82,4.84,4.8,4.84,153000
GC,20130201,4.84,4.84,4.8,4.84,65600
GC,20130204,4.84,4.84,4.8,4.82,74200
GC,20130205,4.84,4.84,4.8,4.82,46200
GC,20130206,4.82,4.84,4.8,4.8,41400
GC,20130207,4.8,4.82,4.8,4.8,95300
GC,20130208,4.8,4.82,4.8,4.82,80300
GC,20130211,4.82,4.82,4.8,4.8,31400
GC,20130212,4.82,4.82,4.8,4.8,252100
GC,20130213,4.86,4.86,4.82,4.82,40400
GC,20130214,4.82,4.84,4.8,4.8,145900
GC,20130215,4.82,4.84,4.8,4.82,72400
GC,20130218,4.84,4.84,4.82,4.82,157700
GC,20130219,4.84,4.9,4.84,4.86,350100
GC,20130220,4.88,4.88,4.88,4.88,97200
GC,20130221,4.88,4.88,4.84,4.84,79200
GC,20130222,4.86,4.86,4.84,4.86,46900
GC,20130226,4.9,4.94,4.88,4.88,337700
GC,20130227,4.9,4.92,4.9,4.9,108400
GC,20130228,4.92,4.92,4.88,4.9,79500
GC,20130301,4.9,4.92,4.88,4.9,105800
GC,20130304,4.9,4.9,4.88,4.88,84900
GC,20130305,4.88,4.9,4.88,4.9,162600
GC,20130306,4.9,4.96,4.9,4.92,135900
GC,20130307,4.92,4.96,4.92,4.96,158700
GC,20130308,4.98,5.05,4.98,5.05,578500
GC,20130311,5.1,5.2,5.1,5.1,603100
GC,20130312,5.05,5.15,5.05,5.05,546400
GC,20130313,5.05,5.15,5,5,254500
GC,20130314,5,5.1,5,5,321500
GC,20130315,5,5.1,5,5,372600
GC,20130318,5,5,4.96,4.98,225700
GC,20130319,4.98,4.98,4.94,4.98,261200
GC,20130320,4.98,4.98,4.92,4.92,307800
GC,20130321,4.9,4.92,4.88,4.92,179200
GC,20130322,4.84,4.88,4.74,4.86,498500
GC,20130325,4.82,4.86,4.82,4.86,264400
GC,20130326,4.86,4.9,4.86,4.88,216100
GC,20130327,4.9,4.94,4.88,4.94,151000
GC,20130328,4.94,4.98,4.9,4.94,128400
GC,20130329,4.96,5,4.94,5,572300
GC,20130401,5,5,4.96,5,360100
GC,20130402,5,5,4.96,4.98,147600
GC,20130403,4.98,4.98,4.9,4.94,250400
GC,20130404,4.96,4.96,4.9,4.96,107300
GC,20130405,4.96,5,4.92,4.92,38100
GC,20130409,4.92,4.94,4.9,4.92,101400
GC,20130410,4.92,4.92,4.9,4.92,128600
GC,20130411,4.98,5,4.92,5,312700
GC,20130412,4.78,4.88,4.76,4.84,667900
GC,20130417,4.76,4.86,4.76,4.78,38000
GC,20130418,4.76,4.88,4.76,4.82,74400
GC,20130419,4.84,4.88,4.84,4.86,68700
GC,20130422,4.86,4.88,4.82,4.86,117900
GC,20130423,4.88,4.88,4.86,4.86,36200
GC,20130424,4.82,4.86,4.8,4.82,160300
GC,20130425,4.86,4.86,4.76,4.82,49900
GC,20130426,4.82,4.84,4.76,4.8,250100
GC,20130429,4.8,4.82,4.78,4.78,39900
GC,20130430,4.82,4.82,4.72,4.78,239100
GC,20130502,4.78,4.8,4.72,4.74,94300
GC,20130503,4.78,4.78,4.74,4.74,138700
GC,20130507,4.74,4.76,4.72,4.76,30000
GC,20130508,4.8,4.82,4.8,4.8,326300
GC,20130509,4.9,4.9,4.76,4.8,86200
GC,20130510,4.84,4.84,4.8,4.82,231200
GC,20130513,4.84,4.84,4.8,4.8,446700
GC,20130514,4.8,4.82,4.8,4.8,99600
GC,20130515,4.8,4.84,4.8,4.84,42500
GC,20130516,4.84,4.86,4.8,4.8,230700
GC,20130517,4.8,4.84,4.8,4.84,182500
GC,20130520,4.82,4.84,4.82,4.84,111400
GC,20130521,4.84,4.84,4.82,4.82,93900
GC,20130522,4.82,4.82,4.8,4.82,93700
GC,20130523,4.8,4.84,4.8,4.82,75600
GC,20130527,4.84,4.84,4.82,4.84,6900
GC,20130528,4.84,4.84,4.82,4.82,117400
GC,20130529,4.82,4.88,4.82,4.86,208800
GC,20130530,4.88,4.88,4.82,4.82,128100
GC,20130531,4.84,4.84,4.8,4.8,150100
GC,20130603,4.8,4.84,4.76,4.78,45500
GC,20130604,4.78,4.84,4.7,4.76,246600
GC,20130605,4.7,4.76,4.7,4.76,43200
GC,20130606,4.72,4.76,4.7,4.72,354200
GC,20130607,4.7,4.76,4.7,4.74,81200
GC,20130610,4.76,4.8,4.74,4.8,48800
GC,20130611,4.76,4.76,4.6,4.7,334500
GC,20130612,4.66,4.68,4.62,4.66,179900
GC,20130613,4.62,4.72,4.4,4.66,97200
GC,20130614,4.72,4.74,4.66,4.74,87300
GC,20130617,4.74,4.74,4.74,4.74,9500
GC,20130618,4.7,4.76,4.68,4.68,37400
GC,20130619,4.68,4.72,4.68,4.7,32000
GC,20130620,4.6,4.7,4.6,4.68,14800
GC,20130621,4.68,4.74,4.62,4.74,67800
GC,20130624,4.74,4.76,4.66,4.68,11000
GC,20130625,4.66,4.68,4.6,4.64,120900
GC,20130626,4.68,4.68,4.68,4.68,2000
GC,20130627,4.72,4.72,4.68,4.72,34200
GC,20130628,4.74,4.74,4.72,4.74,33400
GC,20130702,4.76,4.76,4.7,4.7,161500
GC,20130703,4.72,4.72,4.7,4.7,22100
GC,20130704,4.7,4.7,4.68,4.68,17700
GC,20130705,4.68,4.68,4.68,4.68,400
GC,20130708,4.68,4.72,4.68,4.68,12800
GC,20130709,4.7,4.7,4.68,4.68,37400
GC,20130710,4.68,4.7,4.66,4.68,49200
GC,20130711,4.68,4.7,4.68,4.7,78500
GC,20130712,4.7,4.74,4.7,4.7,72000
GC,20130715,4.72,4.74,4.7,4.74,5500
GC,20130716,4.74,4.74,4.7,4.7,26100
GC,20130717,4.7,4.72,4.68,4.68,56700
GC,20130718,4.68,4.72,4.66,4.7,65800
GC,20130719,4.74,4.74,4.68,4.72,83100
GC,20130723,4.72,4.72,4.68,4.72,157400
GC,20130724,4.72,4.74,4.7,4.72,49700
GC,20130725,4.74,4.74,4.7,4.7,54100
GC,20130726,4.7,4.74,4.7,4.74,20800
GC,20130729,4.74,4.74,4.72,4.74,800
GC,20130730,4.74,4.74,4.72,4.74,21200
GC,20130731,4.72,4.72,4.72,4.72,10000
GC,20130801,4.74,4.74,4.72,4.74,66500
GC,20130802,4.74,4.76,4.68,4.76,64100
GC,20130805,4.7,4.74,4.7,4.72,38900
GC,20130806,4.7,4.7,4.68,4.7,50100
GC,20130807,4.72,4.78,4.72,4.76,121500
GC,20130808,4.76,4.88,4.76,4.88,81500
GC,20130809,4.9,4.9,4.82,4.86,351100
GC,20130813,4.94,4.94,4.9,4.92,110700
GC,20130814,4.9,4.96,4.9,4.92,135800
GC,20130815,4.9,4.9,4.84,4.86,274000
GC,20130816,4.88,4.88,4.84,4.88,208600
GC,20130819,4.84,4.86,4.78,4.84,640400
GC,20130820,4.58,4.64,4.58,4.6,1153200
GC,20130821,4.6,4.62,4.6,4.6,62700
GC,20130822,4.6,4.6,4.58,4.58,206000
GC,20130823,4.58,4.6,4.56,4.58,104900
GC,20130826,4.56,4.58,4.5,4.5,216900
GC,20130827,4.48,4.5,4.48,4.48,160300
GC,20130828,4.44,4.44,4.3,4.3,137700
GC,20130829,4.3,4.52,4.3,4.52,4800
GC,20130830,4.48,4.52,4.46,4.5,82400
GC,20130902,4.5,4.5,4.48,4.5,38500
GC,20130903,4.5,4.5,4.48,4.48,73400
GC,20130904,4.5,4.52,4.46,4.46,55800
GC,20130905,4.46,4.5,4.46,4.5,10400
GC,20130906,4.5,4.5,4.46,4.48,40900
GC,20130909,4.46,4.52,4.46,4.5,52500
GC,20130910,4.5,4.6,4.48,4.58,35600
GC,20130911,4.56,4.6,4.54,4.58,65300
GC,20130912,4.6,4.66,4.58,4.58,32900
GC,20130913,4.54,4.6,4.52,4.6,36700
GC,20130916,4.6,4.62,4.56,4.56,38400
GC,20130917,4.56,4.58,4.54,4.58,35500
GC,20130918,4.52,4.58,4.52,4.58,16900
GC,20130919,4.66,4.72,4.6,4.6,63900
GC,20130920,4.64,4.64,4.54,4.58,55800
GC,20130923,4.6,4.62,4.56,4.62,15100
GC,20130924,4.52,4.56,4.5,4.5,120700
GC,20130925,4.5,4.5,4.48,4.5,45000
GC,20130926,4.54,4.66,4.48,4.5,23700
GC,20130927,4.58,4.64,4.52,4.6,19900
GC,20130930,4.6,4.8,4.56,4.6,124600
GC,20131001,4.6,4.6,4.5,4.52,112600
GC,20131002,4.52,4.58,4.5,4.52,75100
GC,20131003,4.52,4.56,4.52,4.54,20000
GC,20131004,4.52,4.58,4.52,4.54,24700
GC,20131007,4.54,4.56,4.52,4.56,16500
GC,20131008,4.56,4.58,4.56,4.58,7100
GC,20131009,4.54,4.56,4.54,4.56,9700
GC,20131010,4.6,4.6,4.54,4.54,84300
GC,20131011,4.6,4.6,4.54,4.56,11900
GC,20131014,4.6,4.6,4.52,4.52,20200
GC,20131015,4.56,4.56,4.54,4.54,35200
GC,20131016,4.56,4.56,4.56,4.56,17800
GC,20131017,4.58,4.58,4.52,4.54,38400
GC,20131018,4.58,4.62,4.58,4.6,69600
GC,20131021,4.6,4.62,4.56,4.58,6500
GC,20131022,4.58,4.6,4.58,4.6,9300
GC,20131024,4.66,4.66,4.6,4.64,136000
GC,20131025,4.64,4.64,4.64,4.64,42900
GC,20131028,4.64,4.68,4.64,4.64,52400
GC,20131029,4.64,4.66,4.64,4.66,38200
GC,20131030,4.64,4.66,4.58,4.58,8900
GC,20131031,4.54,4.74,4.54,4.66,7800
GC,20131104,4.52,4.66,4.52,4.66,6300
GC,20131105,4.54,4.62,4.52,4.62,40000
GC,20131106,4.6,4.62,4.6,4.62,25200
GC,20131107,4.6,4.64,4.54,4.62,46700
GC,20131108,4.56,4.58,4.54,4.58,21300
GC,20131111,4.56,4.58,4.54,4.58,35500
GC,20131112,4.56,4.58,4.56,4.58,22900
GC,20131113,4.56,4.56,4.54,4.56,29800
GC,20131114,4.54,4.56,4.52,4.54,86800
GC,20131115,4.54,4.54,4.52,4.52,10300
GC,20131118,4.54,4.58,4.54,4.58,8700
GC,20131119,4.58,4.58,4.58,4.58,900
GC,20131120,4.58,4.58,4.58,4.58,200
GC,20131121,4.6,4.6,4.52,4.52,28700
GC,20131122,4.54,4.54,4.5,4.54,17900
GC,20131125,4.54,4.54,4.5,4.5,70100
GC,20131126,4.46,4.5,4.46,4.5,39700
GC,20131127,4.5,4.52,4.48,4.5,80100
GC,20131128,4.5,4.5,4.48,4.5,25300
GC,20131129,4.5,4.5,4.48,4.48,4500
GC,20131202,4.48,4.5,4.46,4.48,62100
GC,20131203,4.5,4.52,4.5,4.52,9500
GC,20131204,4.5,4.62,4.48,4.48,121700
GC,20131206,4.48,4.48,4.46,4.48,43400
GC,20131209,4.58,4.58,4.46,4.48,53100
GC,20131211,4.46,4.5,4.46,4.46,19000
GC,20131212,4.46,4.52,4.46,4.5,12800
GC,20131213,4.5,4.5,4.5,4.5,8000
GC,20131216,4.52,4.52,4.48,4.48,4300
GC,20131217,4.5,4.52,4.5,4.5,2600
GC,20131218,4.52,4.54,4.52,4.54,2000
GC,20131219,4.54,4.54,4.48,4.52,800
GC,20131220,4.58,4.58,4.5,4.52,7900
GC,20131223,4.5,4.5,4.48,4.48,26200
GC,20131224,4.48,4.48,4.46,4.46,12600
GC,20131225,4.46,4.48,4.42,4.44,22400
GC,20131226,4.5,4.5,4.44,4.44,39900
GC,20131227,4.48,4.48,4.48,4.48,1100
GC,20140102,4.66,4.66,4.42,4.5,29400
GC,20140103,4.44,4.48,4.44,4.48,14300
GC,20140106,4.48,4.48,4.42,4.42,4700
GC,20140107,4.5,4.5,4.5,4.5,500
GC,20140108,4.48,4.48,4.4,4.4,10000
GC,20140109,4.46,4.48,4.42,4.48,3000
GC,20140110,4.5,4.5,4.4,4.48,78700
GC,20140113,4.5,4.5,4.4,4.44,21000
GC,20140114,4.44,4.5,4.42,4.42,38000
GC,20140115,4.46,4.48,4.46,4.46,800
GC,20140116,4.5,4.5,4.5,4.5,3400
GC,20140117,4.46,4.48,4.44,4.44,12400
GC,20140120,4.46,4.48,4.46,4.48,7500
GC,20140121,4.48,4.54,4.48,4.5,11100
GC,20140122,4.5,4.5,4.48,4.48,1200
GC,20140123,4.48,4.48,4.48,4.48,24500
GC,20140124,4.48,4.5,4.48,4.5,42600
GC,20140127,4.48,4.48,4.48,4.48,18000
GC,20140128,4.5,4.5,4.44,4.46,28900
GC,20140129,4.46,4.5,4.46,4.5,900
GC,20140131,4.46,4.48,4.46,4.48,1100
GC,20140203,4.48,4.5,4.48,4.5,24200
GC,20140204,4.46,4.46,4.46,4.46,33000
GC,20140205,4.48,4.48,4.46,4.46,2200
GC,20140206,4.5,4.52,4.5,4.52,2500
GC,20140207,4.5,4.52,4.48,4.52,17400
GC,20140210,4.5,4.5,4.5,4.5,69900
GC,20140211,4.5,4.5,4.5,4.5,15000
GC,20140212,4.5,4.5,4.5,4.5,50000
GC,20140213,4.52,4.52,4.48,4.52,23000
GC,20140217,4.52,4.52,4.52,4.52,1200
GC,20140218,4.48,4.6,4.46,4.46,50700
GC,20140219,4.48,4.5,4.48,4.5,4100
GC,20140220,4.5,4.5,4.46,4.46,10500
GC,20140221,4.5,4.52,4.48,4.48,6100
GC,20140224,4.46,4.46,4.4,4.42,337300
GC,20140225,4.44,4.46,4.42,4.42,8800
GC,20140226,4.44,4.44,4.42,4.44,19100
GC,20140227,4.44,4.46,4.4,4.46,22900
GC,20140228,4.4,4.46,4.4,4.46,75400
GC,20140303,4.46,4.46,4.4,4.4,55900
GC,20140304,4.42,4.44,4.42,4.44,267900
GC,20140305,4.4,4.44,4.4,4.44,22100
GC,20140306,4.42,4.46,4.42,4.42,80800
GC,20140307,4.42,4.46,4.4,4.46,331400
GC,20140310,4.46,4.46,4.4,4.42,121000
GC,20140311,4.42,4.44,4.4,4.42,111200
GC,20140312,4.42,4.42,4.42,4.42,180300
GC,20140313,4.44,4.44,4.4,4.44,131000
GC,20140314,4.44,4.46,4.42,4.44,80100
GC,20140317,4.42,4.42,4.4,4.4,311100
GC,20140318,4.42,4.42,4.42,4.42,34700
GC,20140319,4.42,4.42,4.4,4.42,478100
GC,20140320,4.4,4.42,4.4,4.42,286100
GC,20140321,4.42,4.42,4.4,4.42,79600
GC,20140324,4.4,4.42,4.4,4.42,206500
GC,20140325,4.42,4.42,4.4,4.4,90700
GC,20140326,4.4,4.42,4.4,4.42,170200
GC,20140327,4.4,4.42,4.4,4.4,18900
GC,20140328,4.4,4.42,4.4,4.42,12300
GC,20140331,4.42,4.44,4.4,4.42,33800
GC,20140401,4.42,4.44,4.4,4.42,115200
GC,20140402,4.44,4.46,4.42,4.42,91900
GC,20140403,4.42,4.48,4.42,4.46,162900
GC,20140404,4.46,4.46,4.4,4.46,309200
GC,20140408,4.46,4.46,4.42,4.44,87100
GC,20140409,4.44,4.44,4.42,4.44,41900
GC,20140410,4.44,4.48,4.44,4.46,242800
GC,20140411,4.28,4.34,4.28,4.32,179100
GC,20140416,4.34,4.34,4.3,4.32,32700
GC,20140417,4.32,4.32,4.32,4.32,55400
GC,20140418,4.32,4.34,4.28,4.3,34100
GC,20140421,4.32,4.32,4.28,4.3,110500
GC,20140422,4.3,4.32,4.3,4.32,22200
GC,20140423,4.3,4.32,4.3,4.32,15800
GC,20140424,4.3,4.32,4.3,4.3,71700
GC,20140425,4.32,4.32,4.3,4.3,35000
GC,20140428,4.32,4.34,4.32,4.34,19400
GC,20140429,4.32,4.32,4.32,4.32,24200
GC,20140430,4.34,4.34,4.32,4.32,11500
GC,20140502,4.32,4.32,4.3,4.3,64500
GC,20140506,4.28,4.32,4.28,4.28,51300
GC,20140507,4.3,4.32,4.3,4.32,160500
GC,20140508,4.34,4.34,4.28,4.28,28100
GC,20140509,4.28,4.3,4.28,4.3,9700
GC,20140512,4.3,4.3,4.3,4.3,2000
GC,20140514,4.32,4.32,4.3,4.32,18200
GC,20140515,4.32,4.32,4.28,4.28,5800
GC,20140516,4.28,4.34,4.28,4.34,81100
GC,20140519,4.28,4.28,4.24,4.28,291000
GC,20140520,4.26,4.3,4.26,4.3,21400
GC,20140521,4.3,4.3,4.26,4.26,125600
GC,20140522,4.26,4.28,4.26,4.26,38800
GC,20140523,4.26,4.26,4.22,4.26,130400
GC,20140526,4.28,4.28,4.28,4.28,6100
GC,20140527,4.28,4.3,4.26,4.26,21500
GC,20140528,4.28,4.28,4.28,4.28,58700
GC,20140529,4.28,4.28,4.26,4.28,118000
GC,20140530,4.28,4.34,4.28,4.32,55900
GC,20140602,4.32,4.34,4.3,4.34,141200
GC,20140603,4.34,4.34,4.32,4.34,45800
GC,20140604,4.34,4.34,4.32,4.32,28100
GC,20140605,4.3,4.3,4.28,4.3,87400
GC,20140606,4.32,4.32,4.3,4.32,95800
GC,20140609,4.32,4.32,4.32,4.32,203500
GC,20140610,4.34,4.48,4.32,4.4,338600
GC,20140611,4.44,4.46,4.42,4.42,160000
GC,20140612,4.4,4.42,4.38,4.4,115500
GC,20140613,4.38,4.42,4.38,4.4,77100
GC,20140616,4.42,4.44,4.42,4.42,82300
GC,20140617,4.42,4.44,4.42,4.44,120800
GC,20140618,4.44,4.44,4.42,4.42,104000
GC,20140619,4.44,4.44,4.42,4.44,60600
GC,20140620,4.44,4.46,4.44,4.46,62200
GC,20140623,4.44,4.44,4.42,4.44,128400
GC,20140624,4.42,4.44,4.4,4.44,168300
GC,20140625,4.42,4.44,4.42,4.42,50300
GC,20140626,4.42,4.42,4.4,4.42,42600
GC,20140627,4.42,4.44,4.42,4.44,56600
GC,20140630,4.42,4.44,4.4,4.42,141800
GC,20140702,4.42,4.44,4.42,4.42,163100
GC,20140703,4.4,4.42,4.4,4.42,81300
GC,20140704,4.42,4.44,4.4,4.4,328100
GC,20140707,4.42,4.42,4.42,4.42,220000
GC,20140708,4.42,4.44,4.42,4.44,28600
GC,20140709,4.42,4.44,4.4,4.42,263600
GC,20140710,4.42,4.42,4.4,4.42,61700
GC,20140714,4.44,4.44,4.42,4.44,204700
GC,20140715,4.44,4.46,4.44,4.46,18300
GC,20140716,4.46,4.46,4.4,4.42,279200
GC,20140717,4.44,4.44,4.4,4.42,263800
GC,20140718,4.44,4.44,4.4,4.42,78500
GC,20140721,4.44,4.44,4.4,4.42,146700
GC,20140722,4.42,4.42,4.4,4.42,223400
GC,20140723,4.4,4.42,4.38,4.4,75500
GC,20140724,4.44,4.44,4.38,4.4,114000
GC,20140725,4.4,4.42,4.38,4.4,301800
GC,20140728,4.42,4.44,4.4,4.4,99600
GC,20140729,4.4,4.44,4.38,4.4,135400
GC,20140730,4.42,4.42,4.38,4.38,21700
GC,20140731,4.38,4.4,4.38,4.38,62600
GC,20140801,4.38,4.4,4.34,4.4,59100
GC,20140804,4.4,4.4,4.38,4.4,142400
GC,20140805,4.4,4.4,4.38,4.38,213200
GC,20140806,4.4,4.42,4.38,4.38,713300
GC,20140807,4.4,4.42,4.38,4.4,145700
GC,20140808,4.4,4.42,4.38,4.42,191000
GC,20140813,4.42,4.42,4.4,4.4,592200
GC,20140814,4.4,4.4,4.38,4.38,699600
GC,20140815,4.38,4.4,4.36,4.4,1021600
GC,20140818,4.24,4.3,4.22,4.28,649300
GC,20140819,4.28,4.34,4.26,4.3,106000
GC,20140820,4.24,4.3,4.24,4.26,102900
GC,20140821,4.26,4.28,4.26,4.28,15900
GC,20140822,4.28,4.28,4.26,4.28,119700
GC,20140825,4.28,4.28,4.26,4.26,173000
GC,20140826,4.26,4.28,4.26,4.26,68200
GC,20140827,4.28,4.28,4.26,4.26,78800
GC,20140828,4.28,4.28,4.26,4.26,86300
GC,20140829,4.24,4.26,4.24,4.26,77300
GC,20140901,4.26,4.28,4.26,4.26,36200
GC,20140902,4.28,4.3,4.26,4.28,101400
GC,20140903,4.28,4.3,4.26,4.28,68700
GC,20140904,4.28,4.28,4.26,4.26,154000
GC,20140905,4.3,4.3,4.26,4.28,54800
GC,20140908,4.28,4.28,4.26,4.28,96200
GC,20140909,4.28,4.28,4.24,4.26,62100
GC,20140910,4.28,4.3,4.26,4.3,170700
GC,20140911,4.3,4.3,4.28,4.3,59500
GC,20140912,4.3,4.3,4.28,4.28,87100
GC,20140915,4.28,4.3,4.26,4.3,23600
GC,20140916,4.3,4.3,4.28,4.3,42500
GC,20140917,4.3,4.3,4.26,4.28,72700
GC,20140918,4.28,4.3,4.26,4.28,57500
GC,20140919,4.26,4.28,4.24,4.24,356300
GC,20140922,4.24,4.28,4.24,4.26,107100
GC,20140923,4.26,4.28,4.26,4.26,65700
GC,20140924,4.28,4.3,4.28,4.3,108800
GC,20140925,4.3,4.3,4.26,4.3,90800
GC,20140926,4.3,4.3,4.28,4.28,69200
GC,20140929,4.28,4.28,4.24,4.24,250700
GC,20140930,4.26,4.28,4.24,4.26,112800
GC,20141001,4.28,4.28,4.26,4.26,130900
GC,20141002,4.26,4.26,4.24,4.24,220500
GC,20141003,4.24,4.26,4.24,4.26,24400
GC,20141006,4.26,4.26,4.22,4.22,112300
GC,20141007,4.22,4.22,4.22,4.22,101000
GC,20141008,4.22,4.24,4.22,4.24,64400
GC,20141009,4.26,4.26,4.24,4.26,21400
GC,20141010,4.24,4.28,4.24,4.28,32300
GC,20141013,4.28,4.28,4.24,4.26,5100
GC,20141014,4.24,4.28,4.24,4.28,20000
GC,20141015,4.28,4.28,4.24,4.24,61700
GC,20141016,4.24,4.26,4.22,4.22,31300
GC,20141017,4.22,4.24,4.2,4.24,59300
GC,20141020,4.24,4.24,4.24,4.24,6800
GC,20141021,4.24,4.24,4.22,4.24,15800
GC,20141022,4.26,4.26,4.24,4.24,9600
GC,20141024,4.24,4.26,4.22,4.26,9900
GC,20141027,4.26,4.26,4.22,4.26,6200
GC,20141028,4.24,4.26,4.2,4.26,68100
GC,20141029,4.26,4.26,4.22,4.24,31200
GC,20141030,4.28,4.28,4.26,4.26,10200
GC,20141031,4.28,4.28,4.22,4.24,23600
GC,20141103,4.24,4.24,4.22,4.24,39100
GC,20141104,4.26,4.26,4.24,4.24,43200
GC,20141105,4.22,4.24,4.18,4.2,187100
GC,20141106,4.2,4.24,4.2,4.22,66600
GC,20141107,4.2,4.24,4.2,4.24,19500
GC,20141110,4.24,4.24,4.22,4.24,16400
GC,20141111,4.22,4.22,4.2,4.2,8300
GC,20141112,4.22,4.24,4.18,4.22,29900
GC,20141113,4.24,4.24,4.18,4.22,65800
GC,20141114,4.2,4.22,4.18,4.22,55700
GC,20141117,4.22,4.22,4.16,4.2,97900
GC,20141118,4.2,4.22,4.2,4.22,11800
GC,20141119,4.2,4.22,4.2,4.2,51500
GC,20141120,4.2,4.2,4.16,4.2,99300
GC,20141121,4.18,4.18,4.16,4.16,137300
GC,20141124,4.22,4.22,4.16,4.16,41400
GC,20141125,4.2,4.2,4.16,4.16,6700
GC,20141126,4.2,4.2,4.12,4.2,39500
GC,20141127,4.16,4.2,4.12,4.16,98800
GC,20141128,4.16,4.18,4.12,4.14,35700
GC,20141201,4.14,4.14,4.12,4.12,28200
GC,20141202,4.12,4.12,4.1,4.12,77500
GC,20141203,4.12,4.16,4.12,4.16,19100
GC,20141204,4.12,4.16,4.12,4.16,73400
GC,20141208,4.14,4.14,4.14,4.14,5700
GC,20141209,4.14,4.14,4.12,4.14,38900
GC,20141211,4.12,4.12,4.02,4.04,313300
GC,20141212,4.18,4.18,3.98,4,170400
GC,20141215,4,4,3.84,3.86,160300
GC,20141216,3.8,3.8,3.68,3.76,39800
GC,20141217,3.88,3.98,3.8,3.8,32400
GC,20141218,3.8,4.04,3.8,3.84,101100
GC,20141219,3.94,3.94,3.92,3.94,7600
GC,20141222,3.96,4,3.94,3.94,57600
GC,20141223,3.94,4,3.94,3.94,13200
GC,20141224,3.98,4.02,3.96,3.96,43200
GC,20141225,4.02,4.02,3.92,3.92,31700
GC,20141226,3.92,3.98,3.9,3.98,10000
GC,20141229,4,4,3.92,3.92,2800
GC,20141230,3.9,3.98,3.9,3.94,8500
GC,20150105,3.96,4,3.9,3.9,7400
GC,20150106,3.94,3.94,3.9,3.9,12600
GC,20150107,3.92,3.94,3.92,3.92,4800
GC,20150108,3.92,4,3.92,3.98,58500
GC,20150109,4.06,4.06,3.94,4,2500
GC,20150112,4,4,3.94,4,26200
GC,20150113,4,4.04,4,4.02,10400
GC,20150114,4.04,4.04,4.02,4.02,5200
GC,20150115,4.04,4.04,3.98,3.98,10900
GC,20150116,3.98,4.02,3.98,3.98,12400
GC,20150119,4.04,4.04,4,4,1600
GC,20150120,4.02,4.02,4,4.02,13100
GC,20150121,4,4.02,4,4.02,41200
GC,20150122,4.02,4.02,4,4,29000
GC,20150123,4.04,4.04,3.98,4,37800
GC,20150126,4.04,4.04,3.98,4.04,42500
GC,20150127,4.04,4.06,4.02,4.06,35800
GC,20150128,4.06,4.06,4.04,4.06,300
GC,20150129,4.04,4.08,4.04,4.06,3600
GC,20150130,4.06,4.08,4.06,4.06,22600
GC,20150202,4.02,4.06,4.02,4.06,9600
GC,20150203,4.08,4.22,4.08,4.16,247800
GC,20150204,4.14,4.16,4.14,4.16,119200
GC,20150205,4.16,4.18,4.1,4.18,33800
GC,20150206,4.16,4.16,4.14,4.14,6200
GC,20150209,4.2,4.2,4.18,4.18,21600
GC,20150210,4.18,4.2,4.18,4.18,80000
GC,20150211,4.2,4.2,4.16,4.2,21400
GC,20150212,4.2,4.2,4.16,4.18,27400
GC,20150213,4.2,4.2,4.16,4.18,22300
GC,20150216,4.16,4.18,4.14,4.14,14000
GC,20150217,4.14,4.14,4.14,4.14,19000
GC,20150218,4.14,4.14,3.92,4.1,47200
GC,20150219,4.1,4.14,4.1,4.12,243700
GC,20150220,4.16,5.3,4.12,4.4,10046900
GC,20150223,4.5,4.56,4.38,4.5,3527200
GC,20150224,4.5,4.68,4.48,4.5,1951400
GC,20150225,4.46,4.58,4.28,4.34,869400
GC,20150226,4.34,4.36,4.26,4.28,441200
GC,20150227,4.28,4.28,4.18,4.18,341700
GC,20150302,4.18,4.26,4.14,4.18,140500
GC,20150303,4.14,4.22,4.06,4.06,164000
GC,20150305,3.98,4.06,3.84,4,219500
GC,20150306,4.08,4.08,4,4,79600
GC,20150309,4,4.04,4,4,68000
GC,20150310,3.98,4.06,3.98,4,47600
GC,20150311,4,4,3.92,4,97500
GC,20150312,4,4.04,4,4,38400
GC,20150313,4.3,4.54,4.12,4.24,2803300
GC,20150316,4.34,4.34,4.12,4.16,198100
GC,20150317,4.34,4.34,4,4.02,99400
GC,20150318,4.02,4.08,4.02,4.06,19100
GC,20150319,4.16,4.18,4.12,4.16,6000
GC,20150320,4.16,4.16,4,4,101400
GC,20150323,4.1,4.14,4,4,132300
GC,20150324,4,5.1,4,4.64,30936500
GC,20150325,4.9,5.05,4.22,4.32,27448200
GC,20150326,4.4,4.76,4.12,4.24,26160500
GC,20150327,4.34,4.44,4.18,4.28,7311400
GC,20150330,4.34,4.48,4.3,4.36,3718200
GC,20150331,4.38,4.6,4.36,4.38,6461200
GC,20150401,4.38,4.5,4.34,4.38,2019300
GC,20150402,4.4,4.5,4.34,4.34,2119400
GC,20150403,4.36,4.38,4.28,4.32,953000
GC,20150407,4.34,4.6,4.24,4.6,5502200
GC,20150408,4.68,4.68,4.42,4.5,3291800
GC,20150409,4.48,4.58,4.42,4.42,1714400
GC,20150410,4.38,4.38,4.3,4.3,568900
GC,20150416,4.3,4.32,4.14,4.14,893500
GC,20150417,4.1,4.22,4.06,4.1,1301100
GC,20150420,4.1,4.18,4.08,4.12,625800
GC,20150421,4.16,4.18,4.1,4.1,650200
GC,20150422,4.1,4.24,4.1,4.1,1096000
GC,20150423,4.12,4.16,4,4.06,680600
GC,20150424,4.04,4.1,4.04,4.06,454000
GC,20150427,4.06,4.16,4.02,4.02,364600
GC,20150428,4.04,4.04,3.94,3.96,591900
GC,20150429,3.96,4.06,3.96,3.98,337600
GC,20150430,4,4.02,3.96,3.96,89400
GC,20150506,4,4.1,3.92,3.94,130400
GC,20150507,3.98,4.06,3.86,3.88,307200
GC,20150508,3.84,3.96,3.82,3.84,368300
GC,20150511,3.84,3.96,3.84,3.92,175800
GC,20150512,3.96,3.96,3.84,3.84,206300
GC,20150513,3.84,3.9,3.8,3.84,76200
GC,20150514,3.84,3.86,3.82,3.86,2300
GC,20150515,3.9,3.96,3.88,3.9,28000
GC,20150518,3.9,4.24,3.9,4.08,3517100
GC,20150519,4.08,4.1,4,4.02,490800
GC,20150520,4.04,4.1,4,4.02,152600
GC,20150521,4.06,4.06,3.96,3.96,246500
GC,20150522,4,4,3.94,3.94,110500
GC,20150525,3.9,4.04,3.9,3.92,382500
GC,20150526,3.98,4.02,3.9,3.9,582900
GC,20150527,3.98,3.98,3.88,3.92,165500
GC,20150528,3.94,3.94,3.74,3.86,725100
GC,20150529,3.86,3.92,3.86,3.92,204700
GC,20150602,3.86,3.92,3.86,3.86,127900
GC,20150603,3.84,3.88,3.84,3.86,105700
GC,20150604,3.88,3.88,3.84,3.86,53700
GC,20150605,3.88,4.14,3.88,3.94,2221300
GC,20150608,3.94,4.02,3.94,3.96,137800
GC,20150609,3.96,3.98,3.9,3.92,92500
GC,20150610,3.92,3.98,3.92,3.92,177100
GC,20150611,3.94,3.96,3.94,3.96,85000
GC,20150612,3.98,3.98,3.92,3.92,40500
GC,20150615,3.98,3.98,3.9,3.9,47600
GC,20150616,3.9,3.96,3.9,3.9,73200
GC,20150617,3.9,3.96,3.9,3.96,102200
GC,20150618,3.94,3.94,3.9,3.9,349700
GC,20150619,3.92,3.92,3.86,3.9,395000
GC,20150622,3.9,3.92,3.86,3.86,88200
GC,20150623,3.86,3.9,3.84,3.9,95000
GC,20150624,3.9,3.92,3.9,3.92,9100
GC,20150625,3.92,3.98,3.88,3.88,72400
GC,20150626,3.9,3.92,3.84,3.92,98600
GC,20150629,3.86,3.92,3.82,3.82,145100
GC,20150630,3.84,3.84,3.82,3.84,51100
GC,20150702,3.86,3.88,3.84,3.88,64200
GC,20150703,3.9,3.9,3.82,3.82,66200
GC,20150706,3.82,3.84,3.8,3.84,245600
GC,20150707,3.84,3.84,3.82,3.84,13000
GC,20150708,3.8,3.84,3.8,3.8,31100
GC,20150709,3.8,3.86,3.76,3.76,81900
GC,20150710,3.78,3.92,3.76,3.8,222800
GC,20150713,3.84,3.84,3.82,3.82,120600
GC,20150714,3.82,3.82,3.8,3.8,68100
GC,20150715,3.84,3.84,3.84,3.84,1700
GC,20150716,3.82,3.84,3.78,3.84,88100
GC,20150717,3.82,3.88,3.8,3.84,78900
GC,20150720,3.84,3.9,3.78,3.78,267400
GC,20150721,3.82,3.82,3.74,3.74,444500
GC,20150722,3.76,3.78,3.68,3.68,636800
GC,20150723,3.7,3.82,3.7,3.72,288200
GC,20150724,3.74,3.76,3.7,3.7,125700
GC,20150727,3.70,3.72,3.64,3.66,195900.00
GC,20150728,3.64,3.66,3.58,3.58,276200.00
GC,20150729,3.60,3.60,3.50,3.56,290000.00
