MCS,20050715,3.5,3.54,2.2,2.22,3000
MCS,20050718,2.24,2.44,2.1,2.16,3200
MCS,20050719,2.22,2.26,2,2.04,null
MCS,20050720,2.06,2.22,2.02,2.18,null
MCS,20050721,2.2,2.22,2.04,2.1,null
MCS,20050725,2.12,2.14,2.04,2.06,45000
MCS,20050726,2.08,2.14,2.06,2.1,1000
MCS,20050727,2.1,2.38,2.1,2.32,29600
MCS,20050728,2.32,2.36,2.22,2.24,null
MCS,20050729,2.24,2.38,2.24,2.38,null
MCS,20050801,2.36,2.36,2.26,2.26,null
MCS,20050802,2.28,2.28,2.08,2.08,null
MCS,20050803,2.12,2.16,2.06,2.1,null
MCS,20050804,2.12,2.24,2.12,2.2,null
MCS,20050805,2.18,2.26,2.18,2.2,11200
MCS,20050808,2.36,2.48,2.28,2.3,213600
MCS,20050809,2.3,2.34,2.26,2.32,1601800
MCS,20050810,2.34,2.36,2.32,2.34,null
MCS,20050811,2.34,2.44,2.34,2.4,11000
MCS,20050815,2.4,2.42,2.28,2.28,244600
MCS,20050816,2.3,2.34,2.14,2.14,32000
MCS,20050817,1.99,2.04,1.99,2,68800
MCS,20050818,2.04,2.1,2,2.02,3000
MCS,20050819,2.04,2.08,2.04,2.06,79200
MCS,20050822,2.06,2.08,2.04,2.06,400
MCS,20050823,2.08,2.14,2.06,2.12,42400
MCS,20050824,2.16,2.18,2.12,2.12,36600
MCS,20050825,2.12,2.14,2.08,2.08,208800
MCS,20050826,2.1,2.1,2.06,2.06,207000
MCS,20050829,2.06,2.08,2.04,2.06,40000
MCS,20050830,2.08,2.12,2.06,2.08,62000
MCS,20050831,2.08,2.08,2.08,2.08,null
MCS,20050901,2.08,2.14,2.06,2.1,null
MCS,20050902,2.1,2.12,2.04,2.04,200000
MCS,20050905,2.06,2.08,2.02,2.02,null
MCS,20050906,2.04,2.06,2.02,2.02,40000
MCS,20050907,2.04,2.08,2.02,2.06,null
MCS,20050908,2.08,2.12,2.08,2.08,2000
MCS,20050909,2.1,2.1,2.06,2.06,80000
MCS,20050912,2.08,2.18,2.08,2.18,null
MCS,20050913,2.18,2.22,2.14,2.16,null
MCS,20050914,2.18,2.3,2.18,2.28,104000
MCS,20050915,2.3,2.34,2.22,2.24,537400
MCS,20050916,2.26,2.26,2.16,2.18,78600
MCS,20050919,2.22,2.24,2.2,2.22,null
MCS,20050920,2.22,2.26,2.22,2.22,97400
MCS,20050921,2.22,2.22,2.18,2.18,null
MCS,20050922,2.2,2.26,2.2,2.26,22000
MCS,20050923,2.26,2.34,2.24,2.3,400
MCS,20050926,2.32,2.36,2.3,2.3,120000
MCS,20050927,2.32,2.34,2.3,2.3,40200
MCS,20050928,2.32,2.32,2.3,2.32,null
MCS,20050929,2.34,2.54,2.32,2.52,1000
MCS,20050930,2.5,2.52,2.4,2.48,134800
MCS,20051003,2.52,2.64,2.46,2.48,200
MCS,20051004,2.52,2.62,2.5,2.56,null
MCS,20051005,2.58,2.76,2.54,2.64,200
MCS,20051006,2.62,2.74,2.6,2.72,2000
MCS,20051007,2.72,2.78,2.68,2.72,25800
MCS,20051010,2.72,2.74,2.56,2.62,10000
MCS,20051011,2.62,2.68,2.58,2.66,200
MCS,20051012,2.68,2.72,2.64,2.66,20200
MCS,20051013,2.66,2.68,2.54,2.58,200
MCS,20051014,2.6,2.6,2.54,2.56,null
MCS,20051017,2.56,2.58,2.48,2.48,40000
MCS,20051018,2.5,2.62,2.5,2.62,20000
MCS,20051019,2.62,2.66,2.56,2.56,null
MCS,20051020,2.6,2.62,2.54,2.58,null
MCS,20051021,2.58,2.6,2.56,2.58,null
MCS,20051025,2.6,2.62,2.56,2.56,24000
MCS,20051026,2.58,2.7,2.56,2.66,400
MCS,20051027,2.66,2.74,2.66,2.68,10000
MCS,20051028,2.7,2.74,2.68,2.72,200
MCS,20051031,2.74,2.84,2.72,2.82,null
MCS,20051101,2.84,2.88,2.76,2.76,null
MCS,20051102,2.78,2.9,2.78,2.88,null
MCS,20051103,2.88,2.94,2.86,2.86,null
MCS,20051104,2.88,2.9,2.78,2.8,null
MCS,20051107,2.8,2.8,2.76,2.8,null
MCS,20051108,2.8,2.84,2.78,2.82,null
MCS,20051109,2.82,2.86,2.78,2.78,null
MCS,20051110,2.8,2.8,2.72,2.72,null
MCS,20051111,2.74,2.96,2.74,2.96,null
MCS,20051114,2.98,2.98,2.78,2.78,6200
MCS,20051115,2.8,2.8,2.66,2.72,342000
MCS,20051116,2.74,2.8,2.7,2.7,null
MCS,20051117,2.7,2.72,2.66,2.7,null
MCS,20051118,2.74,2.74,2.68,2.7,62000
MCS,20051121,2.74,2.74,2.68,2.7,114000
MCS,20051122,2.74,2.76,2.66,2.76,null
MCS,20051123,2.8,2.8,2.68,2.72,null
MCS,20051124,2.7,2.72,2.66,2.66,null
MCS,20051125,2.66,2.7,2.64,2.64,null
MCS,20051128,2.66,2.68,2.6,2.62,null
MCS,20051129,2.62,2.66,2.62,2.62,null
MCS,20051130,2.64,2.64,2.62,2.62,14000
MCS,20051201,2.62,2.64,2.58,2.58,80000
MCS,20051202,2.6,2.6,2.56,2.56,null
MCS,20051206,2.58,2.66,2.58,2.66,null
MCS,20051207,2.68,2.7,2.66,2.68,null
MCS,20051208,2.7,2.7,2.66,2.68,4000
MCS,20051209,2.7,2.7,2.66,2.66,66000
MCS,20051213,2.66,2.68,2.64,2.66,400
MCS,20051214,2.66,2.66,2.64,2.64,null
MCS,20051215,2.66,2.76,2.64,2.72,null
MCS,20051216,2.74,2.76,2.7,2.72,null
MCS,20051219,2.72,2.74,2.68,2.68,null
MCS,20051220,2.7,2.72,2.68,2.68,null
MCS,20051221,2.7,2.72,2.68,2.68,null
MCS,20051222,2.7,2.7,2.68,2.68,null
MCS,20051223,2.68,2.7,2.68,2.7,null
MCS,20051226,2.72,2.72,2.66,2.66,null
MCS,20051227,2.68,2.7,2.66,2.66,null
MCS,20051228,2.68,2.74,2.68,2.7,4413700
MCS,20051229,2.72,2.74,2.7,2.72,3759900
MCS,20051230,2.74,2.8,2.72,2.72,12942900
MCS,20060103,2.74,2.76,2.7,2.72,20000
MCS,20060104,2.72,2.76,2.72,2.74,null
MCS,20060105,2.76,2.82,2.76,2.8,29200
MCS,20060106,2.8,2.86,2.8,2.84,null
MCS,20060109,2.9,2.94,2.9,2.9,null
MCS,20060110,2.94,2.94,2.88,2.88,null
MCS,20060111,2.88,2.92,2.88,2.88,18000
MCS,20060112,2.92,2.96,2.86,2.86,30000
MCS,20060113,2.88,2.9,2.82,2.86,null
MCS,20060116,2.88,2.88,2.74,2.76,null
MCS,20060117,2.8,2.86,2.74,2.76,null
MCS,20060118,2.76,2.78,2.66,2.68,null
MCS,20060119,2.7,2.74,2.68,2.72,null
MCS,20060120,2.74,2.76,2.72,2.72,80000
MCS,20060123,2.7,2.78,2.7,2.76,100000
MCS,20060124,2.78,2.8,2.76,2.78,60000
MCS,20060125,2.78,2.8,2.6,2.64,null
MCS,20060126,2.66,2.68,2.62,2.62,null
MCS,20060127,2.62,2.66,2.62,2.66,null
MCS,20060130,2.66,2.66,2.64,2.64,null
MCS,20060131,2.64,2.76,2.6,2.74,null
MCS,20060201,2.78,2.88,2.76,2.86,null
MCS,20060202,2.88,2.88,2.76,2.8,null
MCS,20060203,2.78,2.86,2.78,2.82,null
MCS,20060206,2.86,2.86,2.8,2.84,null
MCS,20060207,2.86,2.86,2.82,2.82,null
MCS,20060208,2.86,2.96,2.84,2.96,null
MCS,20060209,3,3.04,2.92,2.98,null
MCS,20060210,3.02,3.04,3,3.04,null
MCS,20060214,3.08,3.1,3.02,3.02,null
MCS,20060215,3.04,3.18,3.04,3.06,null
MCS,20060216,3.08,3.14,3.06,3.14,null
MCS,20060217,3.14,3.2,3.12,3.16,null
MCS,20060220,3.14,3.14,3.04,3.1,null
MCS,20060221,3.08,3.12,3.04,3.04,null
MCS,20060222,3.02,3.04,2.98,2.98,null
MCS,20060223,3,3.06,2.98,3.06,null
MCS,20060224,3.08,3.14,3.06,3.12,null
MCS,20060227,3.1,3.12,3.06,3.1,null
MCS,20060228,3.06,3.16,3.06,3.14,23000
MCS,20060301,3.14,3.14,3.1,3.14,null
MCS,20060302,3.14,3.16,3.1,3.12,null
MCS,20060303,3.12,3.28,3.12,3.26,null
MCS,20060306,3.22,3.36,3.22,3.28,null
MCS,20060307,3.3,3.32,3.24,3.24,null
MCS,20060308,3.24,3.3,3.24,3.3,null
MCS,20060309,3.28,3.34,3.28,3.34,null
MCS,20060310,3.34,3.34,3.3,3.32,120200
MCS,20060313,3.32,3.38,3.3,3.36,null
MCS,20060314,3.36,3.5,3.36,3.5,60000
MCS,20060315,3.56,3.66,3.56,3.62,null
MCS,20060316,3.64,3.64,3.54,3.6,null
MCS,20060317,3.62,3.62,3.56,3.58,200000
MCS,20060320,3.58,3.64,3.56,3.6,20200
MCS,20060321,3.62,3.62,3.58,3.58,100000
MCS,20060322,3.58,3.58,3.48,3.52,115200
MCS,20060323,3.54,3.54,3.4,3.44,17800
MCS,20060324,3.46,3.52,3.36,3.5,10000
MCS,20060327,3.48,3.6,3.46,3.58,null
MCS,20060328,3.56,3.62,3.56,3.62,null
MCS,20060329,3.62,3.62,3.56,3.56,null
MCS,20060330,3.58,3.58,3.54,3.54,null
MCS,20060331,3.54,3.58,3.5,3.54,null
MCS,20060403,3.54,3.56,3.52,3.52,null
MCS,20060404,3.54,3.56,3.5,3.56,null
MCS,20060405,3.6,3.6,3.56,3.56,null
MCS,20060407,3.58,3.68,3.56,3.64,null
MCS,20060410,3.64,3.64,3.58,3.58,200
MCS,20060411,3.62,3.74,3.62,3.64,67200
MCS,20060412,3.66,3.74,3.64,3.74,1000
MCS,20060417,3.74,3.82,3.74,3.78,null
MCS,20060418,3.84,3.84,3.74,3.78,null
MCS,20060420,3.78,3.78,3.74,3.78,null
MCS,20060421,3.8,3.82,3.72,3.76,null
MCS,20060424,3.76,3.78,3.72,3.76,null
MCS,20060425,3.76,3.76,3.74,3.76,null
MCS,20060426,3.76,3.76,3.72,3.74,null
MCS,20060427,3.74,3.78,3.74,3.76,null
MCS,20060428,3.76,3.78,3.76,3.76,null
MCS,20060502,3.76,3.8,3.76,3.78,null
MCS,20060503,3.6,3.62,3.56,3.58,null
MCS,20060504,3.58,3.6,3.58,3.6,null
MCS,20060508,3.6,3.8,3.6,3.8,75200
MCS,20060509,3.84,3.84,3.78,3.8,30000
MCS,20060510,3.82,3.82,3.74,3.74,null
MCS,20060511,3.74,3.76,3.72,3.72,null
MCS,20060515,3.72,3.78,3.7,3.74,null
MCS,20060516,3.76,3.76,3.7,3.72,38000
MCS,20060517,3.78,3.78,3.72,3.72,10200
MCS,20060518,3.72,3.72,3.62,3.64,null
MCS,20060519,3.64,3.66,3.58,3.6,null
MCS,20060522,3.62,3.64,3.44,3.44,17000
MCS,20060523,3.42,3.46,3.24,3.44,null
MCS,20060524,3.5,3.5,3.38,3.44,30000
MCS,20060525,3.44,3.44,3.38,3.44,null
MCS,20060526,3.48,3.5,3.46,3.5,null
MCS,20060529,3.5,3.54,3.5,3.52,null
MCS,20060530,3.52,3.6,3.52,3.6,null
MCS,20060531,3.56,3.58,3.52,3.58,null
MCS,20060601,3.56,3.58,3.54,3.58,200
MCS,20060602,3.56,3.6,3.54,3.54,8800
MCS,20060605,3.56,3.58,3.54,3.56,null
MCS,20060606,3.56,3.58,3.5,3.5,null
MCS,20060607,3.5,3.5,3.42,3.48,800
MCS,20060608,3.46,3.46,3.3,3.38,400
MCS,20060609,3.42,3.42,3.36,3.38,null
MCS,20060614,3.34,3.34,3.24,3.3,null
MCS,20060615,3.3,3.34,3.28,3.3,null
MCS,20060616,3.34,3.36,3.32,3.32,null
MCS,20060619,3.32,3.36,3.32,3.36,null
MCS,20060620,3.34,3.38,3.34,3.38,null
MCS,20060621,3.38,3.38,3.36,3.36,null
MCS,20060622,3.4,3.54,3.38,3.54,null
MCS,20060623,3.48,3.66,3.48,3.64,null
MCS,20060626,3.66,3.68,3.66,3.68,800
MCS,20060627,3.68,3.72,3.58,3.6,null
MCS,20060628,3.58,3.68,3.58,3.66,null
MCS,20060629,3.7,3.7,3.64,3.68,null
MCS,20060630,3.68,3.7,3.64,3.7,null
MCS,20060703,3.72,3.72,3.66,3.68,null
MCS,20060704,3.66,3.7,3.66,3.68,null
MCS,20060705,3.68,3.68,3.64,3.64,60000
MCS,20060706,3.64,3.66,3.64,3.66,null
MCS,20060707,3.66,3.7,3.66,3.66,null
MCS,20060710,3.66,3.66,3.64,3.64,null
MCS,20060712,3.66,3.66,3.64,3.66,null
MCS,20060713,3.62,3.66,3.36,3.66,10000
MCS,20060714,3.62,3.64,3.58,3.64,10000
MCS,20060717,3.56,3.56,3.48,3.48,null
MCS,20060718,3.5,3.52,3.5,3.52,21000
MCS,20060719,3.54,3.54,3.5,3.52,null
MCS,20060720,3.56,3.58,3.48,3.54,6000
MCS,20060721,3.52,3.56,3.5,3.54,null
MCS,20060724,3.54,3.56,3.52,3.54,null
MCS,20060725,3.56,3.56,3.54,3.56,null
MCS,20060726,3.56,3.58,3.52,3.58,153000
MCS,20060727,3.54,3.64,3.52,3.64,null
MCS,20060728,3.66,3.66,3.6,3.66,6800
MCS,20060731,3.68,3.74,3.64,3.74,10000
MCS,20060801,3.74,3.74,3.66,3.66,null
MCS,20060802,3.64,3.7,3.64,3.68,null
MCS,20060803,3.68,3.7,3.64,3.68,null
MCS,20060804,3.68,3.74,3.68,3.68,null
MCS,20060807,3.7,3.72,3.7,3.72,52000
MCS,20060808,3.74,3.74,3.68,3.7,null
MCS,20060809,3.68,3.7,3.66,3.66,null
MCS,20060810,3.66,3.68,3.62,3.64,null
MCS,20060811,3.66,3.72,3.64,3.64,12000
MCS,20060815,3.7,3.8,3.68,3.7,4200
MCS,20060816,3.72,3.76,3.68,3.68,null
MCS,20060817,3.7,3.74,3.68,3.7,null
MCS,20060818,3.7,3.74,3.68,3.68,24800
MCS,20060821,3.7,3.74,3.66,3.66,null
MCS,20060822,3.66,3.68,3.58,3.6,null
MCS,20060823,3.62,3.62,3.52,3.56,150200
MCS,20060824,3.4,3.44,3.36,3.44,18600
MCS,20060825,3.42,3.46,3.4,3.46,null
MCS,20060828,3.44,3.44,3.42,3.42,null
MCS,20060829,3.44,3.46,3.42,3.44,null
MCS,20060830,3.44,3.44,3.38,3.4,21600
MCS,20060831,3.42,3.46,3.38,3.46,null
MCS,20060901,3.44,3.46,3.42,3.44,null
MCS,20060904,3.44,3.44,3.42,3.42,null
MCS,20060905,3.42,3.42,3.38,3.38,null
MCS,20060906,3.42,3.44,3.4,3.44,null
MCS,20060907,3.42,3.44,3.42,3.42,10000
MCS,20060908,3.42,3.52,3.42,3.5,null
MCS,20060911,3.5,3.5,3.42,3.42,null
MCS,20060912,3.44,3.54,3.44,3.5,null
MCS,20060913,3.5,3.54,3.5,3.54,null
MCS,20060914,3.52,3.54,3.5,3.5,null
MCS,20060915,3.5,3.52,3.48,3.48,null
MCS,20060918,3.48,3.5,3.48,3.48,200
MCS,20060919,3.5,3.5,3.44,3.5,null
MCS,20060921,3.26,3.44,3.26,3.4,null
MCS,20060922,3.4,3.4,3.3,3.38,400
MCS,20060925,3.4,3.4,3.38,3.38,1600
MCS,20060926,3.4,3.46,3.38,3.46,null
MCS,20060927,3.44,3.44,3.38,3.44,null
MCS,20060928,3.42,3.42,3.4,3.42,null
MCS,20060929,3.42,3.44,3.4,3.44,null
MCS,20061002,3.44,3.44,3.4,3.4,null
MCS,20061003,3.4,3.4,3.4,3.4,12200
MCS,20061004,3.42,3.46,3.4,3.44,null
MCS,20061005,3.44,3.46,3.42,3.46,null
MCS,20061006,3.44,3.44,3.42,3.44,200
MCS,20061009,3.44,3.44,3.4,3.42,null
MCS,20061010,3.42,3.44,3.42,3.44,null
MCS,20061011,3.44,3.56,3.44,3.56,null
MCS,20061012,3.56,3.66,3.56,3.6,null
MCS,20061013,3.6,3.64,3.6,3.62,null
MCS,20061016,3.62,3.62,3.58,3.62,18800
MCS,20061017,3.62,3.62,3.58,3.62,null
MCS,20061018,3.62,3.72,3.6,3.72,20000
MCS,20061019,3.74,3.76,3.7,3.7,null
MCS,20061020,3.7,3.74,3.66,3.74,20000
MCS,20061024,3.74,3.74,3.7,3.72,null
MCS,20061025,3.7,3.7,3.66,3.68,null
MCS,20061026,3.66,3.72,3.66,3.68,null
MCS,20061027,3.68,3.7,3.68,3.68,null
MCS,20061030,3.68,3.72,3.68,3.72,57000
MCS,20061031,3.72,3.74,3.7,3.74,200
MCS,20061101,3.72,3.74,3.72,3.74,null
MCS,20061102,3.74,3.74,3.68,3.68,44200
MCS,20061103,3.68,3.7,3.66,3.68,null
MCS,20061106,3.7,3.7,3.64,3.66,null
MCS,20061107,3.68,3.72,3.66,3.66,null
MCS,20061108,3.7,3.9,3.66,3.88,null
MCS,20061109,3.88,3.9,3.82,3.84,92800
MCS,20061110,3.84,3.88,3.84,3.86,153200
MCS,20061113,3.94,3.94,3.8,3.82,null
MCS,20061114,3.86,4,3.84,3.88,71400
MCS,20061115,3.9,3.94,3.78,3.8,200
MCS,20061116,3.82,3.86,3.82,3.84,null
MCS,20061117,3.84,3.88,3.8,3.84,null
MCS,20061120,3.86,3.86,3.78,3.78,178800
MCS,20061121,3.8,3.88,3.8,3.86,null
MCS,20061122,3.86,3.92,3.84,3.9,null
MCS,20061123,3.92,3.96,3.9,3.94,null
MCS,20061124,3.96,3.96,3.88,3.88,2000
MCS,20061127,3.88,3.88,3.78,3.84,null
MCS,20061128,3.84,3.84,3.76,3.8,80000
MCS,20061129,3.8,3.82,3.76,3.76,null
MCS,20061130,3.78,3.8,3.76,3.76,null
MCS,20061201,3.76,3.78,3.72,3.76,null
MCS,20061204,3.78,3.78,3.72,3.74,null
MCS,20061206,3.74,3.76,3.72,3.74,200
MCS,20061207,3.76,3.78,3.76,3.78,null
MCS,20061208,3.8,3.82,3.74,3.74,null
MCS,20061212,3.76,3.76,3.74,3.74,null
MCS,20061213,3.74,3.74,3.68,3.72,null
MCS,20061214,3.72,3.72,3.62,3.66,70600
MCS,20061215,3.66,3.68,3.6,3.66,800
MCS,20061218,3.72,3.74,3.66,3.72,200
MCS,20061219,3.68,3.68,3.28,3.54,4800
MCS,20061220,3.62,3.68,3.62,3.68,200
MCS,20061221,3.68,3.68,3.62,3.64,null
MCS,20061222,3.64,3.7,3.64,3.68,1400
MCS,20061225,3.68,3.72,3.68,3.72,400
MCS,20061226,3.7,3.76,3.7,3.76,200
MCS,20061227,3.76,3.78,3.7,3.74,1815800
MCS,20061228,3.72,3.74,3.68,3.68,564900
MCS,20061229,3.68,3.74,3.64,3.74,1973400
MCS,20070103,3.62,3.68,3.6,3.64,2083900
MCS,20070104,3.64,3.66,3.62,3.64,440700
MCS,20070105,3.62,3.62,3.44,3.58,3844300
MCS,20070108,3.58,3.64,3.5,3.62,1202800
MCS,20070109,3.54,3.6,3.46,3.58,1824900
MCS,20070110,3.58,3.62,3.54,3.58,1590600
MCS,20070111,3.6,3.6,3.58,3.6,599000
MCS,20070112,3.6,3.6,3.56,3.56,513500
MCS,20070115,3.58,3.62,3.58,3.62,262200
MCS,20070116,3.6,3.62,3.6,3.62,404000
MCS,20070117,3.62,3.64,3.6,3.62,558500
MCS,20070118,3.64,3.68,3.64,3.66,1209100
MCS,20070119,3.68,3.72,3.66,3.7,816300
MCS,20070122,3.7,3.76,3.7,3.76,1750900
MCS,20070123,3.74,3.76,3.66,3.72,653000
MCS,20070124,3.72,3.72,3.66,3.72,727500
MCS,20070125,3.68,3.68,3.66,3.68,1206200
MCS,20070126,3.64,3.68,3.62,3.68,1166200
MCS,20070129,3.64,3.66,3.62,3.64,669000
MCS,20070130,3.64,3.64,3.6,3.62,683100
MCS,20070131,3.64,3.64,3.62,3.64,353000
MCS,20070201,3.64,3.66,3.62,3.66,201000
MCS,20070202,3.66,3.7,3.64,3.7,780100
MCS,20070205,3.7,3.7,3.66,3.66,289800
MCS,20070206,3.64,3.64,3.62,3.64,1379500
MCS,20070207,3.64,3.74,3.64,3.72,2937200
MCS,20070208,3.76,3.76,3.7,3.7,1287700
MCS,20070209,3.74,3.74,3.68,3.68,1658300
MCS,20070212,3.68,3.7,3.68,3.7,1580900
MCS,20070213,3.78,3.78,3.74,3.74,4730100
MCS,20070214,3.76,3.76,3.68,3.68,7350400
MCS,20070215,3.68,3.7,3.64,3.66,3695900
MCS,20070216,3.68,3.68,3.64,3.66,2306900
MCS,20070219,3.64,3.64,3.62,3.64,1503800
MCS,20070220,3.64,3.66,3.64,3.64,2550400
MCS,20070221,3.64,3.66,3.64,3.64,525000
MCS,20070222,3.64,3.7,3.64,3.68,1394400
MCS,20070223,3.68,3.7,3.64,3.64,1425400
MCS,20070226,3.66,3.66,3.62,3.62,891600
MCS,20070227,3.64,3.66,3.62,3.64,953900
MCS,20070228,3.58,3.62,3.56,3.62,3571300
MCS,20070301,3.62,3.64,3.6,3.62,2257900
MCS,20070302,3.64,3.68,3.64,3.64,893200
MCS,20070306,3.64,3.66,3.64,3.66,543000
MCS,20070307,3.66,3.7,3.66,3.7,1307000
MCS,20070308,3.7,3.7,3.66,3.66,464300
MCS,20070309,3.68,3.68,3.66,3.66,171000
MCS,20070312,3.68,3.68,3.66,3.66,929900
MCS,20070313,3.66,3.66,3.64,3.64,884200
MCS,20070314,3.66,3.66,3.62,3.64,1091100
MCS,20070315,3.66,3.66,3.64,3.64,309000
MCS,20070316,3.66,3.66,3.64,3.64,1060400
MCS,20070319,3.66,3.66,3.64,3.66,1335900
MCS,20070320,3.66,3.66,3.64,3.66,1382600
MCS,20070321,3.66,3.66,3.64,3.66,1035500
MCS,20070322,3.66,3.68,3.66,3.66,1167200
MCS,20070323,3.66,3.68,3.66,3.68,3652700
MCS,20070326,3.44,3.46,3.42,3.44,1032600
MCS,20070327,3.44,3.46,3.44,3.44,534500
MCS,20070328,3.44,3.46,3.42,3.42,543600
MCS,20070329,3.42,3.42,3.4,3.42,867500
MCS,20070330,3.4,3.42,3.4,3.4,1189400
MCS,20070402,3.42,3.42,3.4,3.4,1296100
MCS,20070403,3.4,3.42,3.4,3.42,1351100
MCS,20070404,3.42,3.44,3.42,3.42,3116000
MCS,20070405,3.44,3.44,3.4,3.42,2393200
MCS,20070409,3.44,3.44,3.4,3.4,1449500
MCS,20070410,3.4,3.42,3.4,3.4,319400
MCS,20070411,3.4,3.42,3.4,3.4,2267500
MCS,20070412,3.42,3.42,3.4,3.4,35200
MCS,20070417,3.42,3.42,3.42,3.42,424100
MCS,20070418,3.42,3.42,3.42,3.42,465400
MCS,20070419,3.42,3.42,3.38,3.4,2085700
MCS,20070420,3.4,3.4,3.38,3.38,2193800
MCS,20070423,3.36,3.38,3.36,3.36,899200
MCS,20070424,3.36,3.36,3.32,3.34,640900
MCS,20070425,3.34,3.34,3.32,3.34,2086800
MCS,20070426,3.36,3.36,3.36,3.36,898000
MCS,20070427,3.38,3.38,3.34,3.34,1627500
MCS,20070430,3.34,3.36,3.32,3.34,1125400
MCS,20070502,3.36,3.36,3.34,3.34,1107200
MCS,20070503,3.36,3.38,3.36,3.36,1915400
MCS,20070504,3.36,3.38,3.34,3.36,1661600
MCS,20070508,3.38,3.38,3.34,3.36,1210700
MCS,20070509,3.36,3.36,3.34,3.34,577600
MCS,20070510,3.34,3.36,3.34,3.34,685900
MCS,20070511,3.34,3.36,3.34,3.34,771300
MCS,20070514,3.3,3.32,3.26,3.28,7049300
MCS,20070515,3.28,3.32,3.26,3.3,1393700
MCS,20070516,3.32,3.46,3.32,3.42,6839500
MCS,20070517,3.44,3.46,3.36,3.36,4264700
MCS,20070518,3.38,3.38,3.36,3.38,2278900
MCS,20070521,3.4,3.4,3.38,3.38,1349400
MCS,20070522,3.38,3.42,3.38,3.4,1828700
MCS,20070523,3.42,3.42,3.4,3.4,3099900
MCS,20070524,3.4,3.4,3.36,3.4,1628700
MCS,20070525,3.38,3.38,3.36,3.38,728500
MCS,20070528,3.4,3.44,3.4,3.44,2782800
MCS,20070529,3.48,3.54,3.44,3.44,9088300
MCS,20070530,3.46,3.5,3.46,3.5,2112900
MCS,20070601,3.52,3.56,3.5,3.56,4521500
MCS,20070604,3.6,3.6,3.58,3.6,2257400
MCS,20070605,3.6,3.6,3.54,3.58,1323700
MCS,20070606,3.56,3.58,3.56,3.56,841500
MCS,20070607,3.56,3.56,3.52,3.54,788900
MCS,20070608,3.54,3.54,3.52,3.52,497500
MCS,20070611,3.52,3.52,3.5,3.5,621700
MCS,20070612,3.5,3.54,3.48,3.5,1077100
MCS,20070613,3.48,3.5,3.42,3.44,2086400
MCS,20070614,3.44,3.52,3.44,3.48,1072600
MCS,20070615,3.5,3.52,3.5,3.52,780500
MCS,20070618,3.54,3.58,3.54,3.56,1367800
MCS,20070619,3.56,3.56,3.52,3.52,1642100
MCS,20070620,3.52,3.58,3.52,3.58,1279500
MCS,20070621,3.58,3.68,3.58,3.62,5749900
MCS,20070622,3.64,3.66,3.64,3.64,1054300
MCS,20070625,3.64,3.74,3.64,3.7,2733200
MCS,20070626,3.7,3.72,3.68,3.7,1760000
MCS,20070627,3.7,3.76,3.7,3.76,3735200
MCS,20070628,3.78,3.8,3.74,3.76,3435200
MCS,20070629,3.76,3.78,3.76,3.78,1055700
MCS,20070702,3.76,3.76,3.72,3.76,1408200
MCS,20070703,3.78,3.8,3.74,3.74,3103400
MCS,20070704,3.74,3.76,3.7,3.72,2924000
MCS,20070705,3.72,3.72,3.7,3.72,785800
MCS,20070706,3.72,3.74,3.72,3.72,1428800
MCS,20070709,3.7,3.72,3.7,3.7,1651100
MCS,20070710,3.72,3.72,3.68,3.7,2464700
MCS,20070711,3.72,3.72,3.68,3.72,2149400
MCS,20070712,3.72,3.72,3.68,3.7,664100
MCS,20070713,3.7,3.72,3.7,3.72,1358800
MCS,20070716,3.72,3.74,3.7,3.7,760100
MCS,20070717,3.74,3.74,3.68,3.7,809100
MCS,20070718,3.72,3.74,3.68,3.7,1902900
MCS,20070719,3.72,3.9,3.72,3.9,18512600
MCS,20070720,3.9,3.92,3.82,3.82,8449300
MCS,20070723,3.8,3.84,3.76,3.84,1534600
MCS,20070724,3.88,3.94,3.88,3.88,5370900
MCS,20070725,3.88,3.88,3.84,3.84,1668700
MCS,20070726,3.86,3.88,3.84,3.86,1295900
MCS,20070727,3.84,3.84,3.82,3.84,2248500
MCS,20070731,3.8,3.86,3.8,3.84,1276700
MCS,20070801,3.86,3.88,3.8,3.8,1726900
MCS,20070802,3.86,3.86,3.78,3.78,2329300
MCS,20070803,3.82,3.9,3.82,3.86,2902200
MCS,20070806,3.88,4.04,3.88,4,11356100
MCS,20070807,4.06,4.2,3.98,3.98,13420600
MCS,20070808,4.02,4.06,3.96,4,3968600
MCS,20070809,4,4.02,3.86,3.86,3183000
MCS,20070810,3.8,3.84,3.78,3.82,3030300
MCS,20070814,3.8,3.9,3.8,3.88,3266200
MCS,20070815,3.9,3.9,3.78,3.78,1166600
MCS,20070816,3.76,3.76,3.6,3.68,7497400
MCS,20070817,3.66,3.8,3.62,3.8,5069300
MCS,20070820,3.88,3.88,3.8,3.84,2911600
MCS,20070821,3.86,3.86,3.72,3.72,1496200
MCS,20070822,3.74,3.8,3.7,3.8,1615900
MCS,20070823,3.84,3.84,3.76,3.8,2163500
MCS,20070824,3.7,3.72,3.68,3.7,846600
MCS,20070827,3.72,3.72,3.68,3.68,902300
MCS,20070828,3.68,3.68,3.64,3.66,831800
MCS,20070829,3.68,3.74,3.66,3.7,3656900
MCS,20070830,3.74,3.8,3.7,3.7,3560400
MCS,20070831,3.7,3.72,3.7,3.72,1266400
MCS,20070903,3.74,3.76,3.7,3.72,1864300
MCS,20070904,3.72,3.72,3.68,3.68,1623500
MCS,20070905,3.68,3.72,3.68,3.72,876600
MCS,20070906,3.7,3.72,3.66,3.7,3673300
MCS,20070907,3.7,3.7,3.68,3.68,741300
MCS,20070910,3.66,3.72,3.66,3.7,738600
MCS,20070911,3.72,3.82,3.7,3.78,4725600
MCS,20070912,3.82,3.82,3.74,3.74,2472600
MCS,20070913,3.78,3.82,3.78,3.8,2402900
MCS,20070914,3.82,3.84,3.78,3.8,6685800
MCS,20070917,3.8,3.82,3.78,3.8,491000
MCS,20070918,3.8,3.8,3.76,3.76,794000
MCS,20070919,3.78,3.8,3.76,3.78,537000
MCS,20070920,3.76,3.78,3.76,3.76,278700
MCS,20070921,3.78,3.8,3.78,3.78,395500
MCS,20070924,3.78,3.8,3.76,3.76,796400
MCS,20070925,3.76,3.78,3.76,3.76,632500
MCS,20070926,3.78,3.78,3.76,3.78,1647600
MCS,20070927,3.8,3.84,3.78,3.84,2115900
MCS,20070928,3.86,3.86,3.82,3.86,1210900
MCS,20071001,3.9,3.96,3.88,3.94,3253100
MCS,20071002,4,4,3.94,3.94,2397700
MCS,20071003,3.94,3.96,3.9,3.9,1120200
MCS,20071004,3.9,3.94,3.86,3.92,3306200
MCS,20071005,3.9,3.98,3.9,3.96,1972200
MCS,20071008,3.96,3.96,3.94,3.94,449000
MCS,20071009,3.94,3.96,3.94,3.94,533200
MCS,20071010,3.96,4,3.96,3.96,2082100
MCS,20071011,3.96,3.98,3.96,3.98,587000
MCS,20071012,3.98,3.98,3.92,3.94,1310000
MCS,20071015,3.96,3.96,3.94,3.94,334600
MCS,20071016,3.94,3.94,3.86,3.86,2822000
MCS,20071017,3.86,3.88,3.86,3.88,492500
MCS,20071018,3.86,3.88,3.86,3.86,360100
MCS,20071019,3.86,3.88,3.84,3.84,649000
MCS,20071022,3.82,3.84,3.8,3.82,726500
MCS,20071024,3.84,3.86,3.78,3.78,2343300
MCS,20071025,3.82,3.82,3.78,3.8,233000
MCS,20071026,3.82,3.84,3.78,3.78,856100
MCS,20071029,3.82,3.82,3.76,3.78,1083400
MCS,20071030,3.78,3.8,3.74,3.74,1271000
MCS,20071031,3.74,3.82,3.72,3.82,1987200
MCS,20071101,3.82,3.84,3.78,3.78,495500
MCS,20071102,3.78,3.8,3.76,3.8,397200
MCS,20071105,3.82,3.86,3.78,3.78,822400
MCS,20071106,3.8,3.82,3.78,3.8,609500
MCS,20071107,3.8,3.8,3.78,3.78,490300
MCS,20071108,3.78,3.8,3.76,3.78,652900
MCS,20071109,3.78,3.82,3.76,3.82,569600
MCS,20071112,3.82,3.82,3.76,3.78,1593100
MCS,20071113,3.8,3.82,3.78,3.78,399000
MCS,20071114,3.8,3.8,3.78,3.8,1209600
MCS,20071115,3.8,3.82,3.76,3.8,572300
MCS,20071116,3.8,3.8,3.78,3.78,621100
MCS,20071119,3.76,3.78,3.76,3.76,381600
MCS,20071120,3.76,3.8,3.72,3.78,1875100
MCS,20071121,3.74,3.78,3.72,3.72,402500
MCS,20071122,3.74,3.74,3.68,3.72,313500
MCS,20071123,3.72,3.72,3.68,3.72,350300
MCS,20071126,3.74,3.76,3.72,3.76,669900
MCS,20071127,3.72,3.76,3.7,3.76,103100
MCS,20071128,3.76,3.76,3.74,3.74,127400
MCS,20071129,3.74,3.76,3.7,3.7,841200
MCS,20071130,3.76,3.78,3.72,3.78,542400
MCS,20071203,3.78,3.78,3.76,3.76,351300
MCS,20071204,3.74,3.76,3.72,3.76,941700
MCS,20071206,3.74,3.82,3.74,3.8,1392000
MCS,20071207,3.8,3.82,3.76,3.82,540600
MCS,20071211,3.82,3.84,3.8,3.82,680000
MCS,20071212,3.8,3.82,3.78,3.82,120800
MCS,20071213,3.78,3.82,3.78,3.82,350400
MCS,20071214,3.8,3.82,3.8,3.82,129400
MCS,20071217,3.8,3.8,3.74,3.76,536100
MCS,20071218,3.74,3.78,3.74,3.76,82800
MCS,20071219,3.78,3.8,3.76,3.76,460600
MCS,20071220,3.76,3.76,3.74,3.76,294200
MCS,20071221,3.76,3.82,3.74,3.82,1080200
MCS,20071225,3.78,3.84,3.78,3.84,1283900
MCS,20071226,3.84,3.84,3.78,3.82,88000
MCS,20071227,3.8,3.82,3.8,3.82,58200
MCS,20071228,3.82,3.88,3.8,3.88,1434500
MCS,20080102,3.86,3.86,3.82,3.84,306700
MCS,20080103,3.8,3.8,3.78,3.8,511800
MCS,20080104,3.78,3.8,3.78,3.78,1171000
MCS,20080107,3.78,3.78,3.78,3.78,719800
MCS,20080108,3.78,3.8,3.76,3.76,504500
MCS,20080109,3.78,3.78,3.76,3.78,267200
MCS,20080110,3.78,3.78,3.72,3.74,756800
MCS,20080111,3.74,3.76,3.72,3.74,343100
MCS,20080114,3.74,3.76,3.72,3.74,695700
MCS,20080115,3.76,3.76,3.72,3.74,298200
MCS,20080116,3.72,3.72,3.68,3.7,1427300
MCS,20080117,3.7,3.72,3.7,3.72,374300
MCS,20080118,3.68,3.7,3.68,3.7,651900
MCS,20080121,3.72,3.74,3.68,3.68,504100
MCS,20080122,3.68,3.68,3.58,3.58,991400
MCS,20080123,3.6,3.6,3.56,3.56,632000
MCS,20080124,3.58,3.58,3.54,3.56,487000
MCS,20080125,3.58,3.64,3.58,3.64,99100
MCS,20080128,3.64,3.64,3.58,3.58,170300
MCS,20080129,3.6,3.6,3.58,3.6,103200
MCS,20080130,3.6,3.66,3.58,3.64,689000
MCS,20080131,3.66,3.66,3.64,3.64,411200
MCS,20080201,3.68,3.7,3.66,3.68,1088700
MCS,20080204,3.68,3.7,3.68,3.68,496100
MCS,20080205,3.68,3.72,3.68,3.68,305500
MCS,20080206,3.66,3.72,3.66,3.72,255000
MCS,20080207,3.68,3.7,3.68,3.7,135500
MCS,20080208,3.68,3.7,3.68,3.7,1365600
MCS,20080211,3.7,3.72,3.7,3.7,280000
MCS,20080212,3.8,3.84,3.78,3.8,2972900
MCS,20080213,3.82,3.84,3.8,3.84,2030600
MCS,20080214,3.84,3.86,3.82,3.82,1304300
MCS,20080215,3.8,3.82,3.78,3.82,1434800
MCS,20080218,3.84,3.86,3.8,3.8,1254600
MCS,20080219,3.82,3.86,3.82,3.86,1230500
MCS,20080220,3.86,3.86,3.82,3.84,931000
MCS,20080222,3.82,3.82,3.8,3.82,510000
MCS,20080225,3.84,3.84,3.82,3.84,1741000
MCS,20080226,3.84,3.84,3.78,3.8,1586300
MCS,20080227,3.8,3.8,3.78,3.78,965300
MCS,20080228,3.82,3.82,3.78,3.8,1673200
MCS,20080229,3.78,3.8,3.76,3.78,1492600
MCS,20080303,3.78,3.8,3.78,3.8,852300
MCS,20080304,3.82,3.82,3.78,3.78,858500
MCS,20080305,3.78,3.82,3.78,3.8,1968500
MCS,20080306,3.8,3.82,3.8,3.82,549100
MCS,20080307,3.8,3.82,3.8,3.8,151300
MCS,20080310,3.8,3.8,3.78,3.8,335900
MCS,20080311,3.78,3.8,3.76,3.78,1486900
MCS,20080312,3.78,3.8,3.76,3.78,755700
MCS,20080313,3.78,3.8,3.78,3.8,381700
MCS,20080314,3.78,3.82,3.78,3.8,587900
MCS,20080317,3.8,3.8,3.78,3.78,663400
MCS,20080318,3.78,3.82,3.78,3.8,289600
MCS,20080319,3.8,3.82,3.78,3.82,367300
MCS,20080320,3.82,3.84,3.8,3.82,1111800
MCS,20080321,3.84,3.84,3.8,3.8,364100
MCS,20080324,3.8,3.82,3.8,3.8,435100
MCS,20080325,3.8,3.82,3.8,3.82,388600
MCS,20080326,3.82,3.82,3.8,3.8,405100
MCS,20080327,3.82,3.84,3.8,3.8,880300
MCS,20080328,3.82,3.88,3.82,3.86,3532900
MCS,20080331,3.6,3.62,3.58,3.58,2714800
MCS,20080401,3.6,3.62,3.58,3.62,408700
MCS,20080402,3.6,3.62,3.6,3.6,959000
MCS,20080403,3.62,3.64,3.62,3.64,874500
MCS,20080404,3.64,3.66,3.62,3.64,881100
MCS,20080408,3.66,3.66,3.62,3.62,343300
MCS,20080409,3.64,3.68,3.62,3.64,1842600
MCS,20080410,3.66,3.66,3.64,3.64,345200
MCS,20080411,3.64,3.68,3.64,3.66,369100
MCS,20080416,3.66,3.66,3.66,3.66,495000
MCS,20080417,3.66,3.68,3.66,3.66,738700
MCS,20080418,3.68,3.72,3.68,3.68,1150700
MCS,20080421,3.72,3.72,3.66,3.68,2225900
MCS,20080422,3.68,3.7,3.66,3.66,2454500
MCS,20080423,3.68,3.7,3.66,3.68,1548100
MCS,20080424,3.68,3.7,3.66,3.68,717400
MCS,20080425,3.68,3.7,3.66,3.66,318100
MCS,20080428,3.68,3.68,3.66,3.66,706200
MCS,20080429,3.68,3.68,3.66,3.68,808100
MCS,20080430,3.68,3.68,3.66,3.66,1981300
MCS,20080502,3.68,3.68,3.66,3.68,889200
MCS,20080506,3.68,3.68,3.64,3.66,2299400
MCS,20080507,3.66,3.66,3.64,3.66,1388500
MCS,20080508,3.68,3.68,3.64,3.64,2505300
MCS,20080509,3.64,3.66,3.64,3.66,849500
MCS,20080512,3.72,3.72,3.66,3.7,8539100
MCS,20080513,3.7,3.8,3.68,3.74,13893900
MCS,20080514,3.8,3.88,3.76,3.76,11501800
MCS,20080515,3.86,3.86,3.78,3.8,5050000
MCS,20080516,3.84,3.84,3.76,3.78,2933100
MCS,20080520,3.78,3.78,3.72,3.72,2563000
MCS,20080521,3.74,3.8,3.74,3.78,5884800
MCS,20080522,3.76,3.78,3.72,3.72,2193300
MCS,20080523,3.76,3.78,3.68,3.7,5178000
MCS,20080526,3.7,3.7,3.62,3.64,3380300
MCS,20080527,3.64,3.66,3.64,3.64,2222000
MCS,20080528,3.64,3.64,3.58,3.64,3038000
MCS,20080529,3.64,3.64,3.6,3.62,1125800
MCS,20080530,3.62,3.68,3.6,3.68,2542600
MCS,20080602,3.66,3.66,3.6,3.6,1685800
MCS,20080603,3.6,3.62,3.58,3.6,1221800
MCS,20080604,3.6,3.62,3.6,3.6,1329400
MCS,20080605,3.62,3.62,3.58,3.6,535900
MCS,20080606,3.62,3.62,3.6,3.6,903500
MCS,20080609,3.6,3.6,3.56,3.58,1826800
MCS,20080610,3.58,3.6,3.54,3.54,1444600
MCS,20080611,3.54,3.56,3.54,3.54,988300
MCS,20080612,3.54,3.56,3.52,3.56,769600
MCS,20080613,3.56,3.56,3.52,3.54,1646800
MCS,20080616,3.52,3.56,3.52,3.52,414300
MCS,20080617,3.54,3.54,3.52,3.52,1034500
MCS,20080618,3.52,3.54,3.5,3.54,750700
MCS,20080619,3.52,3.54,3.4,3.5,4253800
MCS,20080620,3.5,3.5,3.44,3.48,1087200
MCS,20080623,3.48,3.5,3.46,3.5,72900
MCS,20080624,3.5,3.56,3.48,3.52,827500
MCS,20080625,3.54,3.54,3.52,3.54,473500
MCS,20080626,3.56,3.56,3.54,3.56,220400
MCS,20080627,3.54,3.54,3.52,3.52,254100
MCS,20080630,3.52,3.56,3.52,3.56,433000
MCS,20080702,3.54,3.56,3.52,3.56,228600
MCS,20080703,3.56,3.56,3.52,3.52,821200
MCS,20080704,3.52,3.52,3.52,3.52,1304100
MCS,20080707,3.5,3.52,3.48,3.52,497600
MCS,20080708,3.52,3.52,3.5,3.5,1046900
MCS,20080709,3.52,3.52,3.5,3.5,435500
MCS,20080710,3.5,3.5,3.5,3.5,366500
MCS,20080711,3.5,3.52,3.5,3.52,111200
MCS,20080714,3.5,3.52,3.48,3.5,502600
MCS,20080715,3.5,3.5,3.46,3.48,421400
MCS,20080716,3.46,3.48,3.46,3.46,310600
MCS,20080718,3.48,3.48,3.44,3.46,169000
MCS,20080721,3.46,3.5,3.44,3.5,289900
MCS,20080722,3.5,3.5,3.48,3.5,148300
MCS,20080723,3.48,3.52,3.48,3.52,147400
MCS,20080724,3.52,3.52,3.5,3.52,90800
MCS,20080725,3.5,3.52,3.48,3.5,89400
MCS,20080728,3.5,3.52,3.48,3.48,38600
MCS,20080729,3.52,3.52,3.5,3.5,41200
MCS,20080730,3.5,3.52,3.48,3.48,383600
MCS,20080731,3.48,3.52,3.48,3.52,60500
MCS,20080801,3.48,3.5,3.48,3.5,102900
MCS,20080804,3.5,3.5,3.48,3.5,304100
MCS,20080805,3.5,3.5,3.48,3.5,1026300
MCS,20080806,3.5,3.52,3.5,3.5,473000
MCS,20080807,3.52,3.54,3.52,3.54,337600
MCS,20080808,3.54,3.54,3.48,3.5,913700
MCS,20080811,3.52,3.54,3.5,3.5,395800
MCS,20080813,3.54,3.58,3.54,3.58,1132500
MCS,20080814,3.56,3.58,3.48,3.52,2096700
MCS,20080815,3.52,3.56,3.52,3.52,311100
MCS,20080818,3.52,3.54,3.52,3.52,252300
MCS,20080819,3.52,3.52,3.5,3.5,391800
MCS,20080820,3.5,3.52,3.48,3.52,61300
MCS,20080821,3.52,3.52,3.48,3.48,407200
MCS,20080822,3.48,3.5,3.48,3.48,198000
MCS,20080825,3.4,3.42,3.38,3.4,554400
MCS,20080826,3.38,3.38,3.24,3.24,1299000
MCS,20080827,3.26,3.32,3.24,3.32,745300
MCS,20080828,3.32,3.36,3.3,3.36,160100
MCS,20080829,3.32,3.38,3.32,3.38,87300
MCS,20080901,3.36,3.36,3.3,3.3,35000
MCS,20080902,3.28,3.3,3.22,3.24,987100
MCS,20080903,3.26,3.26,3.22,3.24,911000
MCS,20080904,3.2,3.22,3.18,3.22,612000
MCS,20080905,3.22,3.22,3.22,3.22,135700
MCS,20080908,3.24,3.24,3.22,3.24,353000
MCS,20080909,3.24,3.24,3.22,3.24,680300
MCS,20080910,3.22,3.24,3.2,3.24,1428900
MCS,20080911,3.22,3.22,3.2,3.2,485700
MCS,20080912,3.2,3.2,3.18,3.18,171100
MCS,20080915,3.18,3.18,3.12,3.12,675600
MCS,20080916,3.1,3.1,3.02,3.04,528500
MCS,20080917,3.06,3.06,3.04,3.04,334100
MCS,20080918,3,3,2.78,3,1174800
MCS,20080919,3.02,3.08,3.02,3.06,752400
MCS,20080922,3.04,3.06,3.02,3.06,536500
MCS,20080923,3.04,3.06,3.02,3.06,14600
MCS,20080924,3.04,3.04,3,3.04,148900
MCS,20080925,3.04,3.04,2.96,3,326300
MCS,20080926,2.98,3,2.98,3,119700
MCS,20080929,3,3,2.96,3,233900
MCS,20080930,2.8,3.06,2.8,3.06,576800
MCS,20081001,3,3,2.96,2.96,553700
MCS,20081002,2.98,2.98,2.98,2.98,155000
MCS,20081003,2.96,2.98,2.96,2.96,85700
MCS,20081006,2.94,2.94,2.76,2.76,790700
MCS,20081007,2.7,2.76,2.62,2.66,405600
MCS,20081008,2.62,2.62,2.46,2.5,1133800
MCS,20081009,2.42,2.6,2.42,2.6,126500
MCS,20081010,2.48,2.5,2.42,2.5,1105900
MCS,20081013,2.5,2.54,2.4,2.46,327800
MCS,20081014,2.5,2.54,2.5,2.5,5115100
MCS,20081015,2.52,2.52,2.42,2.42,539400
MCS,20081016,2.36,2.36,2.24,2.24,740500
MCS,20081017,2.28,2.3,2.22,2.26,1148800
MCS,20081020,2.26,2.44,2.26,2.36,82200
MCS,20081021,2.38,2.4,2.36,2.36,161200
MCS,20081022,2.36,2.36,2.24,2.24,170500
MCS,20081024,2.24,2.24,2.06,2.18,408500
MCS,20081027,2.2,2.2,2,2,660000
MCS,20081028,2.02,2.08,2,2.08,997000
MCS,20081029,2.08,2.08,1.99,2.04,995900
MCS,20081030,2,2.04,1.96,2.02,2709700
MCS,20081031,1.98,2.02,1.96,2,1207000
MCS,20081103,1.98,2.04,1.98,2,330200
MCS,20081104,2.04,2.04,2,2.02,1834700
MCS,20081105,2.06,2.08,2.02,2.02,1144200
MCS,20081106,2,2.02,1.99,2.02,1711400
MCS,20081107,2,2.04,2,2.04,490100
MCS,20081110,2.02,2.04,2,2,1475700
MCS,20081111,2,2.02,1.96,1.99,2249800
MCS,20081112,1.98,2.02,1.98,2.02,1028400
MCS,20081113,1.99,2.02,1.99,1.99,376500
MCS,20081114,2,2,1.97,1.97,487100
MCS,20081117,1.97,1.99,1.96,1.99,32000
MCS,20081118,1.96,1.99,1.96,1.99,2200
MCS,20081119,1.99,2,1.96,2,240700
MCS,20081120,1.96,1.96,1.89,1.94,305500
MCS,20081121,1.95,1.96,1.92,1.92,30000
MCS,20081124,1.9,1.95,1.86,1.89,91800
MCS,20081125,1.89,1.9,1.86,1.89,242700
MCS,20081126,1.86,1.86,1.68,1.75,2587500
MCS,20081127,1.73,1.75,1.68,1.68,929800
MCS,20081128,1.7,1.73,1.69,1.73,188800
MCS,20081201,1.73,1.73,1.67,1.67,371500
MCS,20081202,1.65,1.65,1.57,1.57,565800
MCS,20081203,1.59,1.6,1.58,1.58,376800
MCS,20081204,1.59,1.59,1.57,1.59,103900
MCS,20081208,1.6,1.69,1.6,1.69,293900
MCS,20081209,1.69,1.72,1.69,1.71,644300
MCS,20081211,1.72,1.73,1.71,1.73,195200
MCS,20081212,1.73,1.75,1.72,1.75,308200
MCS,20081215,1.75,1.77,1.73,1.77,678200
MCS,20081216,1.77,1.82,1.75,1.75,3374600
MCS,20081217,1.77,1.77,1.73,1.74,1944400
MCS,20081218,1.74,1.74,1.73,1.73,1230700
MCS,20081219,1.73,1.78,1.71,1.72,5361900
MCS,20081222,1.72,1.72,1.69,1.7,1442200
MCS,20081223,1.7,1.72,1.69,1.7,676100
MCS,20081224,1.7,1.71,1.67,1.69,1726600
MCS,20081225,1.71,1.71,1.69,1.69,287600
MCS,20081226,1.71,1.73,1.7,1.73,6665200
MCS,20081229,1.74,1.74,1.71,1.72,2510200
MCS,20081230,1.73,1.77,1.73,1.77,2673000
MCS,20090105,1.79,1.8,1.77,1.8,2116200
MCS,20090106,1.8,1.8,1.75,1.77,3299600
MCS,20090107,1.79,1.8,1.76,1.77,7488100
MCS,20090108,1.77,1.79,1.77,1.78,1609500
MCS,20090109,1.79,2.1,1.79,1.94,32728500
MCS,20090112,1.97,2.06,1.94,1.96,6997500
MCS,20090113,1.97,2.12,1.94,2.02,14989100
MCS,20090114,2.04,2.06,1.95,1.97,3677300
MCS,20090115,1.95,1.96,1.87,1.88,2927500
MCS,20090116,1.91,2,1.91,1.97,2677000
MCS,20090119,1.99,2.08,1.97,2.04,4935500
MCS,20090120,2,2.06,1.97,1.99,4195400
MCS,20090121,2,2.02,1.98,2,1627000
MCS,20090122,2.04,2.08,1.99,1.99,5260700
MCS,20090123,1.98,2,1.97,1.97,1391900
MCS,20090126,1.98,2.04,1.98,2.04,1407000
MCS,20090127,2.04,2.04,2,2,2236500
MCS,20090128,2,2.02,2,2,1175100
MCS,20090129,2.02,2.02,1.98,1.98,1258700
MCS,20090130,1.96,2.02,1.96,2.02,417700
MCS,20090202,2,2,1.97,1.97,395100
MCS,20090203,1.99,1.99,1.98,1.99,225600
MCS,20090204,2,2.02,1.99,2,425000
MCS,20090205,2,2.04,2,2,1017800
MCS,20090206,2,2.06,2,2.02,2664600
MCS,20090210,2.02,2.06,2.02,2.02,855100
MCS,20090211,2.02,2.06,2,2.04,735700
MCS,20090212,2.06,2.3,2.06,2.26,13541100
MCS,20090213,2.28,2.46,2.26,2.42,12682500
MCS,20090216,2.38,2.44,2.32,2.4,4226400
MCS,20090217,2.42,2.48,2.38,2.4,4331000
MCS,20090218,2.42,2.48,2.4,2.4,2764300
MCS,20090219,2.4,2.42,2.38,2.4,1138400
MCS,20090220,2.4,2.4,2.3,2.32,2438300
MCS,20090223,2.32,2.32,2.26,2.28,1339100
MCS,20090224,2.28,2.28,2.18,2.2,2522500
MCS,20090225,2.22,2.28,2.22,2.24,2274400
MCS,20090226,2.24,2.24,2.14,2.16,1548400
MCS,20090227,2.18,2.22,2.14,2.2,2140600
MCS,20090302,2.16,2.16,1.93,1.99,5162000
MCS,20090303,1.95,1.98,1.93,1.98,914300
MCS,20090304,1.98,2.04,1.98,2.04,897200
MCS,20090305,2.02,2.22,2.02,2.04,8160400
MCS,20090306,2.04,2.08,2,2.04,2338100
MCS,20090309,2.06,2.12,2.04,2.04,3672800
MCS,20090310,2.04,2.08,2.02,2.04,1943800
MCS,20090311,2.04,2.08,2.02,2.02,2103800
MCS,20090312,2.04,2.04,2.04,2.04,401400
MCS,20090313,2.06,2.1,2.06,2.1,2137200
MCS,20090316,2.1,2.1,2.06,2.1,1721000
MCS,20090317,2.12,2.12,2.08,2.08,3223100
MCS,20090318,1.88,1.9,1.88,1.89,3017100
MCS,20090319,1.89,1.91,1.87,1.89,954500
MCS,20090320,1.9,1.9,1.89,1.89,550300
MCS,20090323,1.89,1.91,1.89,1.9,483300
MCS,20090324,1.92,1.92,1.9,1.91,603100
MCS,20090325,1.91,1.91,1.89,1.89,321100
MCS,20090326,1.89,1.94,1.89,1.91,1057900
MCS,20090327,1.92,1.92,1.9,1.9,291700
MCS,20090330,1.89,1.89,1.87,1.88,567300
MCS,20090331,1.88,1.89,1.88,1.89,69500
MCS,20090401,1.88,1.89,1.88,1.89,93500
MCS,20090402,1.88,1.92,1.88,1.91,780000
MCS,20090403,1.91,1.92,1.91,1.91,158500
MCS,20090407,1.92,1.92,1.89,1.89,648300
MCS,20090408,1.89,1.91,1.89,1.91,304600
MCS,20090409,1.91,1.92,1.91,1.92,204400
MCS,20090410,1.92,1.94,1.92,1.94,363000
MCS,20090416,1.94,2.02,1.94,1.99,549700
MCS,20090417,2,2.04,1.99,2.04,1014700
MCS,20090420,2.06,2.1,2.06,2.1,2575600
MCS,20090421,2.1,2.18,2.08,2.18,2278300
MCS,20090422,2.24,2.36,2.24,2.3,4386100
MCS,20090423,2.3,2.3,2.24,2.3,1926600
MCS,20090424,2.3,2.32,2.28,2.32,1900100
MCS,20090427,2.34,2.36,2.28,2.32,1737400
MCS,20090428,2.32,2.38,2.28,2.28,2430400
MCS,20090429,2.3,2.36,2.3,2.34,2165500
MCS,20090430,2.38,2.42,2.38,2.42,3351600
MCS,20090504,2.42,2.44,2.4,2.42,3718100
MCS,20090506,2.42,2.44,2.38,2.4,4662400
MCS,20090507,2.42,2.42,2.38,2.4,2429800
MCS,20090511,2.52,2.6,2.38,2.5,19985700
MCS,20090512,2.6,2.74,2.58,2.72,14490200
MCS,20090513,2.76,2.84,2.76,2.82,8127200
MCS,20090514,2.76,2.8,2.62,2.66,10190300
MCS,20090515,2.74,2.74,2.66,2.7,3954000
MCS,20090518,2.68,2.82,2.66,2.8,2790600
MCS,20090519,2.84,3,2.82,2.94,7634300
MCS,20090520,2.96,3,2.9,2.92,4194100
MCS,20090521,2.9,2.96,2.82,2.82,3527000
MCS,20090522,2.82,2.86,2.76,2.86,2801000
MCS,20090525,2.86,2.9,2.8,2.86,1661700
MCS,20090526,2.9,2.9,2.8,2.8,1197500
MCS,20090527,2.84,2.88,2.82,2.86,1750600
MCS,20090528,2.84,2.86,2.82,2.82,663000
MCS,20090529,2.84,2.86,2.78,2.8,4045300
MCS,20090601,2.82,2.92,2.82,2.9,4833700
MCS,20090602,2.96,2.96,2.86,2.88,7689800
MCS,20090603,2.9,2.92,2.86,2.88,2988900
MCS,20090604,2.88,3.04,2.88,2.96,11212100
MCS,20090605,2.96,2.96,2.92,2.94,2928100
MCS,20090608,2.92,2.96,2.92,2.92,2202600
MCS,20090609,2.94,2.96,2.92,2.94,936000
MCS,20090610,2.94,3.08,2.94,3.02,6870100
MCS,20090611,2.98,3.04,2.96,2.96,4174200
MCS,20090612,3,3,2.94,2.96,2062600
MCS,20090615,2.96,2.98,2.88,2.88,3065800
MCS,20090616,2.84,2.84,2.74,2.78,6272700
MCS,20090617,2.74,2.84,2.72,2.78,1719600
MCS,20090618,2.78,2.78,2.72,2.76,1947500
MCS,20090619,2.74,2.82,2.74,2.82,1320600
MCS,20090622,2.84,2.84,2.8,2.82,529500
MCS,20090623,2.78,2.78,2.72,2.74,1424400
MCS,20090624,2.76,2.82,2.76,2.8,513600
MCS,20090625,2.82,2.86,2.8,2.82,1139400
MCS,20090626,2.84,2.84,2.82,2.82,792100
MCS,20090629,2.84,2.86,2.82,2.86,636000
MCS,20090630,2.9,2.92,2.86,2.92,2291300
MCS,20090702,2.94,2.94,2.86,2.86,824500
MCS,20090703,2.84,2.88,2.84,2.88,579900
MCS,20090708,2.88,2.88,2.8,2.86,1018200
MCS,20090709,2.86,2.92,2.84,2.92,776200
MCS,20090710,2.9,2.9,2.84,2.84,789500
MCS,20090713,2.82,2.88,2.82,2.88,468900
MCS,20090714,2.88,2.92,2.88,2.88,749000
MCS,20090715,2.88,2.92,2.88,2.9,1368000
MCS,20090716,2.92,2.96,2.9,2.9,883600
MCS,20090717,2.94,2.96,2.92,2.94,936400
MCS,20090720,2.96,3.06,2.96,3.06,2836800
MCS,20090721,3.06,3.16,3.06,3.1,3474500
MCS,20090722,3.12,3.14,3.08,3.1,2363000
MCS,20090723,3.14,3.16,3.12,3.12,1697400
MCS,20090724,3.14,3.16,3.12,3.14,1173500
MCS,20090727,3.16,3.3,3.16,3.18,4958300
MCS,20090728,3.2,3.3,3.2,3.28,5095800
MCS,20090729,3.3,3.32,3.26,3.3,2377900
MCS,20090730,3.28,3.3,3.24,3.3,2423600
MCS,20090731,3.34,3.4,3.34,3.36,2294300
MCS,20090803,3.4,3.44,3.38,3.44,2375700
MCS,20090804,3.44,3.46,3.38,3.4,3399800
MCS,20090805,3.4,3.44,3.34,3.38,1927700
MCS,20090806,3.38,3.4,3.34,3.38,1142600
MCS,20090807,3.4,3.44,3.38,3.44,929900
MCS,20090810,3.52,3.54,3.42,3.44,7323100
MCS,20090811,3.48,3.48,3.42,3.46,3335600
MCS,20090813,3.48,3.5,3.46,3.48,5504900
MCS,20090814,3.48,3.62,3.48,3.58,3922200
MCS,20090817,3.58,3.58,3.48,3.5,2216700
MCS,20090818,3.5,3.52,3.4,3.52,2382300
MCS,20090819,3.5,3.5,3.46,3.48,2096600
MCS,20090820,3.5,3.5,3.46,3.5,2755200
MCS,20090821,3.5,3.5,3.46,3.5,2607000
MCS,20090824,3.36,3.4,3.36,3.4,2289700
MCS,20090825,3.38,3.42,3.38,3.42,1124700
MCS,20090826,3.44,3.44,3.38,3.4,1591300
MCS,20090827,3.4,3.4,3.36,3.38,1182000
MCS,20090828,3.36,3.4,3.36,3.36,1034300
MCS,20090831,3.36,3.52,3.36,3.48,2662300
MCS,20090901,3.52,3.54,3.5,3.52,2321700
MCS,20090902,3.5,3.52,3.46,3.52,2955700
MCS,20090903,3.52,3.6,3.52,3.56,3192700
MCS,20090904,3.6,3.66,3.56,3.6,4997200
MCS,20090907,3.6,3.62,3.58,3.62,2949700
MCS,20090908,3.6,3.64,3.6,3.6,2280500
MCS,20090909,3.6,3.62,3.58,3.6,1578100
MCS,20090910,3.62,3.64,3.6,3.6,1066400
MCS,20090911,3.6,3.6,3.58,3.58,1564600
MCS,20090914,3.58,3.58,3.54,3.56,1435400
MCS,20090915,3.56,3.58,3.56,3.58,791300
MCS,20090916,3.58,3.6,3.58,3.58,931500
MCS,20090917,3.6,3.6,3.58,3.58,809400
MCS,20090918,3.58,3.58,3.56,3.58,2098500
MCS,20090921,3.58,3.6,3.58,3.6,861400
MCS,20090922,3.6,3.68,3.58,3.66,1627800
MCS,20090923,3.68,3.78,3.68,3.78,3190400
MCS,20090924,3.78,3.78,3.74,3.78,2281500
MCS,20090925,3.76,3.9,3.76,3.86,3437000
MCS,20090928,3.86,4.08,3.86,3.98,6966700
MCS,20090929,4.02,4.02,3.98,3.98,2111100
MCS,20090930,3.98,4,3.96,4,1072200
MCS,20091001,4,4.02,3.98,4,837600
MCS,20091002,3.96,4,3.94,3.98,703900
MCS,20091005,3.94,4,3.94,3.96,613500
MCS,20091006,3.98,3.98,3.96,3.98,1139400
MCS,20091007,3.98,4.02,3.98,3.98,922400
MCS,20091008,3.98,4,3.96,3.96,1138000
MCS,20091009,3.98,4.1,3.96,4,2372000
MCS,20091012,4,4.08,4,4.08,1036900
MCS,20091013,4.08,4.08,4,4,1643700
MCS,20091014,4,4.04,3.84,3.94,2558300
MCS,20091015,3.98,3.98,3.58,3.76,3844000
MCS,20091016,3.78,3.9,3.76,3.9,1770700
MCS,20091019,3.9,3.92,3.88,3.9,1016700
MCS,20091020,3.92,3.98,3.9,3.9,1433100
MCS,20091021,3.98,4.04,3.9,3.94,2238000
MCS,20091022,3.94,3.94,3.9,3.9,706500
MCS,20091026,3.94,3.94,3.9,3.9,374300
MCS,20091027,3.86,4,3.86,3.98,611900
MCS,20091028,3.98,3.98,3.94,3.94,454500
MCS,20091029,3.9,3.92,3.86,3.92,928800
MCS,20091030,3.92,3.94,3.88,3.94,864000
MCS,20091102,3.86,3.88,3.82,3.88,1115800
MCS,20091103,3.88,3.96,3.88,3.9,732200
MCS,20091104,3.9,3.92,3.9,3.92,240400
MCS,20091105,3.94,4.08,3.92,4.08,3347100
MCS,20091106,4.2,4.24,4.16,4.18,6487800
MCS,20091109,4.22,4.74,4.22,4.74,12757800
MCS,20091110,4.6,4.62,4.26,4.3,16836600
MCS,20091111,4.3,4.36,4.16,4.26,6419600
MCS,20091112,4.26,4.26,4.1,4.12,2696100
MCS,20091113,4.12,4.22,4.1,4.18,1790600
MCS,20091116,4.22,4.22,4.12,4.14,1120500
MCS,20091117,4.16,4.18,4.14,4.16,875500
MCS,20091118,4.16,4.22,4.12,4.18,1933300
MCS,20091119,4.16,4.16,4.14,4.14,198500
MCS,20091120,4.16,4.16,4.12,4.16,430400
MCS,20091123,4.16,4.16,4.1,4.14,722300
MCS,20091124,4.1,4.14,4.08,4.08,808600
MCS,20091125,4.12,4.2,4.1,4.18,1013100
MCS,20091126,4.22,4.24,4.16,4.16,1750200
MCS,20091127,4.14,4.14,4.04,4.08,2358100
MCS,20091130,4.08,4.12,4.04,4.12,673100
MCS,20091201,4.12,4.16,4.1,4.12,466700
MCS,20091202,4.12,4.16,4.08,4.1,2246200
MCS,20091203,4.1,4.16,4.1,4.14,1571600
MCS,20091204,4.16,4.16,4.14,4.14,345400
MCS,20091208,4.14,4.14,4.12,4.12,597600
MCS,20091209,4.14,4.16,4.1,4.14,1108000
MCS,20091211,4.16,4.2,4.16,4.2,991300
MCS,20091214,4.22,4.28,4.22,4.26,871000
MCS,20091215,4.26,4.28,4.24,4.26,468000
MCS,20091216,4.26,4.28,4.24,4.28,435500
MCS,20091217,4.28,4.3,4.26,4.26,526900
MCS,20091218,4.26,4.28,4.24,4.28,414400
MCS,20091221,4.3,4.34,4.26,4.3,603200
MCS,20091222,4.3,4.3,4.26,4.3,344400
MCS,20091223,4.3,4.32,4.28,4.32,610000
MCS,20091224,4.32,4.32,4.3,4.3,556500
MCS,20091225,4.3,4.3,4.28,4.3,289900
MCS,20091228,4.28,4.3,4.28,4.28,357200
MCS,20091229,4.3,4.32,4.28,4.32,436800
MCS,20091230,4.3,4.32,4.3,4.3,468500
MCS,20100104,4.32,4.32,4.28,4.28,250700
MCS,20100105,4.28,4.3,4.28,4.3,543900
MCS,20100106,4.28,4.3,4.26,4.26,602800
MCS,20100107,4.28,4.28,4.26,4.26,305900
MCS,20100108,4.26,4.3,4.26,4.28,590200
MCS,20100111,4.3,4.48,4.3,4.38,1942900
MCS,20100112,4.48,4.56,4.38,4.46,4101200
MCS,20100113,4.5,4.52,4.48,4.5,1201300
MCS,20100114,4.5,4.52,4.48,4.48,476200
MCS,20100115,4.5,4.5,4.44,4.44,307100
MCS,20100118,4.44,4.44,4.42,4.42,200700
MCS,20100119,4.42,4.42,4.36,4.4,971700
MCS,20100120,4.4,4.4,4.3,4.36,1275100
MCS,20100121,4.36,4.46,4.36,4.36,670800
MCS,20100122,4.34,4.36,4.32,4.36,478200
MCS,20100125,4.34,4.34,4.32,4.32,318500
MCS,20100126,4.36,4.36,4.32,4.32,424800
MCS,20100127,4.32,4.32,4.28,4.28,837100
MCS,20100128,4.28,4.3,4.22,4.22,839100
MCS,20100129,4.22,4.28,4.22,4.28,351200
MCS,20100201,4.28,4.3,4.26,4.3,527500
MCS,20100202,4.3,4.34,4.3,4.32,171600
MCS,20100203,4.32,4.36,4.3,4.34,494800
MCS,20100204,4.34,4.4,4.34,4.38,368100
MCS,20100205,4.34,4.36,4.34,4.34,659800
MCS,20100208,4.32,4.36,4.32,4.34,252100
MCS,20100209,4.36,4.62,4.36,4.42,7096500
MCS,20100210,4.42,4.46,4.4,4.4,820400
MCS,20100211,4.42,4.46,4.4,4.44,455500
MCS,20100212,4.46,4.48,4.44,4.46,220100
MCS,20100215,4.46,4.46,4.42,4.42,192300
MCS,20100216,4.46,4.46,4.42,4.42,285700
MCS,20100217,4.44,4.48,4.42,4.48,291500
MCS,20100218,4.46,4.62,4.46,4.5,2390300
MCS,20100219,4.52,4.54,4.48,4.54,443600
MCS,20100222,4.54,4.58,4.54,4.58,282800
MCS,20100223,4.58,4.58,4.56,4.58,777000
MCS,20100224,4.58,4.58,4.56,4.58,499400
MCS,20100225,4.6,4.6,4.56,4.58,1237900
MCS,20100226,4.58,4.6,4.56,4.6,1345200
MCS,20100302,4.74,4.86,4.72,4.8,2859300
MCS,20100303,4.8,4.82,4.78,4.8,781900
MCS,20100304,4.8,4.84,4.78,4.82,868100
MCS,20100305,4.82,4.9,4.82,4.86,1130700
MCS,20100308,4.94,4.98,4.9,4.9,2435900
MCS,20100309,4.9,4.94,4.86,4.9,1125600
MCS,20100310,4.88,4.92,4.84,4.9,2886400
MCS,20100311,4.92,4.94,4.9,4.92,4654000
MCS,20100312,4.92,4.94,4.9,4.94,1529300
MCS,20100315,4.92,5.1,4.9,5.1,2978400
MCS,20100316,5.1,5.3,5.1,5.25,4679200
MCS,20100317,5.3,5.35,5.25,5.35,2973000
MCS,20100318,5.4,5.4,5.3,5.3,2474400
MCS,20100319,5.35,5.4,5.35,5.4,1329800
MCS,20100322,5.4,5.6,5.35,5.6,3895500
MCS,20100323,5.6,5.7,5.55,5.65,2085000
MCS,20100324,5.65,6,5.65,5.9,5299000
MCS,20100325,6,6,5.85,5.85,3387000
MCS,20100326,5.9,5.9,5.8,5.85,2495900
MCS,20100329,5.85,5.9,5.8,5.85,3382800
MCS,20100330,5.3,5.4,5.25,5.4,2970200
MCS,20100331,5.35,5.5,5.35,5.5,3117400
MCS,20100401,5.5,5.55,5.45,5.45,2117300
MCS,20100402,5.5,5.5,5.35,5.35,1002500
MCS,20100405,5.35,5.35,5.2,5.3,1450100
MCS,20100407,5.25,5.25,5.15,5.2,1408500
MCS,20100408,5.15,5.15,5,5.15,1514600
MCS,20100409,5.05,5.25,5.05,5.25,520500
MCS,20100412,5.05,5.25,5,5.2,2520100
MCS,20100416,5.05,5.25,5.05,5.2,779600
MCS,20100419,5.1,5.15,5,5.05,1749900
MCS,20100420,5.15,5.25,5.1,5.25,1720900
MCS,20100421,5.2,5.25,5.15,5.15,1072800
MCS,20100422,5.15,5.35,5.15,5.25,1773800
MCS,20100423,5.1,5.25,5.1,5.25,1106100
MCS,20100426,5.25,5.4,5.25,5.4,1062900
MCS,20100427,5.4,5.4,5.35,5.35,471900
MCS,20100428,5.3,5.35,5.3,5.35,325800
MCS,20100429,5.35,5.4,5.35,5.4,377500
MCS,20100430,5.4,5.8,5.4,5.65,4115100
MCS,20100504,5.8,5.8,5.6,5.65,1469500
MCS,20100506,5.65,5.65,5.55,5.6,995200
MCS,20100507,5.9,6.4,5.9,6,16402500
MCS,20100510,6.1,6.3,6,6.15,7724900
MCS,20100511,6.2,6.25,6,6.1,4779700
MCS,20100512,6.1,6.25,6.05,6.1,2914100
MCS,20100513,6.1,6.15,6,6.05,4895500
MCS,20100514,6,6.15,5.95,6.1,2437700
MCS,20100517,5.95,6.1,5.95,6.05,1391200
MCS,20100518,6.05,6.1,6,6.05,1870700
MCS,20100519,6.05,6.1,6,6.1,2221300
MCS,20100524,6.1,6.15,6.05,6.15,1863800
MCS,20100525,6.1,6.1,5.95,6,2773800
MCS,20100526,6,6.05,5.95,6.05,744300
MCS,20100527,6,6.45,6,6.25,11512600
MCS,20100531,6.2,6.7,6.15,6.6,23235900
MCS,20100601,6.6,6.6,6.3,6.35,7435100
MCS,20100602,6.45,7,6.35,7,8369700
MCS,20100603,6.95,7.05,6.75,6.8,9784000
MCS,20100604,6.8,7.2,6.8,7.05,16419900
MCS,20100607,6.95,7.1,6.9,7.05,4617100
MCS,20100608,7.05,7.15,6.9,6.95,4590800
MCS,20100609,6.95,7.15,6.95,7.15,4480800
MCS,20100610,7.2,7.25,7.05,7.1,2792200
MCS,20100611,7.2,7.25,7,7.05,3408600
MCS,20100614,7.1,7.2,7.05,7.2,2958900
MCS,20100615,7.15,7.3,7.1,7.25,3609000
MCS,20100616,7.3,7.4,7.25,7.35,2503600
MCS,20100617,7.35,7.55,7.35,7.4,5310900
MCS,20100618,7.45,7.5,7.4,7.45,2888400
MCS,20100621,7.5,7.95,7.5,7.8,7592100
MCS,20100622,7.9,8,7.75,7.85,3788700
MCS,20100623,7.85,7.85,7.6,7.65,3438100
MCS,20100624,7.75,7.8,7.4,7.6,3564200
MCS,20100625,7.65,7.7,7.55,7.7,1921800
MCS,20100628,7.65,7.8,7.65,7.7,1669800
MCS,20100629,7.7,7.85,7.7,7.8,1733700
MCS,20100630,7.75,7.85,7.7,7.7,1887900
MCS,20100702,7.7,7.9,7.65,7.75,3550800
MCS,20100705,7.7,7.85,7.7,7.75,1815600
MCS,20100706,7.8,7.8,7.65,7.7,2485800
MCS,20100707,7.75,7.85,7.65,7.65,1944500
MCS,20100708,7.8,7.8,7.6,7.65,3174500
MCS,20100709,7.7,7.75,7.6,7.65,2829600
MCS,20100712,7.65,7.7,7.6,7.6,1334500
MCS,20100713,7.65,7.65,7.45,7.5,3193300
MCS,20100714,7.6,7.65,7.55,7.6,2391900
MCS,20100715,7.6,8.05,7.6,8.05,7445800
MCS,20100716,8.25,8.5,8.25,8.4,5081900
MCS,20100719,8.45,8.9,8.45,8.8,5079400
MCS,20100720,8.95,9,8.5,8.5,3474600
MCS,20100721,8.5,8.7,8.25,8.45,2821500
MCS,20100722,8.45,8.6,8.45,8.5,1785800
MCS,20100723,8.65,8.7,8.45,8.5,1911100
MCS,20100727,8.5,8.7,8.5,8.55,1253700
MCS,20100728,8.65,8.7,8.55,8.65,1958800
MCS,20100729,8.7,9,8.7,8.95,3837100
MCS,20100730,9.05,9.7,9,9.45,11062100
MCS,20100802,9.5,9.85,9.5,9.85,6519000
MCS,20100803,9.85,9.85,9.7,9.75,2047600
MCS,20100804,9.6,9.7,9.6,9.65,4786700
MCS,20100805,9.7,9.7,9.35,9.45,4706900
MCS,20100806,9.45,9.65,9.35,9.65,7226200
MCS,20100809,9.75,9.75,9.45,9.45,5651800
MCS,20100810,9.45,9.5,9.35,9.35,2605200
MCS,20100811,9.35,9.45,9.35,9.4,2623300
MCS,20100816,9.3,9.45,9.2,9.3,4406300
MCS,20100817,9.3,9.3,9.05,9.1,3277100
MCS,20100818,9.05,9.1,8.85,9.05,4469200
MCS,20100819,9.1,9.2,9,9.15,3841200
MCS,20100820,8.85,9,8.85,8.95,1798000
MCS,20100823,9,9.05,8.95,8.95,1158400
MCS,20100824,8.95,9.05,8.85,8.95,725500
MCS,20100825,8.95,8.95,8.75,8.75,4133600
MCS,20100826,8.75,8.95,8.75,8.85,1299000
MCS,20100827,8.8,8.9,8.75,8.85,1766500
MCS,20100830,8.85,8.95,8.85,8.95,2084200
MCS,20100831,8.95,9,8.85,8.85,1314500
MCS,20100901,8.8,8.9,8.75,8.8,1335900
MCS,20100902,8.85,8.9,8.75,8.8,1056100
MCS,20100903,8.8,8.9,8.8,8.8,1473700
MCS,20100906,8.85,8.85,8.7,8.75,2457800
MCS,20100907,8.7,8.7,8.2,8.25,6525100
MCS,20100908,8.25,8.35,8.15,8.35,1647700
MCS,20100909,8.45,8.55,8.35,8.5,1302400
MCS,20100910,8.6,8.65,8.5,8.55,957800
MCS,20100913,8.6,8.6,8.4,8.5,1613800
MCS,20100914,8.5,8.5,8.35,8.4,1308800
MCS,20100915,8.35,8.4,8.25,8.35,1034600
MCS,20100916,8.35,8.45,8.3,8.45,1745800
MCS,20100917,8.45,8.5,8.4,8.45,1161200
MCS,20100920,8.5,8.55,8.45,8.45,458400
MCS,20100921,8.5,8.55,8.5,8.5,357100
MCS,20100922,8.55,8.85,8.55,8.75,3583000
MCS,20100923,8.85,9.15,8.8,9.05,5504400
MCS,20100924,9.05,9.05,8.95,8.95,1275400
MCS,20100927,8.95,9,8.95,8.95,648000
MCS,20100928,8.95,8.95,8.75,8.8,1200400
MCS,20100929,8.8,8.95,8.8,8.95,583400
MCS,20100930,8.95,8.95,8.85,8.85,343500
MCS,20101001,8.9,8.9,8.85,8.85,471200
MCS,20101004,8.85,8.85,8.65,8.7,1241500
MCS,20101005,8.7,8.8,8.65,8.7,759800
MCS,20101006,8.7,8.8,8.7,8.75,237400
MCS,20101007,8.8,9.05,8.75,8.8,1526800
MCS,20101008,8.9,8.9,8.8,8.8,740800
MCS,20101011,8.8,8.85,8.8,8.85,122100
MCS,20101012,8.8,8.9,8.8,8.9,231400
MCS,20101013,8.9,8.95,8.85,8.85,756200
MCS,20101014,8.85,9.25,8.8,9.2,5983400
MCS,20101015,9.25,9.55,9.25,9.25,6135300
MCS,20101018,9.25,9.25,8.95,9,2001100
MCS,20101019,9,9,8.8,8.85,1655600
MCS,20101020,8.9,9.15,8.85,8.9,2478200
MCS,20101021,9,9.05,8.95,8.95,743500
MCS,20101022,9,9,8.9,8.9,611800
MCS,20101026,8.95,9.55,8.85,9.15,4594200
MCS,20101027,9.25,9.35,9.15,9.2,1699100
MCS,20101028,9.15,9.25,9.05,9.05,959700
MCS,20101029,9.05,9.1,9,9.05,659600
MCS,20101101,9.1,9.1,9,9,850300
MCS,20101102,9,9.2,9,9,2839800
MCS,20101103,9.05,9.05,8.9,8.9,2045300
MCS,20101104,8.95,9,8.85,8.95,1095500
MCS,20101105,8.95,9,8.85,8.9,1180000
MCS,20101108,8.9,8.9,8.8,8.85,961100
MCS,20101109,8.9,9.1,8.85,8.95,659400
MCS,20101110,8.95,9,8.85,8.9,685500
MCS,20101111,8.9,9.05,8.9,9,1354100
MCS,20101112,8.95,9,8.7,8.9,1785300
MCS,20101115,8.55,8.55,8.3,8.4,4970400
MCS,20101116,8.45,8.7,8.4,8.5,3643300
MCS,20101117,8.65,8.7,8.5,8.7,2254300
MCS,20101118,8.7,8.75,8.65,8.7,1622700
MCS,20101119,8.7,8.85,8.7,8.75,1387000
MCS,20101122,8.85,9.25,8.85,9.1,5839200
MCS,20101123,9.1,9.1,9,9.05,2493500
MCS,20101124,9.05,9.15,9,9.1,1290000
MCS,20101125,9.15,9.2,9.05,9.05,1746800
MCS,20101126,9.15,9.2,9,9,2381000
MCS,20101129,8.9,9.05,8.9,9,940700
MCS,20101130,9,9.05,9,9.05,989400
MCS,20101201,9.05,9.4,9,9.15,5817000
MCS,20101202,9.2,9.25,9.1,9.1,1412800
MCS,20101203,9.1,9.2,9.1,9.15,1826800
MCS,20101207,9.2,9.45,9.2,9.45,1948700
MCS,20101208,9.45,9.65,9.45,9.65,4257600
MCS,20101209,9.7,10.4,9.7,10.4,13896400
MCS,20101213,10.2,10.4,10,10.1,4803400
MCS,20101214,10.1,10.3,9.85,10.1,1806000
MCS,20101215,10.1,10.8,10,10.6,15686800
MCS,20101216,10.5,10.6,10.3,10.3,3904200
MCS,20101217,10.4,10.8,10.4,10.5,5802300
MCS,20101220,10.5,10.5,9.9,9.95,4866800
MCS,20101221,10,10,9.5,9.55,3592700
MCS,20101222,9.65,9.75,9.45,9.75,1960300
MCS,20101223,9.75,9.8,9.6,9.65,684800
MCS,20101224,9.7,10.1,9.7,9.75,2135700
MCS,20101227,9.8,9.9,9.75,9.8,409300
MCS,20101228,9.8,10.1,9.8,10,1754100
MCS,20101229,10.1,10.1,9.9,9.95,325500
MCS,20101230,9.9,9.95,9.85,9.85,642300
MCS,20110104,9.95,9.95,9.75,9.95,1248000
MCS,20110105,9.85,10.1,9.85,9.9,1475400
MCS,20110106,9.9,10,9.85,9.85,786800
MCS,20110107,9.85,10.1,9.8,9.85,2795700
MCS,20110110,9.9,9.9,9.5,9.7,1976200
MCS,20110111,9.65,9.8,9.6,9.65,1147200
MCS,20110112,9.75,9.8,9.6,9.7,952500
MCS,20110113,9.8,9.9,9.75,9.8,653200
MCS,20110114,9.8,10.2,9.8,10,4284200
MCS,20110117,10.1,10.7,10.1,10.5,11004000
MCS,20110118,10.5,11.3,10.5,11.3,25421600
MCS,20110119,11.4,11.4,10.9,10.9,12492100
MCS,20110120,10.9,11.6,10.7,11.5,11524400
MCS,20110121,11.4,11.7,11.1,11.1,10757900
MCS,20110124,11.2,11.2,9.75,9.9,16464700
MCS,20110125,10.1,10.2,9.8,10.1,7825600
MCS,20110126,10.2,10.7,10.1,10.6,8026900
MCS,20110127,10.6,10.6,10.4,10.6,2939300
MCS,20110128,10.5,10.7,10.4,10.5,4162000
MCS,20110131,10.3,10.5,10.1,10.1,3152100
MCS,20110201,10.2,10.4,9.95,10,3526300
MCS,20110202,10.2,10.2,10,10,981100
MCS,20110203,10.1,10.6,10.1,10.5,1889800
MCS,20110204,10.6,10.7,10.1,10.2,3715600
MCS,20110207,10.1,10.3,10.1,10.2,1850200
MCS,20110208,10.3,10.6,10.3,10.5,5409400
MCS,20110209,10.5,11.2,10.5,11.1,16595700
MCS,20110210,11,11.1,10.8,10.8,7288100
MCS,20110211,10.8,11,10.6,10.8,4653800
MCS,20110214,11.1,11.2,10.8,10.9,7786600
MCS,20110215,10.9,10.9,10.6,10.6,3822800
MCS,20110216,10.6,10.9,10.6,10.9,2424300
MCS,20110217,10.7,10.9,10.7,10.9,1507800
MCS,20110221,10.9,11.1,10.7,10.9,4103700
MCS,20110222,10.8,10.9,10.7,10.8,3031600
MCS,20110223,10.8,10.9,10.7,10.8,1604300
MCS,20110224,10.8,10.8,10.7,10.7,2990400
MCS,20110225,10.3,10.3,10.1,10.1,2648600
MCS,20110228,10.1,10.2,9.85,9.85,4053300
MCS,20110301,9.9,9.95,9.85,9.9,857200
MCS,20110302,9.9,10,9.85,9.85,1597500
MCS,20110303,9.9,10.1,9.85,9.9,2560500
MCS,20110304,10,10,9.9,10,357100
MCS,20110307,10,10.2,10,10.2,1934900
MCS,20110308,10.2,10.4,10.2,10.3,1474300
MCS,20110309,10.4,10.7,10.4,10.6,3458700
MCS,20110310,10.6,10.9,10.6,10.8,4242300
MCS,20110311,10.8,12.2,10.5,11.5,23625800
MCS,20110314,12.4,12.6,11.5,11.7,28291400
MCS,20110315,11.4,11.6,11,11.2,11373900
MCS,20110316,11.4,11.6,11.1,11.1,15958600
MCS,20110317,11,11.1,10.7,11,10607200
MCS,20110318,11.1,11.2,10.9,10.9,5044100
MCS,20110321,10.9,10.9,10.5,10.7,7211000
MCS,20110322,10.8,10.8,10.5,10.7,6332000
MCS,20110323,10.7,11.6,10.7,11.6,14950200
MCS,20110324,11.7,11.7,11.4,11.4,7892400
MCS,20110325,11.5,11.7,11.3,11.4,4564300
MCS,20110328,11.4,11.5,11.3,11.4,2082300
MCS,20110329,11.8,12.2,11.8,11.8,16948600
MCS,20110330,11.9,12,11.8,11.8,2864200
MCS,20110331,12,12,11.8,11.8,6294300
MCS,20110401,12,12.2,11.9,12.1,12031700
MCS,20110404,12.4,12.8,12.2,12.2,21304300
MCS,20110405,12.3,12.4,12.1,12.2,4656000
MCS,20110407,12.2,12.2,11.9,12,3533300
MCS,20110408,12.1,12.1,11.9,11.9,1775900
MCS,20110411,12,12,11.8,11.9,1977500
MCS,20110412,11.8,11.9,11.7,11.9,1002600
MCS,20110418,11.9,11.9,11.5,11.6,3364800
MCS,20110419,11.6,11.6,11.3,11.4,3652300
MCS,20110420,11.5,12,11.5,11.9,6748800
MCS,20110421,11.9,12.1,11.7,11.7,5582300
MCS,20110422,11.7,11.8,11.6,11.7,1260600
MCS,20110425,11.8,11.8,11.7,11.8,994000
MCS,20110426,11.8,11.9,11.7,11.8,2366600
MCS,20110427,11.8,12.2,11.8,12.2,10946500
MCS,20110428,12.4,12.7,12.3,12.4,13011400
MCS,20110429,12.3,12.4,12.2,12.3,4345200
MCS,20110503,12.2,12.2,11.7,11.9,3901200
MCS,20110504,11.9,11.9,11.8,11.8,1278800
MCS,20110506,11.7,11.8,11.5,11.5,2548400
MCS,20110509,11.6,11.8,11.5,11.7,2408300
MCS,20110510,11.7,12,11.6,11.9,7431300
MCS,20110511,12.2,12.2,12,12,4603500
MCS,20110512,12,12,11.8,11.9,966800
MCS,20110513,11.9,12.1,11.8,11.9,2082700
MCS,20110518,11.7,11.8,11.4,11.7,4202300
MCS,20110519,11.7,11.8,11.6,11.7,2481800
MCS,20110520,11.8,11.8,11.5,11.6,2804000
MCS,20110523,11.5,11.6,11.1,11.2,4739200
MCS,20110524,11.2,11.4,11.1,11.2,2710300
MCS,20110525,11.3,11.4,11.1,11.2,3096900
MCS,20110526,11.2,11.3,11.1,11.3,1724700
MCS,20110527,11.3,11.3,10.8,11.2,7046000
MCS,20110530,11.2,11.2,11,11.1,1059400
MCS,20110531,11.1,11.2,10.9,11,3740300
MCS,20110601,11.1,11.2,10.9,10.9,2644900
MCS,20110602,10.9,11.5,10.9,11.5,2943000
MCS,20110603,11.5,11.6,11.3,11.3,2463800
MCS,20110606,11.4,11.4,11.2,11.2,1203200
MCS,20110607,11.2,11.3,10.9,10.9,2528300
MCS,20110608,10.9,11,10.4,10.6,6540100
MCS,20110609,10.5,10.6,10.1,10.4,4752300
MCS,20110610,10.5,10.7,10.3,10.6,2496600
MCS,20110613,10.6,10.6,10.3,10.4,1623800
MCS,20110614,10.4,10.9,10.4,10.8,3857000
MCS,20110615,10.9,10.9,10.7,10.8,2978200
MCS,20110616,10.7,11.1,10.7,10.9,5842800
MCS,20110617,11,11,10.7,10.8,2043100
MCS,20110620,10.9,10.9,10.5,10.6,1994800
MCS,20110621,10.6,10.8,10.4,10.7,3862600
MCS,20110622,10.8,10.8,10.5,10.5,2619000
MCS,20110623,10.7,10.7,10.5,10.5,1654900
MCS,20110624,10.5,10.7,10.5,10.6,2258400
MCS,20110627,10.6,10.6,10.3,10.3,3727100
MCS,20110628,10.4,10.5,10.3,10.3,2507700
MCS,20110629,10.4,10.5,10.4,10.5,1528900
MCS,20110630,10.6,10.7,10.5,10.6,1540000
MCS,20110704,10.8,10.9,10.7,10.8,2689700
MCS,20110705,11,11.2,10.8,11.1,3972300
MCS,20110706,11.2,11.7,11.2,11.4,9364500
MCS,20110707,11.5,11.6,11.4,11.4,3545700
MCS,20110708,11.4,11.4,11.2,11.4,1522300
MCS,20110711,11.4,11.4,11.2,11.2,1492300
MCS,20110712,11.1,11.2,10.9,11,2439700
MCS,20110713,11.1,11.3,11.1,11.2,2148600
MCS,20110714,11.2,11.3,11.1,11.3,1108500
MCS,20110718,11.3,11.3,11.2,11.2,792000
MCS,20110719,11.2,11.4,11.2,11.3,714100
MCS,20110720,11.5,11.6,11.3,11.4,1399700
MCS,20110721,11.4,11.5,11.4,11.4,874600
MCS,20110722,11.6,11.6,11.3,11.4,1737100
MCS,20110725,11.4,11.7,11.4,11.6,2451100
MCS,20110726,11.7,11.8,11.5,11.5,2092500
MCS,20110727,11.5,11.6,11.5,11.6,1461100
MCS,20110728,11.6,11.7,11.5,11.5,1226700
MCS,20110729,11.6,11.6,11.2,11.3,2491900
MCS,20110801,11.4,11.6,11.3,11.4,3182900
MCS,20110802,11.4,11.5,11.3,11.3,2082400
MCS,20110803,11.2,11.8,11.1,11.6,4885600
MCS,20110804,11.6,11.6,11.4,11.4,2311500
MCS,20110805,11,11.2,10.9,11.2,5677400
MCS,20110808,10.9,11,10.7,10.8,4535600
MCS,20110809,10.3,10.8,10.2,10.4,4857100
MCS,20110810,10.7,10.8,10.5,10.7,1849700
MCS,20110811,10.7,10.8,10.6,10.8,1070000
MCS,20110815,10.9,11.1,10.9,11.1,1380000
MCS,20110816,11.1,11.1,10.9,11,1693800
MCS,20110817,10.8,10.9,10.7,10.9,1919600
MCS,20110818,10.9,10.9,10.7,10.7,795700
MCS,20110819,10.5,10.7,10.5,10.6,1233300
MCS,20110822,10.5,10.6,10.5,10.6,695400
MCS,20110823,10.6,10.8,10.6,10.6,517300
MCS,20110824,10.6,10.7,10.4,10.4,986400
MCS,20110825,10.5,10.6,10.2,10.2,1676400
MCS,20110826,10.2,10.2,10,10.2,3263800
MCS,20110829,10.3,10.5,10.3,10.5,587800
MCS,20110830,10.5,10.7,10.3,10.3,1605800
MCS,20110831,10.5,10.5,10.3,10.4,1504200
MCS,20110901,10.5,10.5,10.2,10.3,1785100
MCS,20110902,10.3,10.4,10.1,10.3,2371500
MCS,20110905,10.3,10.4,10.2,10.3,4284700
MCS,20110906,10.2,10.4,10.1,10.3,3719900
MCS,20110907,10.3,10.3,10.2,10.3,668400
MCS,20110908,10.3,10.5,10.2,10.5,2269200
MCS,20110909,10.5,10.5,10.3,10.4,1179100
MCS,20110912,10.2,10.3,10.1,10.2,1412900
MCS,20110913,10.2,10.3,10,10.1,1922500
MCS,20110914,10.1,10.1,9.9,9.95,2446900
MCS,20110915,10,10.2,9.95,10.1,1611100
MCS,20110916,10.1,10.1,9.95,9.95,928600
MCS,20110919,9.95,10.1,9.95,10,731700
MCS,20110920,9.9,10.3,9.9,10,4526500
MCS,20110921,10,10.5,10,10.5,3649200
MCS,20110922,10.3,10.3,9.95,9.95,2852700
MCS,20110923,9.45,9.55,9.25,9.45,3673100
MCS,20110926,9,9.25,8,8.3,5085800
MCS,20110927,8.65,8.65,8.3,8.6,1872900
MCS,20110928,8.6,8.65,8.5,8.55,1153200
MCS,20110929,8.5,8.55,8.35,8.5,723800
MCS,20110930,8.55,8.55,8.35,8.5,885000
MCS,20111003,8.3,8.3,7.9,8,1650500
MCS,20111004,7.9,8,7.4,7.6,2987000
MCS,20111005,7.6,7.7,7.45,7.65,1608900
MCS,20111006,7.65,8.1,7.65,8.05,2731100
MCS,20111007,8.15,8.35,8.15,8.2,2347700
MCS,20111010,7.8,8.15,7.6,8.15,1152500
MCS,20111011,8.3,8.5,8.2,8.3,868500
MCS,20111012,8.3,8.35,8.2,8.25,716900
MCS,20111013,8.25,8.4,8.05,8.05,3689400
MCS,20111014,7.95,8.2,7.95,8.2,335500
MCS,20111017,8.2,8.35,8.2,8.35,945500
MCS,20111018,8.05,8.2,8.05,8.15,546100
MCS,20111019,8.2,8.2,8,8.1,503300
MCS,20111020,7.95,8.2,7.85,8.2,1889600
MCS,20111021,8,8,7.85,8,639400
MCS,20111025,8,8,7.85,7.95,555100
MCS,20111026,7.95,7.95,7.9,7.95,313600
MCS,20111027,7.95,8.15,7.95,8.15,608700
MCS,20111028,8.2,8.25,8.15,8.2,1226000
MCS,20111031,8.2,8.25,8.1,8.1,504300
MCS,20111101,8.1,8.6,8.1,8.35,3041400
MCS,20111102,8.45,9,8.35,9,5576000
MCS,20111103,8.9,9.2,8.65,8.75,4002600
MCS,20111104,8.9,8.95,8.75,8.75,1750000
MCS,20111107,9,9,8.7,8.75,2327700
MCS,20111108,8.9,8.95,8.85,8.9,2077100
MCS,20111109,9,9,8.85,8.85,1573100
MCS,20111110,8.65,8.75,8.65,8.75,902500
MCS,20111111,8.8,8.8,8.7,8.75,879000
MCS,20111114,8.8,8.9,8.7,8.75,1830400
MCS,20111115,8.8,8.9,8.75,8.8,3689700
MCS,20111116,8.8,8.85,8.75,8.8,2311600
MCS,20111117,8.8,9.25,8.8,9.05,10486400
MCS,20111118,9,9.05,8.85,8.9,2571400
MCS,20111121,8.9,8.95,8.75,8.75,2138700
MCS,20111122,8.7,8.75,8.65,8.7,1920100
MCS,20111123,8.7,8.8,8.7,8.75,1657100
MCS,20111124,8.75,8.8,8.7,8.75,897700
MCS,20111125,8.75,8.85,8.65,8.75,2032300
MCS,20111128,8.75,8.8,8.75,8.75,1503800
MCS,20111129,8.75,8.95,8.75,8.8,4010400
MCS,20111130,8.8,9.05,8.8,9.05,7409900
MCS,20111201,9.05,9.25,9,9.1,8196400
MCS,20111202,9.05,9.1,8.95,9,6073000
MCS,20111206,9,9.1,8.95,9.1,5284900
MCS,20111207,9.15,9.35,9.15,9.3,12731700
MCS,20111208,9.3,9.4,9.3,9.3,7901600
MCS,20111209,9.25,9.3,9.15,9.2,3348300
MCS,20111213,9.2,9.25,9.15,9.15,1825100
MCS,20111214,9.15,9.2,8.95,8.95,2681700
MCS,20111215,8.85,8.9,8.7,8.9,3861200
MCS,20111216,8.85,9.1,8.85,9.1,1930100
MCS,20111219,9.1,9.1,9.05,9.1,593200
MCS,20111220,9.05,9.1,8.95,9.05,1124700
MCS,20111221,9.1,9.1,9,9,693500
MCS,20111222,9.05,9.05,8.95,9,995800
MCS,20111223,9.05,9.05,8.9,8.9,2185700
MCS,20111226,8.95,8.95,8.9,8.9,575000
MCS,20111227,8.9,8.9,8.75,8.75,2556200
MCS,20111228,8.75,8.8,8.7,8.75,1071100
MCS,20111229,8.75,8.8,8.7,8.8,669000
MCS,20111230,8.75,8.8,8.7,8.8,1015800
MCS,20120104,8.8,8.9,8.8,8.85,795800
MCS,20120105,8.85,8.95,8.85,8.95,904600
MCS,20120106,8.95,8.95,8.85,8.95,671100
MCS,20120109,8.9,9,8.85,8.95,519700
MCS,20120110,9,9.1,8.95,9.05,2128700
MCS,20120111,9.1,9.1,9,9,1173500
MCS,20120112,9,9.05,8.95,9.05,1163300
MCS,20120113,9,9.1,8.95,9,1068000
MCS,20120116,8.9,8.95,8.85,8.9,611000
MCS,20120117,8.95,9.05,8.9,9.05,703600
MCS,20120118,9.05,9.05,8.95,9,662900
MCS,20120119,9.05,9.3,9,9.25,3995500
MCS,20120120,9.3,9.4,9.2,9.2,3322200
MCS,20120123,9.3,9.4,9.2,9.25,2036700
MCS,20120124,9.3,9.3,9.1,9.1,1720800
MCS,20120125,9.1,9.25,9.1,9.15,742900
MCS,20120126,9.15,9.25,9.15,9.2,904100
MCS,20120127,9.2,9.25,9.15,9.15,745000
MCS,20120130,9.15,9.3,9.15,9.2,1004100
MCS,20120131,9.2,9.45,9.2,9.35,3775400
MCS,20120201,9.45,9.75,9.4,9.75,7932200
MCS,20120202,9.8,9.8,9.55,9.55,5758300
MCS,20120203,9.65,9.7,9.55,9.6,2396600
MCS,20120206,9.7,9.7,9.55,9.55,1904200
MCS,20120207,9.5,9.6,9.45,9.55,1636600
MCS,20120208,9.5,9.6,9.5,9.55,1740200
MCS,20120209,9.6,9.7,9.55,9.7,2205300
MCS,20120210,9.7,10.5,9.7,10.4,12464800
MCS,20120213,10.5,10.7,10.3,10.4,5356500
MCS,20120214,10.4,10.5,9.95,10.2,4924100
MCS,20120215,10.3,10.7,10.3,10.5,4597200
MCS,20120216,10.4,10.5,10.3,10.5,1256300
MCS,20120217,10.5,10.6,10.3,10.4,1887500
MCS,20120220,9.7,9.85,9.6,9.65,14329500
MCS,20120221,9.6,9.65,9.1,9.2,15578300
MCS,20120222,9.2,9.35,9.1,9.25,9076500
MCS,20120223,9.3,9.35,9.2,9.25,5421500
MCS,20120224,9.3,9.4,9.25,9.3,4738200
MCS,20120227,9.35,9.4,9.3,9.3,2082400
MCS,20120228,9.3,9.35,9.3,9.3,905700
MCS,20120229,9.35,9.45,9.3,9.45,3341800
MCS,20120301,9.5,9.55,9.4,9.4,5094000
MCS,20120302,9.25,9.3,9.1,9.15,4862500
MCS,20120305,9.15,9.15,9.05,9.1,2606000
MCS,20120306,9.15,9.15,9,9,1902600
MCS,20120308,9,9.1,8.95,9.05,1876400
MCS,20120309,9.05,9.05,8.95,9,1752600
MCS,20120312,9,9,8.75,8.8,6610000
MCS,20120313,8.85,8.85,8.75,8.8,2695700
MCS,20120314,8.8,8.85,8.75,8.8,2408700
MCS,20120315,8.8,8.8,8.65,8.7,3369400
MCS,20120316,8.65,8.7,8.55,8.6,8303100
MCS,20120319,8.5,8.55,8.15,8.2,17981500
MCS,20120320,8.35,8.35,8.1,8.15,12539400
MCS,20120321,8.15,8.2,8,8.1,9115000
MCS,20120322,8.15,8.3,8.15,8.2,7401000
MCS,20120323,8.2,8.25,8.15,8.2,3341300
MCS,20120326,8.2,8.25,8.1,8.1,2179300
MCS,20120327,8.15,8.2,8.1,8.15,2026100
MCS,20120328,8.2,8.25,8.15,8.15,2198100
MCS,20120329,8.15,8.15,8.1,8.1,2024700
MCS,20120330,8.1,8.15,8,8,4902800
MCS,20120402,8,8.1,8,8.05,2738600
MCS,20120403,8.05,8.05,7.75,7.75,16649700
MCS,20120404,7.7,7.7,7.55,7.65,11656400
MCS,20120405,7.6,7.6,7.45,7.5,5817900
MCS,20120410,7.4,7.45,7.05,7.15,8387600
MCS,20120411,7.05,7.2,7.05,7.1,4459400
MCS,20120412,7.15,7.35,7.15,7.35,3687400
MCS,20120417,7.45,7.6,7.4,7.55,5016500
MCS,20120418,7.6,7.6,7.35,7.35,3695800
MCS,20120419,7.35,7.45,7.35,7.4,1844300
MCS,20120420,7.4,7.55,7.35,7.5,2744400
MCS,20120423,7.5,7.7,7.5,7.6,7708900
MCS,20120424,7.75,7.8,7.65,7.7,6627400
MCS,20120425,7.75,7.75,7.6,7.7,4381600
MCS,20120426,7.7,7.7,7.6,7.6,1295100
MCS,20120427,7.6,7.6,7.45,7.5,3967400
MCS,20120430,7.5,7.6,7.45,7.45,2806600
MCS,20120502,7.5,7.55,7.45,7.5,2227800
MCS,20120503,7.5,7.75,7.5,7.75,8306500
MCS,20120504,7.85,7.9,7.75,7.8,8900200
MCS,20120508,7.75,7.8,7.65,7.7,1758000
MCS,20120509,7.7,7.7,7.45,7.45,3924200
MCS,20120510,7.45,7.45,7.2,7.4,4959900
MCS,20120511,7.35,7.35,7.25,7.25,1818600
MCS,20120514,7.25,7.3,7,7.05,5137800
MCS,20120515,7.05,7.05,6.75,6.8,12111700
MCS,20120516,6.6,6.7,6.6,6.7,3013200
MCS,20120517,6.75,6.8,6.65,6.7,1488100
MCS,20120518,6.7,6.7,6.6,6.6,1456700
MCS,20120521,6.6,6.65,6.45,6.45,1739500
MCS,20120522,6.5,6.55,6.45,6.45,1476700
MCS,20120523,6.45,6.45,6.35,6.35,1273200
MCS,20120524,6.3,6.3,6.1,6.2,2416700
MCS,20120525,6.2,6.3,6.15,6.25,1145300
MCS,20120528,6.2,6.25,6.1,6.2,1440100
MCS,20120529,6.25,6.5,6.2,6.5,3699600
MCS,20120530,6.5,6.5,6.35,6.45,1235900
MCS,20120531,6.35,6.4,6.25,6.4,1376300
MCS,20120601,6.4,6.4,6.25,6.25,1262400
MCS,20120605,6.25,6.3,6.15,6.2,771900
MCS,20120606,6.3,6.3,6.2,6.2,684600
MCS,20120607,6.3,6.3,6.2,6.2,987000
MCS,20120608,6.2,6.3,6.2,6.25,660100
MCS,20120611,6.3,6.45,6.3,6.4,1065900
MCS,20120612,6.3,6.5,6.3,6.5,711200
MCS,20120613,6.55,6.75,6.55,6.6,4985700
MCS,20120614,6.65,6.7,6.55,6.55,1790200
MCS,20120615,6.6,6.65,6.55,6.55,748200
MCS,20120618,6.65,6.7,6.55,6.6,963300
MCS,20120619,6.6,6.7,6.6,6.65,415400
MCS,20120620,6.65,6.7,6.6,6.65,556900
MCS,20120621,6.65,6.65,6.55,6.6,725500
MCS,20120622,6.55,6.55,6.45,6.5,1593900
MCS,20120625,6.45,6.55,6.45,6.5,469600
MCS,20120626,6.55,6.55,6.4,6.5,700300
MCS,20120627,6.5,6.6,6.5,6.6,361500
MCS,20120628,6.6,6.6,6.55,6.6,923200
MCS,20120629,6.6,6.65,6.55,6.55,649900
MCS,20120702,6.6,6.6,6.5,6.6,641400
MCS,20120703,6.55,6.65,6.55,6.6,692000
MCS,20120704,6.6,6.65,6.5,6.5,843200
MCS,20120705,6.5,6.55,6.5,6.5,589900
MCS,20120706,6.5,7,6.5,6.75,5376300
MCS,20120709,6.7,6.85,6.7,6.8,2576500
MCS,20120710,6.9,7.1,6.85,7.1,6455500
MCS,20120711,7.15,7.15,7,7.05,2732000
MCS,20120712,6.95,7,6.85,6.85,2578200
MCS,20120713,6.8,7,6.8,7,1314700
MCS,20120716,7.05,7.05,6.9,6.95,903600
MCS,20120717,7,7,6.9,6.95,622200
MCS,20120718,7,7,6.95,7,1083200
MCS,20120719,7,7,6.9,6.9,920900
MCS,20120720,6.9,7,6.9,6.9,559300
MCS,20120723,6.8,6.85,6.75,6.75,1134200
MCS,20120724,6.65,6.75,6.65,6.7,524700
MCS,20120725,6.65,6.7,6.6,6.7,1192500
MCS,20120726,6.65,6.8,6.6,6.6,552200
MCS,20120727,6.7,6.7,6.6,6.6,335500
MCS,20120730,6.65,6.65,6.55,6.65,538600
MCS,20120731,6.65,6.7,6.65,6.7,210800
MCS,20120801,6.65,6.7,6.65,6.65,176100
MCS,20120803,6.65,6.65,6.6,6.65,574500
MCS,20120806,6.7,6.7,6.65,6.65,445600
MCS,20120807,6.65,6.7,6.65,6.65,495700
MCS,20120808,6.65,6.9,6.65,6.75,2010800
MCS,20120809,6.75,6.85,6.7,6.7,598900
MCS,20120810,6.55,6.65,6.45,6.55,3883400
MCS,20120814,6.55,6.55,6.5,6.55,1875000
MCS,20120815,6.5,6.55,6.5,6.55,529100
MCS,20120816,6.5,6.6,6.5,6.55,989300
MCS,20120817,6.55,6.65,6.5,6.55,861900
MCS,20120820,6.55,6.65,6.55,6.65,481700
MCS,20120821,6.65,6.65,6.55,6.6,818100
MCS,20120822,6.6,6.65,6.55,6.6,1270900
MCS,20120823,6.65,6.65,6.55,6.55,1853400
MCS,20120824,6.55,6.6,6.5,6.55,841600
MCS,20120827,6.55,6.65,6.55,6.6,1127700
MCS,20120828,6.6,6.65,6.55,6.55,1495300
MCS,20120829,6.6,6.8,6.6,6.7,6315200
MCS,20120830,6.8,6.8,6.65,6.75,1880900
MCS,20120831,6.75,6.95,6.75,6.8,6183100
MCS,20120903,6.8,7,6.8,7,7539600
MCS,20120904,7.05,7.1,6.85,6.9,5085100
MCS,20120905,6.95,7,6.9,6.9,2888100
MCS,20120906,6.95,6.95,6.75,6.8,3143000
MCS,20120907,6.8,6.85,6.75,6.75,1622000
MCS,20120910,6.75,6.8,6.6,6.65,2430300
MCS,20120911,6.65,6.7,6.65,6.7,839800
MCS,20120912,6.7,6.8,6.7,6.75,1775400
MCS,20120913,6.75,6.75,6.65,6.7,670600
MCS,20120914,6.75,6.75,6.65,6.65,2479300
MCS,20120917,6.65,6.7,6.6,6.65,2139100
MCS,20120918,6.65,6.7,6.65,6.65,995000
MCS,20120919,6.65,6.7,6.65,6.7,1154700
MCS,20120920,6.7,6.7,6.6,6.7,1193500
MCS,20120921,6.65,6.7,6.6,6.6,1189900
MCS,20120924,6.6,6.6,6.55,6.6,1099800
MCS,20120925,6.6,6.6,6.5,6.6,2158100
MCS,20120926,6.55,6.55,6.5,6.5,1228500
MCS,20120927,6.5,6.6,6.5,6.55,1550800
MCS,20120928,6.55,6.55,6.5,6.55,988800
MCS,20121001,6.45,6.5,6.4,6.45,3317600
MCS,20121002,6.35,6.4,6.3,6.4,3700900
MCS,20121003,6.4,6.4,6.35,6.35,667700
MCS,20121004,6.3,6.45,6.3,6.45,1276600
MCS,20121005,6.45,6.5,6.4,6.4,1273800
MCS,20121008,6.35,6.45,6.35,6.4,2227100
MCS,20121009,6.4,6.45,6.35,6.4,738600
MCS,20121010,6.45,6.55,6.45,6.45,2035600
MCS,20121011,6.4,6.45,6.35,6.4,1039600
MCS,20121012,6.4,6.45,6.35,6.35,816200
MCS,20121015,6.35,6.45,6.35,6.4,422200
MCS,20121016,6.4,6.45,6.35,6.35,475000
MCS,20121017,6.4,6.45,6.35,6.4,556000
MCS,20121018,6.4,6.45,6.35,6.4,825000
MCS,20121019,6.4,6.45,6.35,6.4,1334100
MCS,20121022,6.4,6.45,6.35,6.35,814700
MCS,20121024,6.35,6.4,6.3,6.3,1439500
MCS,20121025,6.3,6.35,6.25,6.25,1674000
MCS,20121026,6.25,6.3,6.1,6.1,2178700
MCS,20121029,6.1,6.15,6,6.05,1429800
MCS,20121030,6,6.05,5.95,6,2320800
MCS,20121031,6.05,6.05,6,6.05,868500
MCS,20121101,6.05,6.1,6.05,6.05,618100
MCS,20121102,6.1,6.1,6,6.05,815100
MCS,20121105,6.05,6.1,6.05,6.05,579200
MCS,20121106,6.1,6.1,6,6.05,1015300
MCS,20121107,6.05,6.05,6,6.05,450200
MCS,20121108,6.05,6.05,5.95,5.95,853700
MCS,20121109,6,6,5.8,5.8,3736900
MCS,20121112,5.75,5.8,5.6,5.7,2418000
MCS,20121113,5.65,5.75,5.6,5.7,1069600
MCS,20121114,5.65,5.7,5.6,5.6,425500
MCS,20121115,5.7,5.9,5.7,5.75,2431800
MCS,20121116,5.8,5.9,5.8,5.85,1183700
MCS,20121119,5.9,5.95,5.85,5.9,514600
MCS,20121120,5.95,6,5.85,5.85,704900
MCS,20121121,5.9,5.9,5.8,5.85,198600
MCS,20121122,5.85,5.9,5.75,5.75,1952200
MCS,20121123,5.8,5.85,5.75,5.8,363000
MCS,20121126,5.8,5.8,5.75,5.8,1376400
MCS,20121127,5.8,5.8,5.75,5.75,1373500
MCS,20121128,5.75,5.8,5.7,5.8,861200
MCS,20121129,6.25,6.75,6.15,6.7,19111100
MCS,20121130,6.8,6.9,6.5,6.55,10804700
MCS,20121203,6.55,6.75,6.55,6.6,3023900
MCS,20121204,6.6,6.6,6.35,6.5,2663100
MCS,20121206,6.5,6.55,6.4,6.45,918000
MCS,20121207,6.45,6.55,6.3,6.35,2019300
MCS,20121211,6.35,6.35,6.25,6.3,659600
MCS,20121212,6.3,6.4,6.3,6.3,1197300
MCS,20121213,6.35,6.7,6.3,6.45,6696300
MCS,20121214,6.55,6.65,6.45,6.45,3666900
MCS,20121217,6.5,6.6,6.45,6.45,1835400
MCS,20121218,6.5,6.55,6.35,6.45,1735100
MCS,20121219,6.5,6.5,6.4,6.4,722900
MCS,20121220,6.4,6.45,6.4,6.4,773200
MCS,20121221,6.45,6.55,6.4,6.45,1854400
MCS,20121224,6.5,6.5,6.4,6.4,1249800
MCS,20121225,6.45,6.45,6.4,6.4,889300
MCS,20121226,6.4,6.4,6.35,6.4,665600
MCS,20121227,6.4,6.45,6.4,6.4,866000
MCS,20121228,6.4,6.45,6.3,6.35,2062100
MCS,20130102,6.45,6.45,6.35,6.4,1486900
MCS,20130103,6.35,6.55,6.35,6.5,3911400
MCS,20130104,6.55,6.75,6.5,6.7,8943100
MCS,20130107,6.75,6.75,6.6,6.6,4781300
MCS,20130108,6.6,6.65,6.5,6.6,1162600
MCS,20130109,6.65,6.7,6.6,6.6,4025600
MCS,20130110,6.6,6.7,6.5,6.5,2891100
MCS,20130111,6.55,6.55,6.45,6.55,1596900
MCS,20130114,6.6,6.7,6.55,6.65,2144800
MCS,20130115,6.7,6.7,6.6,6.6,2247700
MCS,20130116,6.65,7.1,6.6,7.1,16500400
MCS,20130117,7.15,7.2,6.85,6.9,9493600
MCS,20130118,6.95,6.95,6.8,6.85,2301900
MCS,20130121,6.85,6.95,6.8,6.85,3171800
MCS,20130122,6.85,6.9,6.75,6.75,1936100
MCS,20130123,6.75,6.85,6.55,6.6,4113300
MCS,20130124,6.7,6.75,6.65,6.7,1842200
MCS,20130125,6.8,7.1,6.8,6.95,14767800
MCS,20130128,7.05,7.25,7.05,7.2,12658000
MCS,20130129,7.25,7.4,7.15,7.3,11929100
MCS,20130130,7.35,7.35,7.1,7.1,3624700
MCS,20130131,7.1,7.15,6.95,6.95,3767400
MCS,20130201,7.05,7.1,7,7.05,1912500
MCS,20130204,7.15,7.15,6.95,7,3638200
MCS,20130205,6.9,7,6.9,6.95,3858800
MCS,20130206,6.9,7.05,6.9,6.95,2290100
MCS,20130207,6.8,6.8,6.65,6.7,7624000
MCS,20130208,6.6,6.65,6.35,6.4,15560500
MCS,20130211,6.4,6.4,6.3,6.35,3653800
MCS,20130212,6.4,6.4,6.3,6.3,1947500
MCS,20130213,6.4,6.45,6.3,6.35,3822500
MCS,20130214,6.4,6.45,6.3,6.3,2030100
MCS,20130215,6.3,6.4,6.3,6.35,1838800
MCS,20130218,6.35,6.4,6.35,6.35,822700
MCS,20130219,6.35,6.4,6.3,6.35,2020100
MCS,20130220,6.35,6.4,6.3,6.4,2821200
MCS,20130221,6.4,6.4,6.35,6.35,1651700
MCS,20130222,6.35,6.4,6.25,6.25,3541600
MCS,20130226,6.25,6.25,6.1,6.15,4255200
MCS,20130227,6.1,6.2,6.1,6.15,2012800
MCS,20130228,6.15,6.2,6.05,6.1,2272600
MCS,20130301,6.15,6.15,6.05,6.1,2100200
MCS,20130304,6.1,6.15,6.05,6.1,1359500
MCS,20130305,6.1,6.15,6.05,6.1,2008500
MCS,20130306,6.1,6.15,6.1,6.15,1107500
MCS,20130307,6.15,6.2,6.1,6.15,2390300
MCS,20130308,6.05,6.05,5.95,6,2006200
MCS,20130311,6.05,6.05,5.95,5.95,2895200
MCS,20130312,6,6.4,5.95,6.1,8883800
MCS,20130313,6.1,6.2,6.05,6.1,1913000
MCS,20130314,6.1,6.15,6.05,6.05,1250400
MCS,20130315,6.05,6.1,6,6.05,2066200
MCS,20130318,6.05,6.05,5.95,6,1305900
MCS,20130319,6,6.05,5.85,5.95,2756700
MCS,20130320,5.9,5.9,5.75,5.8,3137700
MCS,20130321,5.8,5.8,5.65,5.65,2728900
MCS,20130322,5.6,5.65,5.25,5.35,4474000
MCS,20130325,5.3,5.55,5.3,5.5,1702800
MCS,20130326,5.5,5.55,5.4,5.45,881800
MCS,20130327,5.5,5.65,5.5,5.65,1209000
MCS,20130328,5.6,5.7,5.5,5.55,785800
MCS,20130329,5.55,5.65,5.5,5.65,1388500
MCS,20130401,5.65,5.65,5.45,5.5,2335100
MCS,20130402,5.55,5.55,5.45,5.45,1404600
MCS,20130403,5.5,5.55,5.4,5.4,1942800
MCS,20130404,5.3,5.4,5.25,5.35,2149600
MCS,20130405,5.35,5.4,5.3,5.3,1137100
MCS,20130409,5.3,5.3,5.05,5.05,3911600
MCS,20130410,4.98,5,4.82,4.84,6882200
MCS,20130411,4.88,4.9,4.72,4.78,6183300
MCS,20130412,4.78,4.82,4.74,4.82,1200300
MCS,20130417,4.8,4.82,4.76,4.78,1178100
MCS,20130418,4.78,4.8,4.68,4.72,2146600
MCS,20130419,4.72,4.78,4.72,4.78,1489800
MCS,20130422,4.76,4.8,4.76,4.78,820700
MCS,20130423,4.78,4.78,4.74,4.74,865300
MCS,20130424,4.78,4.78,4.7,4.72,1062000
MCS,20130425,4.74,4.78,4.72,4.72,979700
MCS,20130426,4.72,4.76,4.72,4.74,1291100
MCS,20130429,4.74,4.94,4.72,4.88,3363800
MCS,20130430,4.9,4.94,4.84,4.86,1140800
MCS,20130502,4.86,4.88,4.84,4.84,1144900
MCS,20130503,4.84,4.86,4.76,4.78,975100
MCS,20130507,4.78,4.78,4.7,4.74,2185800
MCS,20130508,4.72,4.78,4.72,4.76,582900
MCS,20130509,4.76,4.78,4.74,4.74,627400
MCS,20130510,4.76,4.76,4.72,4.74,926800
MCS,20130513,4.74,4.74,4.68,4.7,1419900
MCS,20130514,4.7,4.7,4.66,4.7,799400
MCS,20130515,4.7,4.7,4.58,4.58,2657500
MCS,20130603,5.2,5.25,4.82,5,14941100
MCS,20130604,5.05,5.05,4.82,4.84,3751300
MCS,20130605,4.86,4.96,4.84,4.92,2214800
MCS,20130606,4.88,4.9,4.78,4.78,2882800
MCS,20130607,4.8,4.9,4.8,4.84,1462000
MCS,20130610,4.86,4.9,4.82,4.84,1638200
MCS,20130611,4.82,4.82,4.6,4.6,2315200
MCS,20130612,4.6,4.6,4.42,4.5,2078300
MCS,20130613,4.36,4.38,4.24,4.28,1966500
MCS,20130614,4.34,4.4,4.34,4.4,680500
MCS,20130617,4.4,4.48,4.4,4.42,625800
MCS,20130618,4.44,4.6,4.4,4.4,780900
MCS,20130619,4.42,4.46,4.32,4.38,417700
MCS,20130620,4.28,4.34,4.24,4.26,1452000
MCS,20130621,4.22,4.22,4.14,4.16,1200200
MCS,20130624,4.18,4.2,4.06,4.06,760300
MCS,20130625,4.14,4.14,4,4.08,1026200
MCS,20130626,4.14,4.24,4.1,4.22,1608700
MCS,20130627,4.32,4.36,4.28,4.32,1384000
MCS,20130628,4.34,4.46,4.32,4.42,1221400
MCS,20130702,4.4,4.5,4.32,4.46,773600
MCS,20130703,4.46,4.64,4.46,4.56,1193500
MCS,20130704,4.58,4.86,4.58,4.86,2710300
MCS,20130705,4.86,5.4,4.86,5.3,7903600
MCS,20130708,5.15,5.7,5.15,5.6,11173800
MCS,20130709,5.65,6.4,5.65,6.05,25391400
MCS,20130710,6.05,6.1,5.45,5.5,10230500
MCS,20130711,5.65,5.8,5.6,5.65,4217500
MCS,20130712,5.7,5.8,5.65,5.75,2755500
MCS,20130715,5.8,5.8,5.65,5.7,1144700
MCS,20130716,5.8,5.8,5.65,5.7,1139000
MCS,20130717,5.75,5.75,5.7,5.7,1518000
MCS,20130718,5.7,5.85,5.7,5.8,2069600
MCS,20130719,5.8,5.85,5.75,5.85,1515400
MCS,20130723,5.85,5.9,5.8,5.8,833700
MCS,20130724,5.9,6.1,5.85,6.05,3135600
MCS,20130725,6.05,6.05,5.9,5.95,2449900
MCS,20130726,5.9,6.2,5.8,6.2,3808000
MCS,20130729,6.15,6.55,6.05,6.35,11323500
MCS,20130730,6.35,6.5,6.3,6.3,5844300
MCS,20130731,6.15,6.2,5.7,5.75,3585100
MCS,20130801,5.8,5.85,5.7,5.8,1622300
MCS,20130802,5.8,5.8,5.5,5.6,2590700
MCS,20130805,5.55,5.55,5.5,5.55,409800
MCS,20130806,5.5,5.5,5.3,5.5,1458100
MCS,20130807,5.5,5.55,5.35,5.4,1026400
MCS,20130808,5.4,5.55,5.4,5.4,954600
MCS,20130809,5,5.25,4.98,5.25,4563600
MCS,20130813,5.15,5.25,5.15,5.25,694000
MCS,20130814,5.15,5.2,5.1,5.1,554700
MCS,20130815,5.1,5.15,5,5.15,1101900
MCS,20130816,5.15,5.15,5.05,5.15,370700
MCS,20130819,5.1,5.1,5,5,291000
MCS,20130820,4.98,5,4.84,4.96,622300
MCS,20130821,4.86,4.98,4.86,4.9,201700
MCS,20130822,4.88,4.9,4.72,4.74,724500
MCS,20130823,4.78,4.82,4.74,4.8,860600
MCS,20130826,4.82,4.82,4.64,4.64,662400
MCS,20130827,4.6,4.6,4.38,4.38,737400
MCS,20130828,4.3,4.3,4.2,4.3,948000
MCS,20130829,4.3,4.32,4.26,4.32,388700
MCS,20130830,4.32,4.32,4.24,4.26,1460300
MCS,20130902,4.4,4.4,4.28,4.3,934700
MCS,20130903,4.3,4.38,4.28,4.3,917600
MCS,20130904,4.28,4.28,4.24,4.24,473800
MCS,20130905,4.26,4.28,4.22,4.22,1607800
MCS,20130906,4.24,4.24,4.2,4.24,1132500
MCS,20130909,4.32,4.38,4.3,4.36,1282600
MCS,20130910,4.4,4.48,4.4,4.44,947400
MCS,20130911,4.44,4.44,4.34,4.4,1570400
MCS,20130912,4.38,4.4,4.34,4.38,4197400
MCS,20130913,4.4,4.4,4.32,4.34,1748300
MCS,20130916,4.34,4.34,4.3,4.34,3326800
MCS,20130917,4.36,4.36,4.28,4.28,3375000
MCS,20130918,4.3,4.32,4.24,4.26,2171800
MCS,20130919,4.3,4.8,4.24,4.72,16447700
MCS,20130920,4.72,4.9,4.64,4.74,8027600
MCS,20130923,4.7,4.72,4.52,4.52,3132200
MCS,20130924,4.44,4.48,4.22,4.26,6358100
MCS,20130925,4.3,4.34,4.24,4.26,5599700
MCS,20130926,4.26,4.28,4.24,4.24,4477600
MCS,20130927,4.3,4.3,4.16,4.16,7869400
MCS,20130930,4.12,4.16,4.08,4.12,1683200
MCS,20131001,4.14,4.22,4.12,4.2,1106200
MCS,20131002,4.24,4.26,4.2,4.26,1593500
MCS,20131003,4.3,4.34,4.24,4.26,1667100
MCS,20131004,4.28,4.28,4.22,4.22,897100
MCS,20131007,4.22,4.26,4.22,4.22,311300
MCS,20131008,4.22,4.3,4.22,4.24,647200
MCS,20131009,4.26,4.28,4.22,4.26,376000
MCS,20131010,4.24,4.28,4.24,4.26,380700
MCS,20131011,4.28,4.3,4.26,4.28,1228200
MCS,20131014,4.26,4.28,4.24,4.28,767300
MCS,20131015,4.28,4.32,4.22,4.26,1380800
MCS,20131016,4.26,4.3,4.26,4.28,1162800
MCS,20131017,4.3,4.44,4.3,4.38,2413000
MCS,20131018,4.4,4.48,4.4,4.48,1671600
MCS,20131021,4.56,4.6,4.4,4.4,4574100
MCS,20131022,4.4,4.42,4.36,4.42,734300
MCS,20131024,4.42,4.48,4.4,4.46,464900
MCS,20131025,4.46,4.5,4.46,4.46,523600
MCS,20131028,4.52,4.64,4.5,4.52,3875500
MCS,20131029,4.48,4.54,4.48,4.52,903200
MCS,20131030,4.54,4.56,4.44,4.44,2086900
MCS,20131031,4.44,4.46,4.4,4.44,796300
MCS,20131101,4.42,4.44,4.36,4.44,923600
MCS,20131104,4.44,4.44,4.28,4.28,1468300
MCS,20131105,4.28,4.34,4.28,4.3,1838600
MCS,20131106,4.32,4.34,4.32,4.32,956900
MCS,20131107,4.32,4.36,4.3,4.32,730100
MCS,20131108,4.32,4.38,4.32,4.32,1081500
MCS,20131111,4.3,4.32,4.28,4.28,1150900
MCS,20131112,4.32,4.32,4.3,4.3,404200
MCS,20131113,4.3,4.34,4.3,4.32,173700
MCS,20131114,4.38,4.46,4.38,4.42,1699600
MCS,20131115,4.44,4.44,4.4,4.42,1462000
MCS,20131118,4.42,4.42,4.38,4.4,525800
MCS,20131119,4.38,4.38,4.26,4.28,2852900
MCS,20131120,4.28,4.3,4.26,4.28,869700
MCS,20131121,4.3,4.3,4.2,4.2,2320900
MCS,20131122,4.2,4.22,4.18,4.2,764700
MCS,20131125,4.18,4.2,4.16,4.18,614600
MCS,20131126,4.18,4.22,4.16,4.18,588300
MCS,20131127,4.2,4.22,4.18,4.2,343600
MCS,20131128,4.22,4.22,4.18,4.18,399000
MCS,20131129,4.2,4.2,4.16,4.2,273000
MCS,20131202,4.16,4.2,4.16,4.2,321000
MCS,20131203,4.2,4.26,4.2,4.26,638400
MCS,20131204,4.28,4.28,4.24,4.24,446800
MCS,20131206,4.24,4.26,4.22,4.24,515500
MCS,20131209,4.26,4.28,4.24,4.26,404600
MCS,20131211,4.26,4.32,4.26,4.28,214400
MCS,20131212,4.28,4.28,4.26,4.28,96300
MCS,20131213,4.26,4.26,4.2,4.22,379600
MCS,20131216,4.22,4.24,4.18,4.18,404500
MCS,20131217,4.18,4.22,4.18,4.2,240400
MCS,20131218,4.22,4.24,4.2,4.2,267400
MCS,20131219,4.2,4.24,4.2,4.2,190500
MCS,20131220,4.2,4.2,4.18,4.2,357100
MCS,20131223,4.2,4.2,4.16,4.2,269600
MCS,20131224,4.2,4.2,4.18,4.18,256700
MCS,20131225,4.18,4.2,4.18,4.2,163300
MCS,20131226,4.2,4.22,4.16,4.16,1065300
MCS,20131227,4.14,4.18,4.14,4.18,646800
MCS,20140102,4.18,4.18,4.02,4.04,1377300
MCS,20140103,4.04,4.04,3.98,3.98,1124000
MCS,20140106,3.96,3.98,3.94,3.96,486300
MCS,20140107,3.98,4.08,3.96,4.08,319500
MCS,20140108,4.06,4.06,4,4.02,351200
MCS,20140109,4.02,4.02,3.98,3.98,443500
MCS,20140110,3.98,3.98,3.96,3.98,199900
MCS,20140113,3.98,4,3.96,4,297300
MCS,20140114,4.04,4.1,4.02,4.06,597100
MCS,20140115,4.1,4.18,4.1,4.12,1226100
MCS,20140116,4.16,4.18,4.12,4.16,331500
MCS,20140117,4.16,4.18,4.1,4.16,698200
MCS,20140120,4.16,4.16,4.04,4.08,527400
MCS,20140121,4.08,4.14,4.08,4.12,474700
MCS,20140122,4.12,4.12,4.08,4.12,216400
MCS,20140123,4.12,4.16,4.1,4.16,394000
MCS,20140124,4.16,4.22,4.16,4.2,1089900
MCS,20140127,4.18,4.18,4.14,4.16,234100
MCS,20140128,4.16,4.16,4.12,4.16,138700
MCS,20140129,4.16,4.16,4.14,4.14,402500
MCS,20140130,4.14,4.14,4.12,4.12,412600
MCS,20140131,4.16,4.16,4.1,4.14,243200
MCS,20140203,4.12,4.16,4.12,4.16,1267700
MCS,20140204,4.14,4.16,4.12,4.16,268500
MCS,20140205,4.16,4.18,4.12,4.14,638700
MCS,20140206,4.16,4.22,4.16,4.2,855500
MCS,20140207,4.2,4.38,4.2,4.34,2379100
MCS,20140210,4.36,4.38,4.32,4.38,420100
MCS,20140211,4.36,4.44,4.28,4.38,1230800
MCS,20140212,4.4,4.6,4.4,4.52,3721400
MCS,20140213,4.58,4.58,4.52,4.52,717400
MCS,20140217,4.54,4.54,4.4,4.44,1861700
MCS,20140218,4.44,4.44,4.32,4.38,448700
MCS,20140219,4.38,4.5,4.38,4.42,1099000
MCS,20140220,4.44,4.44,4.38,4.4,260000
MCS,20140221,4.4,4.44,4.4,4.42,164700
MCS,20140224,4.42,4.48,4.4,4.48,574400
MCS,20140225,4.5,4.74,4.5,4.72,7750300
MCS,20140226,4.8,5,4.8,4.9,11767000
MCS,20140227,4.92,5.15,4.88,5.1,10491100
MCS,20140228,5.2,5.45,5.15,5.2,14592600
MCS,20140303,5.1,5.15,5,5.05,5608900
MCS,20140304,5.05,5.1,5,5.05,1994900
MCS,20140305,5.05,5.05,5,5,2672100
MCS,20140306,5.05,5.05,4.9,4.9,3477600
MCS,20140307,4.94,5.05,4.92,5,3444700
MCS,20140310,5,5,4.94,4.98,987100
MCS,20140311,4.96,5.05,4.96,5,2976600
MCS,20140312,4.86,4.86,4.8,4.84,1008100
MCS,20140313,4.82,4.92,4.82,4.92,1994500
MCS,20140314,4.92,4.94,4.88,4.9,380700
MCS,20140317,4.88,4.92,4.86,4.88,321300
MCS,20140318,4.9,4.9,4.8,4.8,1064300
MCS,20140319,4.8,4.84,4.78,4.78,750100
MCS,20140320,4.78,4.78,4.72,4.74,1073800
MCS,20140321,4.74,4.82,4.72,4.78,851800
MCS,20140324,4.8,4.82,4.7,4.76,957100
MCS,20140325,4.76,4.84,4.74,4.82,753900
MCS,20140326,4.84,4.92,4.84,4.92,1487400
MCS,20140327,4.92,5.05,4.88,5,3161300
MCS,20140328,5.05,5.25,5.05,5.2,7842400
MCS,20140331,5.3,5.4,5.25,5.3,2781700
MCS,20140401,5.35,5.35,5.25,5.35,1489900
MCS,20140402,5.35,5.35,5.15,5.15,1617500
MCS,20140403,5.15,5.25,5.15,5.2,712100
MCS,20140404,5.2,5.25,5.1,5.1,638900
MCS,20140408,5.05,5.1,5,5,1513800
MCS,20140409,5,5.05,5,5,420500
MCS,20140410,5,5.2,5,5.2,1794100
MCS,20140411,5.15,5.3,5.15,5.3,1618800
MCS,20140416,5.3,5.4,5.2,5.4,1661300
MCS,20140417,5.4,5.85,5.35,5.8,6116600
MCS,20140418,5.85,5.9,5.65,5.8,3387200
MCS,20140421,5.8,5.8,5.55,5.6,1830400
MCS,20140422,5.6,5.6,5.35,5.5,3525700
MCS,20140423,5.5,5.75,5.45,5.75,1898900
MCS,20140424,5.75,5.75,5.6,5.7,448000
MCS,20140425,5.7,5.7,5.6,5.7,795500
MCS,20140428,5.7,5.7,5.5,5.7,1109300
MCS,20140429,5.6,5.6,5.5,5.55,645300
MCS,20140430,5.5,5.65,5.5,5.65,1703100
MCS,20140502,5.6,5.65,5.6,5.6,737500
MCS,20140506,5.6,5.6,5.45,5.5,1234500
MCS,20140507,5.3,5.45,5.3,5.4,1324900
MCS,20140508,5.35,5.35,5.15,5.15,1332700
MCS,20140509,5.15,5.25,5.1,5.2,1224300
MCS,20140512,5.2,5.3,5.2,5.2,2150200
MCS,20140514,5.2,5.2,5,5.1,3548900
MCS,20140515,5.1,5.15,5,5.05,811500
MCS,20140529,4.74,4.96,4.68,4.92,6421400
MCS,20140530,4.9,5.1,4.84,5.05,5179500
MCS,20140602,5.1,5.25,5.1,5.1,3325300
MCS,20140603,5.2,5.2,5.05,5.1,1434900
MCS,20140604,5.1,5.15,5.05,5.15,882400
MCS,20140605,5.1,5.1,5.1,5.1,828200
MCS,20140606,5.1,5.15,5.1,5.1,1512400
MCS,20140609,5.15,5.2,5.1,5.15,903300
MCS,20140610,5.15,5.3,5.15,5.3,1129600
MCS,20140611,5.3,5.35,5.25,5.3,1547700
MCS,20140612,5.3,5.3,5.2,5.2,1038700
MCS,20140613,5.2,5.3,5.2,5.25,632000
MCS,20140616,5.3,5.3,5.2,5.25,371100
MCS,20140617,5.25,5.3,5.2,5.3,639200
MCS,20140618,5.3,5.3,5.15,5.2,805200
MCS,20140619,5.2,5.2,5.2,5.2,557400
MCS,20140620,5.2,5.25,5.15,5.15,512400
MCS,20140623,5.15,5.2,5.1,5.2,1145500
MCS,20140624,5.2,5.2,5.1,5.15,626300
MCS,20140625,5.15,5.15,5.15,5.15,940900
MCS,20140626,5.2,5.25,5.15,5.15,576500
MCS,20140627,5.15,5.3,5.15,5.3,1012900
MCS,20140630,5.35,5.35,5.3,5.3,620300
MCS,20140702,5.35,5.35,5.3,5.35,622800
MCS,20140703,5.4,5.4,5.3,5.3,290500
MCS,20140704,5.4,5.4,5.3,5.35,539100
MCS,20140707,5.4,5.4,5.2,5.25,836700
MCS,20140708,5.2,5.3,5.2,5.25,858000
MCS,20140709,5.25,5.25,5.2,5.2,277900
MCS,20140710,5.2,5.35,5.2,5.25,2780800
MCS,20140714,5.25,5.45,5.25,5.35,678100
MCS,20140715,5.4,5.4,5.3,5.3,466000
MCS,20140716,5.3,5.35,5.25,5.25,352000
MCS,20140717,5.3,5.3,5.3,5.3,157100
MCS,20140718,5.3,5.35,5.25,5.35,342800
MCS,20140721,5.35,5.35,5.2,5.25,1757800
MCS,20140722,5.3,5.3,5.1,5.2,769800
MCS,20140723,5.2,5.25,5.2,5.2,341500
MCS,20140724,5.2,5.25,5.2,5.25,432300
MCS,20140725,5.3,5.3,5.25,5.25,767600
MCS,20140728,5.25,5.3,5.25,5.3,852500
MCS,20140729,5.3,5.35,5.2,5.3,567200
MCS,20140730,5.25,5.5,5.25,5.3,1361100
MCS,20140731,5.3,5.35,5.25,5.25,749600
MCS,20140801,5.15,5.25,5.15,5.2,522600
MCS,20140804,5.25,5.25,5.2,5.25,599000
MCS,20140805,5.3,5.3,5.2,5.2,1405300
MCS,20140806,5.2,5.25,5.15,5.15,456000
MCS,20140807,5.15,5.25,5.15,5.15,502300
MCS,20140808,5.15,5.2,5.15,5.15,818000
MCS,20140813,5.15,5.15,4.98,5,2669600
MCS,20140814,4.9,5.2,4.84,5.15,8203500
MCS,20140815,5.15,5.25,5.15,5.2,1741500
MCS,20140818,5.25,5.3,5.2,5.2,1970000
MCS,20140819,5.2,5.25,5.2,5.2,408800
MCS,20140820,5.3,5.8,5.3,5.7,9347800
MCS,20140821,5.75,5.9,5.6,5.7,3228300
MCS,20140822,5.8,5.85,5.65,5.65,1316700
MCS,20140825,5.6,5.6,5.5,5.5,1349000
MCS,20140826,5.5,5.55,5.35,5.4,2755000
MCS,20140827,5.4,5.55,5.4,5.55,1582800
MCS,20140828,5.55,5.65,5.4,5.55,2056600
MCS,20140829,5.6,5.6,5.5,5.6,519600
MCS,20140901,5.55,5.65,5.5,5.65,1442000
MCS,20140902,5.6,5.65,5.5,5.65,1822600
MCS,20140903,5.65,5.7,5.6,5.6,811300
MCS,20140904,5.6,5.7,5.6,5.6,1114500
MCS,20140905,5.6,5.65,5.55,5.65,1317400
MCS,20140908,5.65,5.8,5.65,5.75,1403700
MCS,20140909,5.75,6.5,5.65,6.25,14247500
MCS,20140910,6.4,6.75,6.15,6.75,16416200
MCS,20140911,6.75,6.85,6.25,6.35,15519000
MCS,20140912,6.3,6.35,6.2,6.25,3396100
MCS,20140915,6.25,6.25,6,6.1,3549500
MCS,20140916,6.1,6.1,5.9,5.95,3305000
MCS,20140917,6,6,5.85,6,1406500
MCS,20140918,6,6.2,6,6,1709800
MCS,20140919,6.1,6.1,5.9,6,1193100
MCS,20140922,6,6.05,6,6.05,457500
MCS,20140923,6.05,6.05,6,6,424600
MCS,20140924,6,6,5.85,5.85,1659200
MCS,20140925,5.8,5.85,5.75,5.85,1011300
MCS,20140926,5.8,5.85,5.75,5.8,546300
MCS,20140929,5.8,5.8,5.6,5.65,1393800
MCS,20140930,5.65,5.65,5.55,5.6,1410600
MCS,20141001,5.6,5.7,5.6,5.65,276200
MCS,20141002,5.65,5.7,5.55,5.6,640800
MCS,20141003,5.55,5.55,5.45,5.5,1308800
MCS,20141006,5.5,5.5,5.35,5.4,1887900
MCS,20141007,5.35,5.4,5.3,5.35,1031600
MCS,20141008,5.3,5.4,5.2,5.4,768600
MCS,20141009,5.35,5.5,5.35,5.5,462100
MCS,20141010,5.45,5.45,5.4,5.4,148600
MCS,20141013,5.4,5.55,5.4,5.4,80000
MCS,20141014,5.45,5.45,5.35,5.35,315200
MCS,20141015,5.35,5.45,5.35,5.45,245000
MCS,20141016,5.35,5.4,5.2,5.2,1142000
MCS,20141017,5.3,5.35,5.15,5.35,251200
MCS,20141020,5.3,5.35,5.25,5.3,245200
MCS,20141021,5.25,5.35,5.25,5.35,114300
MCS,20141022,5.25,5.35,5.2,5.25,703800
MCS,20141024,5.3,5.3,5.1,5.15,1157200
MCS,20141027,5.2,5.3,5.15,5.25,441500
MCS,20141028,5.25,5.4,5.2,5.35,799600
MCS,20141029,5.4,5.4,5.25,5.25,855000
MCS,20141030,5.25,5.35,5.25,5.25,774200
MCS,20141031,5.25,5.4,5.25,5.4,1129600
MCS,20141103,5.4,5.4,5.2,5.2,2746900
MCS,20141104,5.2,5.3,5.2,5.25,301700
MCS,20141105,5.25,5.4,5.1,5.1,4229800
MCS,20141106,5.15,5.25,5.1,5.15,932300
MCS,20141107,5.25,5.25,5.05,5.05,3121000
MCS,20141110,5.05,5.1,5,5.05,1448700
MCS,20141111,5,5.1,5,5.05,506100
MCS,20141112,5,5.1,4.96,4.98,2416700
MCS,20141113,5,5.05,4.92,4.98,1271000
MCS,20141114,5,5.15,5,5.05,3254200
MCS,20141117,5.1,5.9,5.1,5.8,10882700
MCS,20141118,5.7,5.7,5.35,5.55,4535100
MCS,20141119,5.55,5.65,5.4,5.5,1077700
MCS,20141120,5.55,5.7,5.5,5.55,2903200
MCS,20141121,5.65,5.65,5.5,5.55,1408100
MCS,20141124,5.55,5.55,5.45,5.55,1049200
MCS,20141125,5.55,5.6,5.5,5.6,854800
MCS,20141126,5.65,5.65,5.55,5.65,892300
MCS,20141127,5.7,5.7,5.6,5.65,903200
MCS,20141128,5.7,5.7,5.55,5.65,381800
MCS,20141201,5.6,5.65,5.55,5.55,605600
MCS,20141202,5.55,5.6,5.5,5.6,933800
MCS,20141203,5.6,5.7,5.55,5.7,1898800
MCS,20141204,5.75,5.8,5.65,5.8,1208700
MCS,20141208,5.8,5.9,5.7,5.7,2489600
MCS,20141209,5.8,5.8,5.4,5.55,2848200
MCS,20141211,5.5,5.5,5.25,5.35,2529000
MCS,20141212,5.35,5.45,5.25,5.45,1499100
MCS,20141215,5.35,5.35,4.98,5.15,4050600
MCS,20141216,5.1,5.15,5,5.15,1213400
MCS,20141217,5.1,5.35,5.1,5.35,777500
MCS,20141218,5.4,5.45,5.35,5.4,732800
MCS,20141219,5.4,5.5,5.35,5.4,827800
MCS,20141222,5.4,5.45,5.3,5.4,647100
MCS,20141223,5.5,5.5,5.3,5.35,813800
MCS,20141224,5.35,5.4,5.3,5.35,275900
MCS,20141225,5.35,5.35,5.3,5.35,579300
MCS,20141226,5.35,5.4,5.35,5.35,476600
MCS,20141229,5.35,5.35,5.3,5.35,453400
MCS,20141230,5.35,5.35,5.35,5.35,242900
MCS,20150105,5.35,5.45,5.35,5.4,381200
MCS,20150106,5.4,5.45,5.4,5.45,506100
MCS,20150107,5.45,5.5,5.45,5.5,219800
MCS,20150108,5.5,5.55,5.45,5.5,313200
MCS,20150109,5.55,5.6,5.5,5.55,720700
MCS,20150112,5.6,5.8,5.5,5.7,1547500
MCS,20150113,5.65,5.7,5.65,5.65,211100
MCS,20150114,5.75,5.75,5.65,5.65,714200
MCS,20150115,5.7,6,5.65,5.95,4160300
MCS,20150116,6,6.15,5.85,6.15,4671400
MCS,20150119,6.05,6.55,6,6.35,14471600
MCS,20150120,6.4,6.4,5.9,6.15,6404300
MCS,20150121,6.45,6.65,6.35,6.6,14851100
MCS,20150122,6.55,6.65,6.45,6.6,3173400
MCS,20150123,6.65,6.65,6.4,6.4,3767800
MCS,20150126,6.4,6.6,6.35,6.5,2103200
MCS,20150127,6.55,6.55,6.2,6.25,2473700
MCS,20150128,6.25,6.4,6.2,6.3,1157200
MCS,20150129,6.3,6.3,6.2,6.25,739500
MCS,20150130,6.2,6.45,6,6.1,3156500
MCS,20150202,6.1,6.3,6.05,6.2,1652000
MCS,20150203,6.3,6.3,6.15,6.25,818600
MCS,20150204,6.25,6.65,6.2,6.5,9185400
MCS,20150205,6.6,6.95,6.5,6.7,13309700
MCS,20150206,6.75,6.85,6.65,6.8,4397600
MCS,20150209,6.85,6.95,6.75,6.8,7030300
MCS,20150210,6.8,6.9,6.4,6.4,4447900
MCS,20150211,6.45,6.6,6.4,6.5,2189300
MCS,20150212,6.5,6.85,6.45,6.75,9057000
MCS,20150213,6.75,6.85,6.55,6.6,8623100
MCS,20150216,6.7,6.7,6.6,6.65,1764400
MCS,20150217,6.65,6.8,6.45,6.6,2865200
MCS,20150218,6.65,6.65,6.55,6.65,688700
MCS,20150219,6.65,6.8,6.65,6.7,2202200
MCS,20150220,6.75,7.25,6.7,7.2,27877400
MCS,20150223,7.2,7.35,7.15,7.2,14199400
MCS,20150224,7.15,7.25,7,7.1,5829000
MCS,20150225,7.05,7.15,6.95,7.05,6257000
MCS,20150226,7.1,7.1,6.8,7,4912900
MCS,20150227,7,7.15,6.9,7.1,2216100
MCS,20150302,7.1,7.2,7,7.15,1826700
MCS,20150303,7.15,7.2,6.95,7,4268200
MCS,20150305,6.95,7,6.85,6.85,1676700
MCS,20150306,6.85,7.1,6.85,7.1,1121600
MCS,20150309,7.1,7.15,7,7.05,995900
MCS,20150310,7,7.15,6.95,7,1030700
MCS,20150311,6.9,7.1,6.9,7.1,1217200
MCS,20150312,7.1,7.15,7.05,7.05,581500
MCS,20150313,7.05,7.1,6.95,7.05,1523800
MCS,20150316,7.05,7.2,6.95,7,2844900
MCS,20150317,7.1,7.7,7.1,7.55,22060200
MCS,20150318,7.65,7.8,7.45,7.45,10963800
MCS,20150319,7.6,7.9,7.45,7.9,8549100
MCS,20150320,8,8.1,7.75,8.05,8297000
MCS,20150323,8.1,8.35,7.85,7.85,10274300
MCS,20150324,7.75,7.85,7.4,7.6,6266900
MCS,20150325,7.5,7.8,7.5,7.7,4356500
MCS,20150326,7.6,7.65,7.35,7.35,4277900
MCS,20150327,7.2,7.25,6.95,7.05,11164100
MCS,20150330,7.2,7.2,6.95,7.05,8105000
MCS,20150331,7.05,7.5,7,7.5,5528700
MCS,20150401,7.45,7.95,7.45,7.8,5403100
MCS,20150402,8.15,8.4,7.85,8,11232900
MCS,20150403,8,8.2,7.9,8,2912900
MCS,20150407,8.05,8.05,7.85,7.95,1326100
MCS,20150408,7.95,8.3,7.95,8.25,5628300
MCS,20150409,8.3,8.3,8.05,8.2,3529600
MCS,20150410,8.2,8.2,8.1,8.15,1386600
MCS,20150416,8.2,8.25,8.1,8.15,790500
MCS,20150417,8.2,8.2,8,8.05,1708600
MCS,20150420,7.95,8.15,7.9,8,1837200
MCS,20150421,7.95,8.05,7.9,7.9,1545800
MCS,20150422,7.9,8.1,7.9,8,1238900
MCS,20150423,8,8.1,7.9,8,1012500
MCS,20150424,8,8.1,7.9,8.1,1110500
MCS,20150427,8.1,8.25,8.05,8.05,1215500
MCS,20150428,8.05,8.2,7.75,8.2,5859900
MCS,20150429,8.15,8.2,7.9,7.95,5684400
MCS,20150430,7.95,8.15,7.95,8,1147500
MCS,20150506,8.05,8.7,7.95,8.7,11949400
MCS,20150507,8.55,8.6,8.1,8.15,9843100
MCS,20150508,8.15,8.2,7.95,8.2,2166000
MCS,20150511,8.2,8.25,8.05,8.1,1565000
MCS,20150512,8.1,8.15,8,8.1,1565700
MCS,20150513,8.1,8.5,8.1,8.45,6743300
MCS,20150514,8.45,8.55,8.2,8.55,2909700
MCS,20150515,8.7,8.7,8.4,8.55,8350000
MCS,20150518,8.6,8.9,8.55,8.75,8046500
MCS,20150519,8.85,8.9,8.7,8.9,4114000
MCS,20150520,9,9.15,8.85,8.85,9487100
MCS,20150521,9,9.1,8.75,8.9,2498100
MCS,20150522,9,9,8.75,8.9,2223000
MCS,20150525,8.9,8.95,8.5,8.6,4295900
MCS,20150526,8.55,8.65,8.45,8.55,1741000
MCS,20150527,8.55,8.6,8.4,8.55,1149100
MCS,20150528,8.6,8.6,8.4,8.45,923500
MCS,20150529,8.4,8.65,8.4,8.6,2389500
MCS,20150602,8.6,8.75,8.5,8.5,3869400
MCS,20150603,8.6,9.3,8.15,9.3,15016300
MCS,20150604,9.6,10,9.4,9.9,30284100
MCS,20150605,9.8,10.1,9.6,9.7,17543500
MCS,20150608,9.7,9.75,9.4,9.45,5396900
MCS,20150609,9.5,10.1,9.4,9.75,19268400
MCS,20150610,9.9,10,9.65,9.65,5487400
MCS,20150611,9.7,10.1,9.7,10.1,6126100
MCS,20150612,10.2,10.4,9.9,9.95,6919800
MCS,20150615,9.95,10.1,9.8,9.9,3268200
MCS,20150616,9.9,10.1,9.9,10,3573900
MCS,20150617,10.1,10.3,9.8,9.8,6254800
MCS,20150618,9.8,9.8,9.45,9.45,8168500
MCS,20150619,9.45,9.6,9.45,9.55,3035000
MCS,20150622,9.5,9.7,9.5,9.7,1546900
MCS,20150623,9.7,9.75,9.6,9.6,1330800
MCS,20150624,9.7,9.7,9.5,9.6,2681600
MCS,20150625,9.6,9.6,9.3,9.6,3788600
MCS,20150626,9.6,9.7,9.5,9.55,2025400
MCS,20150629,9.4,9.55,9.35,9.55,1833700
MCS,20150630,9.5,9.65,9.4,9.65,2107900
MCS,20150702,9.65,9.65,9.4,9.5,3745000
MCS,20150703,9.4,9.6,9.4,9.45,1409200
MCS,20150706,9.35,9.45,9.35,9.35,1614000
MCS,20150707,9.4,9.45,9.3,9.35,3460700
MCS,20150708,9.4,9.75,9.4,9.55,4987800
MCS,20150709,9.75,9.75,9.55,9.6,1875600
MCS,20150710,9.7,10,9.5,10,12596000
MCS,20150713,10.1,10.2,9.85,9.95,8989900
MCS,20150714,9.9,10,9.8,9.9,2117200
MCS,20150715,9.85,10.1,9.85,10,2803100
MCS,20150716,10,10,9.8,9.85,1955300
MCS,20150717,9.85,9.95,9.55,9.65,3605600
MCS,20150720,9.6,9.65,9.15,9.45,12945900
MCS,20150721,9.35,9.4,9.2,9.2,3590600
MCS,20150722,9.05,9.15,8.75,9.05,9716300
MCS,20150723,9.1,9.45,9.05,9.4,7224800
MCS,20150724,9.3,9.3,9.15,9.15,2679900
MCS,20150727,9.15,9.20,8.80,8.95,3849400.00
MCS,20150728,8.90,8.95,8.20,8.40,14177300.00
MCS,20150729,8.50,8.55,8.20,8.50,4269300.00
