PS,20051206,3.64,4.12,3.56,4.08,null
PS,20051207,4.12,4.22,4.06,4.1,null
PS,20051208,4.2,4.38,4.16,4.32,null
PS,20051209,4.38,4.46,4.36,4.44,null
PS,20051213,4.44,4.46,4.36,4.4,null
PS,20051214,4.4,4.4,4.34,4.34,null
PS,20051215,4.32,4.36,4.24,4.36,null
PS,20051216,4.32,4.4,4.32,4.4,null
PS,20051219,4.4,4.48,4.38,4.38,null
PS,20051220,4.4,4.42,4.32,4.38,null
PS,20051221,4.4,4.42,4.4,4.42,null
PS,20051222,4.4,4.42,4.38,4.4,null
PS,20051223,4.4,4.62,4.38,4.62,null
PS,20051226,4.62,4.96,4.62,4.9,null
PS,20051227,4.96,4.96,4.8,4.9,null
PS,20051228,4.88,5.1,4.82,5,8557100
PS,20051229,5.05,5.3,4.84,4.86,8032700
PS,20051230,4.86,4.94,4.86,4.86,781700
PS,20060103,4.86,5.15,4.86,5.15,null
PS,20060104,5.4,5.75,5.4,5.5,null
PS,20060105,5.4,5.45,5.1,5.2,null
PS,20060106,5.2,5.35,5.15,5.35,null
PS,20060109,5.4,5.55,5.25,5.35,null
PS,20060110,5.4,5.4,5.15,5.2,null
PS,20060111,5.3,6.05,5.25,6.05,null
PS,20060112,5.85,6.35,5.7,6.15,null
PS,20060113,6.2,6.55,6.1,6.3,null
PS,20060116,6.3,6.3,6,6.05,null
PS,20060117,6.05,6.2,6,6.05,null
PS,20060118,6.1,6.4,6.1,6.35,null
PS,20060119,6.5,7.15,6.5,6.75,null
PS,20060120,6.9,7.15,6.55,6.6,null
PS,20060123,6.55,6.55,6.2,6.25,null
PS,20060124,6.35,6.45,6,6.15,null
PS,20060125,6.15,6.65,6.15,6.6,null
PS,20060126,6.7,6.8,6.5,6.6,null
PS,20060127,6.8,6.8,6.5,6.55,null
PS,20060130,6.55,6.55,6.3,6.4,null
PS,20060131,6.3,6.3,6.15,6.2,null
PS,20060201,6.2,6.3,6.2,6.3,null
PS,20060202,6.3,6.3,6,6.05,null
PS,20060203,6.05,6.3,6.05,6.3,null
PS,20060206,6.35,6.35,6.15,6.15,null
PS,20060207,6.2,6.65,6.2,6.6,null
PS,20060208,6.65,6.65,6.3,6.3,null
PS,20060209,6.35,6.5,6.2,6.3,null
PS,20060210,6.35,6.95,6.35,6.75,null
PS,20060214,6.75,6.75,6.3,6.5,null
PS,20060215,6.65,6.65,6.45,6.45,null
PS,20060216,6.55,6.8,6.45,6.8,null
PS,20060217,6.8,6.85,6.65,6.7,null
PS,20060220,6.6,6.65,6.6,6.65,null
PS,20060221,6.6,6.8,6.5,6.7,null
PS,20060222,6.7,6.75,6.4,6.45,null
PS,20060223,6.45,6.55,6.3,6.35,null
PS,20060224,6.35,7.1,6.35,6.95,null
PS,20060227,7.05,7.15,7,7,null
PS,20060228,6.9,6.95,6.75,6.8,null
PS,20060301,6.8,6.9,6.7,6.85,null
PS,20060302,6.85,6.85,6.75,6.8,null
PS,20060303,6.7,6.85,6.7,6.8,null
PS,20060306,6.8,6.8,6.7,6.7,null
PS,20060307,6.7,6.75,6.7,6.7,null
PS,20060308,6.55,6.75,6.55,6.65,null
PS,20060309,6.7,6.85,6.7,6.85,null
PS,20060310,6.75,7.05,6.75,7.05,null
PS,20060313,7,7.05,7,7,null
PS,20060314,7,7.05,7,7,null
PS,20060315,7,7,6.75,6.75,null
PS,20060316,6.85,6.9,6.8,6.85,null
PS,20060317,7,7,6.8,6.9,null
PS,20060320,6.9,6.9,6.9,6.9,null
PS,20060321,6.9,6.9,6.9,6.9,null
PS,20060322,7.2,7.2,6.85,6.9,null
PS,20060323,6.9,7.05,6.9,6.9,null
PS,20060328,6.9,6.9,6.9,6.9,null
PS,20060329,6.9,6.95,6.9,6.9,null
PS,20060331,7,7.1,6.9,7,null
PS,20060403,7,7,6.95,6.95,null
PS,20060404,6.9,7.05,6.9,7,null
PS,20060405,7.15,7.35,7.15,7.3,null
PS,20060407,7.5,7.8,7.45,7.45,null
PS,20060410,7.45,7.45,7.4,7.4,null
PS,20060411,7.45,7.45,7.3,7.3,null
PS,20060412,7.3,7.4,7.15,7.3,null
PS,20060417,7.35,7.35,7.1,7.15,null
PS,20060418,7.15,7.15,7,7.05,null
PS,20060420,7.1,7.1,7,7,null
PS,20060421,7,7,6.7,6.9,null
PS,20060424,6.85,7.1,6.85,7,null
PS,20060425,7.05,7.45,7.05,7.35,null
PS,20060426,7.4,7.75,7.4,7.6,null
PS,20060427,7.6,7.9,7.6,7.8,null
PS,20060428,7.8,7.8,7.8,7.8,3900
PS,20060502,7.9,7.9,7.9,7.9,null
PS,20060503,7.9,7.95,7.65,7.95,null
PS,20060504,7.75,7.95,7.65,7.9,38000
PS,20060508,8,8.1,7.8,7.8,null
PS,20060509,7.8,7.8,7.4,7.4,null
PS,20060510,7.45,7.45,7,7.15,null
PS,20060511,7.15,7.3,7,7.3,null
PS,20060515,7.1,7.4,7.1,7.4,null
PS,20060516,7,7.35,7,7.35,null
PS,20060517,7.25,7.3,7.25,7.3,null
PS,20060518,7.1,7.1,6.9,7,null
PS,20060519,6.9,7,6.85,6.9,null
PS,20060522,6.8,6.9,6.7,6.75,null
PS,20060523,6.7,6.8,6.65,6.7,null
PS,20060524,6.7,6.85,6.7,6.85,null
PS,20060525,6.85,6.85,6.5,6.5,null
PS,20060526,6.6,6.6,6.25,6.55,null
PS,20060529,6.55,6.6,6.55,6.6,null
PS,20060530,6.5,6.6,6.4,6.6,null
PS,20060531,6.4,6.4,6,6.1,null
PS,20060601,6.1,6.1,5.85,5.9,null
PS,20060602,5.75,6.15,5.75,6,null
PS,20060605,6,6,5.9,5.9,null
PS,20060606,5.8,6.25,4.84,5.6,null
PS,20060607,5.6,5.95,5.6,5.95,null
PS,20060608,5.95,6.1,5.9,5.95,null
PS,20060609,5.65,5.85,5.6,5.85,null
PS,20060614,5.5,5.5,5,5.1,33000
PS,20060615,5.15,5.25,5.15,5.2,null
PS,20060616,5.25,5.3,5.2,5.25,null
PS,20060619,5.1,5.15,5.1,5.1,null
PS,20060620,5.1,5.15,5,5.15,null
PS,20060621,5.1,5.3,5.1,5.3,null
PS,20060622,5.3,5.3,5.2,5.3,null
PS,20060623,5.2,5.3,5.2,5.3,null
PS,20060626,5.2,5.25,5.2,5.2,null
PS,20060627,5.25,5.3,5.25,5.25,null
PS,20060628,5.2,5.45,5.2,5.4,null
PS,20060629,5.45,5.65,5.45,5.6,null
PS,20060630,5.85,6.1,5.75,5.95,null
PS,20060703,5.8,5.85,5.8,5.85,null
PS,20060704,5.9,5.9,5.7,5.7,null
PS,20060705,5.7,5.7,5.5,5.5,null
PS,20060706,5.5,5.6,5.5,5.55,null
PS,20060707,5.75,5.9,5.65,5.7,null
PS,20060710,5.5,5.75,5.5,5.75,null
PS,20060712,5.45,5.7,5.45,5.6,null
PS,20060713,5.6,5.7,5.6,5.7,null
PS,20060714,5.5,5.55,5.5,5.5,null
PS,20060717,5.5,5.6,5.5,5.6,null
PS,20060718,5.6,5.6,5.5,5.5,null
PS,20060719,5.5,5.6,5.5,5.6,null
PS,20060720,5.65,5.75,5.65,5.75,null
PS,20060721,5.55,6.4,5.55,6.05,67800
PS,20060724,6.05,6.05,6,6,null
PS,20060725,6.05,6.05,5.95,6,null
PS,20060726,6.05,6.4,6.05,6.15,null
PS,20060727,6.15,6.3,6.15,6.3,null
PS,20060728,6.25,6.25,6.2,6.25,null
PS,20060731,6.3,6.3,6.25,6.3,null
PS,20060801,6.3,6.3,6.05,6.15,null
PS,20060802,6.05,6.2,6.05,6.05,null
PS,20060803,6.05,6.15,5.95,6.05,null
PS,20060804,6,6.1,6,6,null
PS,20060807,6,6.05,6,6,null
PS,20060808,6.1,6.15,6,6.15,null
PS,20060809,6.1,6.15,6.05,6.15,null
PS,20060810,6.15,6.15,6.1,6.1,null
PS,20060811,6,6,6,6,null
PS,20060815,6,6.15,6,6,null
PS,20060816,6.05,6.05,6,6.05,null
PS,20060817,6.1,6.6,6.1,6.45,null
PS,20060818,6.5,6.75,6.5,6.65,null
PS,20060821,6.65,6.7,6.4,6.65,null
PS,20060822,6.65,6.8,6.55,6.75,null
PS,20060823,6.75,6.75,6.4,6.4,null
PS,20060824,6.3,6.45,6.3,6.4,null
PS,20060825,6.4,6.45,6.4,6.45,null
PS,20060828,6.25,6.45,6.25,6.45,null
PS,20060829,6.35,6.6,6.35,6.6,null
PS,20060830,6.65,6.65,6.5,6.6,null
PS,20060831,6.6,6.7,6.6,6.6,null
PS,20060901,6.6,6.6,6.5,6.5,null
PS,20060904,6.45,6.5,6.45,6.5,null
PS,20060905,6.6,6.6,6.45,6.45,null
PS,20060906,6.45,6.5,6.45,6.5,null
PS,20060907,6.45,6.55,6.45,6.55,null
PS,20060908,6.55,6.85,6.55,6.7,null
PS,20060911,6.6,6.7,6.6,6.6,null
PS,20060912,6.7,7,6.7,7,null
PS,20060913,7,7,6.85,6.85,null
PS,20060914,6.9,6.9,6.65,6.8,null
PS,20060915,6.8,6.95,6.8,6.95,null
PS,20060918,6.95,6.95,6.8,6.8,null
PS,20060919,6.8,6.85,6.8,6.8,null
PS,20060921,6.7,6.7,6.3,6.5,null
PS,20060922,6.55,6.65,6.5,6.5,null
PS,20060925,6.5,6.5,6.5,6.5,null
PS,20060926,6.5,6.55,6.35,6.55,null
PS,20060927,6.6,6.65,6.55,6.55,null
PS,20060928,6.6,7,6.55,6.55,null
PS,20060929,6.6,6.75,6.45,6.55,null
PS,20061002,6.55,6.7,6.55,6.65,null
PS,20061003,6.65,6.75,6.65,6.7,null
PS,20061004,6.9,6.9,6.7,6.7,null
PS,20061005,6.7,6.75,6.55,6.6,null
PS,20061006,6.65,6.65,6.4,6.5,null
PS,20061009,6.45,6.65,6.45,6.5,null
PS,20061010,6.5,6.6,6.5,6.5,null
PS,20061011,6.5,6.65,6.5,6.55,null
PS,20061012,6.55,6.6,6.55,6.55,null
PS,20061013,6.55,6.55,6.5,6.5,null
PS,20061016,6.55,6.75,6.5,6.55,null
PS,20061017,6.55,6.65,6.55,6.6,null
PS,20061018,6.6,6.65,6.55,6.55,null
PS,20061019,6.55,6.65,6.5,6.55,null
PS,20061020,6.55,6.7,6.55,6.65,null
PS,20061024,6.7,6.8,6.6,6.7,null
PS,20061025,6.75,7,6.75,6.95,null
PS,20061026,7,7,6.7,6.75,null
PS,20061027,6.75,6.8,6.7,6.7,null
PS,20061030,6.65,6.7,6.6,6.65,null
PS,20061031,6.7,6.7,6.6,6.6,null
PS,20061101,6.65,6.8,6.6,6.75,null
PS,20061102,6.75,6.8,6.7,6.75,null
PS,20061103,6.8,6.85,6.7,6.8,null
PS,20061106,6.8,6.85,6.75,6.75,null
PS,20061107,6.8,6.85,6.7,6.8,null
PS,20061108,6.85,6.9,6.7,6.75,null
PS,20061109,6.75,6.75,6.65,6.7,null
PS,20061110,6.7,6.85,6.7,6.8,null
PS,20061113,6.8,6.8,6.75,6.75,null
PS,20061114,6.8,6.8,6.7,6.75,null
PS,20061115,6.7,6.7,6.7,6.7,null
PS,20061116,6.7,6.7,6.55,6.6,null
PS,20061117,6.6,6.65,6.55,6.6,null
PS,20061120,6.6,6.6,6.35,6.4,null
PS,20061121,6.35,6.4,6.25,6.3,null
PS,20061122,6.3,6.3,6.1,6.25,null
PS,20061123,6.25,6.45,6.25,6.4,null
PS,20061124,6.4,6.55,6.4,6.55,null
PS,20061127,6.55,6.65,6.55,6.6,null
PS,20061128,6.55,6.55,6.45,6.45,51000
PS,20061129,6.45,6.45,6.3,6.3,null
PS,20061130,6.35,6.45,6.3,6.35,null
PS,20061201,6.35,6.35,6.25,6.25,null
PS,20061204,6.25,6.35,6.25,6.35,null
PS,20061206,6.35,6.35,6.3,6.3,null
PS,20061207,6.3,6.3,6.25,6.25,null
PS,20061208,6.25,6.3,6.25,6.25,null
PS,20061212,6.25,6.35,6.25,6.25,null
PS,20061213,6.25,6.3,6.25,6.3,null
PS,20061214,6.3,6.4,6.3,6.4,null
PS,20061215,6.5,6.55,6.25,6.3,null
PS,20061218,6.3,6.35,6.3,6.3,null
PS,20061219,6,6.05,4.92,5,null
PS,20061220,5.7,6.1,5.55,6,null
PS,20061221,5.9,6,5.9,6,null
PS,20061222,5.95,5.95,5.9,5.95,null
PS,20061225,6,6.1,6,6.1,null
PS,20061226,6,6,5.95,6,null
PS,20061227,6,6,5.9,5.95,919700
PS,20061228,5.95,5.95,5.6,5.8,1846700
PS,20061229,5.7,5.85,5.6,5.85,1155000
PS,20070103,5.6,5.6,5.45,5.6,400100
PS,20070104,5.5,5.5,5.4,5.4,891400
PS,20070105,5.3,5.3,5.05,5.05,1400400
PS,20070108,5.05,5.05,4.96,4.98,1508500
PS,20070109,4.96,4.98,4.64,4.64,1087200
PS,20070110,4.7,4.7,4.64,4.7,1980000
PS,20070111,4.78,4.84,4.72,4.84,3548600
PS,20070112,4.9,4.92,4.86,4.9,2335800
PS,20070115,4.9,4.92,4.88,4.88,1187400
PS,20070116,4.9,4.98,4.88,4.88,11451200
PS,20070117,4.9,4.92,4.88,4.88,7562800
PS,20070118,4.9,5.05,4.9,5.05,11691500
PS,20070119,5.05,5.4,5,5.4,9279300
PS,20070122,5.45,5.6,5.3,5.3,4668500
PS,20070123,5.3,5.35,5.15,5.2,3017400
PS,20070124,5.3,5.35,5.2,5.2,3446100
PS,20070125,5.3,5.35,5.25,5.35,4281200
PS,20070126,5.3,5.5,5.3,5.4,2234700
PS,20070129,5.4,5.45,5.35,5.35,1439400
PS,20070130,5.35,5.5,5.35,5.35,2083200
PS,20070131,5.4,5.6,5.4,5.5,1985300
PS,20070201,5.55,5.65,5.55,5.65,586900
PS,20070202,5.65,6.05,5.65,6,5340100
PS,20070205,6.05,6.1,5.95,5.95,2672700
PS,20070206,6,6,5.85,5.85,1692500
PS,20070207,5.85,6.05,5.85,6,2544800
PS,20070208,5.9,6,5.9,5.95,903700
PS,20070209,5.95,6,5.85,5.85,1517100
PS,20070212,5.85,5.85,5.7,5.7,1672400
PS,20070213,5.7,5.75,5.6,5.7,2359900
PS,20070214,5.7,5.8,5.7,5.75,928300
PS,20070215,5.75,5.75,5.65,5.65,980400
PS,20070216,5.65,5.7,5.65,5.65,757900
PS,20070219,5.6,5.6,5.6,5.6,585300
PS,20070220,5.7,5.7,5.6,5.6,1155900
PS,20070221,5.65,5.8,5.65,5.8,2062100
PS,20070222,5.85,5.85,5.75,5.8,3100900
PS,20070223,5.75,5.75,5.65,5.75,1320400
PS,20070226,5.7,5.75,5.6,5.65,700800
PS,20070227,5.65,5.65,5.4,5.55,1771000
PS,20070228,5.2,5.5,5.2,5.45,3134100
PS,20070301,5.45,5.6,5.45,5.6,2466900
PS,20070302,5.65,5.8,5.65,5.65,1736200
PS,20070306,5.6,5.6,5.55,5.6,935000
PS,20070307,5.6,5.6,5.55,5.6,659700
PS,20070308,5.6,5.6,5.6,5.6,865600
PS,20070309,5.65,5.65,5.6,5.65,165000
PS,20070312,5.65,5.65,5.6,5.65,632500
PS,20070313,5.65,5.75,5.65,5.75,1006200
PS,20070314,5.65,5.7,5.65,5.7,992200
PS,20070315,5.7,5.8,5.7,5.75,1132300
PS,20070316,5.55,5.6,5.5,5.55,376200
PS,20070319,5.55,5.6,5.55,5.6,361000
PS,20070320,5.6,5.7,5.6,5.7,332000
PS,20070321,5.7,5.75,5.7,5.7,1209400
PS,20070322,5.75,5.75,5.7,5.7,591100
PS,20070323,5.7,5.7,5.65,5.7,471700
PS,20070326,5.7,5.7,5.7,5.7,360700
PS,20070327,5.75,5.75,5.7,5.7,618000
PS,20070328,5.65,5.7,5.65,5.7,1020000
PS,20070329,5.65,5.65,5.5,5.55,1179400
PS,20070330,5.55,5.65,5.45,5.65,643600
PS,20070402,5.65,5.7,5.6,5.65,203300
PS,20070403,5.65,5.7,5.6,5.7,792300
PS,20070404,5.75,5.75,5.6,5.6,3065500
PS,20070405,5.6,5.6,5.55,5.6,3971400
PS,20070409,5.6,5.6,5.55,5.6,958300
PS,20070410,5.6,5.6,5.6,5.6,1144900
PS,20070411,5.6,5.6,5.55,5.55,404000
PS,20070412,5.55,5.6,5.55,5.55,524000
PS,20070417,5.6,5.6,5.6,5.6,234300
PS,20070418,5.55,5.6,5.55,5.6,758400
PS,20070419,5.6,5.6,5.55,5.6,779500
PS,20070420,5.55,5.55,5.55,5.55,160000
PS,20070423,5.55,5.6,5.55,5.6,595300
PS,20070424,5.55,5.6,5.55,5.6,324800
PS,20070425,5.6,5.6,5.55,5.6,2203200
PS,20070426,5.6,5.65,5.6,5.6,437300
PS,20070427,5.6,5.6,5.55,5.55,520000
PS,20070430,5.6,5.6,5.55,5.55,339000
PS,20070502,5.55,5.6,5.55,5.55,938900
PS,20070503,5.6,5.65,5.55,5.6,1945500
PS,20070504,5.6,5.6,5.55,5.55,1876600
PS,20070508,5.6,5.65,5.55,5.6,2667700
PS,20070509,5.6,5.6,5.6,5.6,434300
PS,20070510,5.6,5.6,5.6,5.6,461600
PS,20070511,5.6,5.65,5.55,5.65,498900
PS,20070514,5.7,6,5.7,6,3347100
PS,20070515,6,6,5.85,5.85,1065700
PS,20070516,5.85,5.9,5.85,5.85,1171900
PS,20070517,5.9,5.95,5.9,5.9,1478300
PS,20070518,5.95,6.2,5.95,6.2,4394000
PS,20070521,6.2,6.2,6.05,6.2,3595100
PS,20070522,6.2,6.2,6.15,6.15,1689800
PS,20070523,6.15,6.2,6.1,6.15,2163000
PS,20070524,6.1,6.1,6,6.1,1554400
PS,20070525,6.05,6.15,6,6.1,3103300
PS,20070528,6.1,6.1,6.05,6.05,1108000
PS,20070529,6.1,6.35,6.1,6.25,3074000
PS,20070530,6.25,6.4,6.25,6.4,2213600
PS,20070601,6.45,6.6,6.4,6.5,2867000
PS,20070604,6.55,6.6,6.5,6.55,1776200
PS,20070605,6.55,6.55,6.45,6.5,590900
PS,20070606,6.5,6.55,6.4,6.4,3340200
PS,20070607,6.4,6.45,6.3,6.4,954800
PS,20070608,6.4,6.5,6.4,6.45,1500100
PS,20070611,6.45,6.45,6.3,6.4,2258100
PS,20070612,6.4,6.4,6.3,6.3,546100
PS,20070613,6.35,6.35,6.1,6.1,162500
PS,20070614,6.2,6.25,6.2,6.25,133800
PS,20070615,6.25,6.4,6.2,6.3,2150200
PS,20070618,6.35,6.4,6.35,6.35,1961500
PS,20070619,6.35,6.5,6.35,6.4,1729200
PS,20070620,6.4,6.45,6.35,6.35,1982700
PS,20070621,6.5,6.55,6.1,6.3,3386000
PS,20070622,6.3,6.3,6.05,6.15,6643800
PS,20070625,6.15,6.25,6.15,6.2,1345500
PS,20070626,6.2,6.2,6.2,6.2,4742600
PS,20070627,6.2,6.3,6.2,6.2,2263200
PS,20070628,6.3,6.55,6.3,6.45,2658100
PS,20070629,6.45,6.45,6.3,6.3,1412300
PS,20070702,6.35,6.45,6.35,6.45,8059200
PS,20070703,6.55,6.9,6.55,6.8,11824900
PS,20070704,6.9,7.65,6.9,7.55,18680600
PS,20070705,7.8,8.25,7.75,7.95,5687000
PS,20070706,7.95,8.25,7.85,8.15,2831600
PS,20070709,8.15,8.7,8.15,8.7,6338100
PS,20070710,8.7,9.05,8.6,9,7480600
PS,20070711,8.85,9.2,8.85,9,2783500
PS,20070712,9,9,8.6,8.8,2110600
PS,20070713,9,9.2,8.9,9.05,2106700
PS,20070716,9,9,8.8,8.8,1066900
PS,20070717,8.9,8.9,8.4,8.55,5453500
PS,20070718,8.55,8.7,8.4,8.4,6348500
PS,20070719,8.45,8.6,8.45,8.5,3977400
PS,20070720,8.5,8.65,8.5,8.55,5157400
PS,20070723,8.4,8.6,8.25,8.5,4806600
PS,20070724,8.5,8.65,8.5,8.6,14736300
PS,20070725,8.55,8.65,8.55,8.55,5137600
PS,20070726,8.55,8.55,8.35,8.5,4711500
PS,20070727,8.5,8.5,7.8,8.05,10845700
PS,20070731,8.05,8.1,8.05,8.1,1347900
PS,20070801,8.05,8.05,7.65,7.8,2451900
PS,20070802,8.1,8.1,7.6,7.7,1616900
PS,20070803,8,8.05,7.9,8.05,1720300
PS,20070806,7.9,7.95,7.8,7.85,885800
PS,20070807,7.95,7.95,7.85,7.85,500500
PS,20070808,8,8.15,8,8.05,646100
PS,20070809,8.15,8.75,8.1,8.2,5695700
PS,20070810,8,8.15,7.95,8,3979400
PS,20070814,8,8,7.85,7.85,581800
PS,20070815,7.8,7.8,7.3,7.35,2652700
PS,20070816,7.2,7.2,6.55,6.9,4359500
PS,20070817,6.9,7,6.75,6.9,2786100
PS,20070820,7.2,7.25,7.05,7.15,4310300
PS,20070821,7.2,7.3,6.95,6.95,4632500
PS,20070822,7.1,7.3,7.1,7.2,816200
PS,20070823,7.3,7.4,7.3,7.35,850800
PS,20070824,7.3,7.35,7.25,7.25,462500
PS,20070827,7.4,7.45,7.2,7.2,456400
PS,20070828,7.15,7.2,7.1,7.2,347900
PS,20070829,7.1,7.3,6.95,7.2,2640200
PS,20070830,7.3,7.35,7.3,7.3,212900
PS,20070831,7.3,7.45,7.3,7.45,368300
PS,20070903,7.5,7.75,7.45,7.7,385100
PS,20070904,7.7,7.8,7.7,7.7,855100
PS,20070905,7.7,8.15,7.7,8.1,3158500
PS,20070906,7.95,8,7.95,7.95,2066700
PS,20070907,8,8,7.9,7.95,1546700
PS,20070910,7.75,7.8,7.7,7.75,1153100
PS,20070911,7.8,8,7.8,7.95,2115700
PS,20070912,8,8.05,7.85,7.85,654400
PS,20070913,7.9,7.9,7.8,7.8,90200
PS,20070914,7.8,7.85,7.8,7.8,1746200
PS,20070917,7.8,7.9,7.8,7.9,240300
PS,20070918,7.9,7.9,7.85,7.85,86600
PS,20070919,7.9,7.95,7.85,7.9,1723900
PS,20070920,7.95,7.95,7.85,7.85,340200
PS,20070921,7.9,8,7.9,8,836600
PS,20070924,8,8,7.95,8,460500
PS,20070925,7.95,8,7.85,7.85,1643600
PS,20070926,7.9,8.15,7.9,8,4362500
PS,20070927,8.1,8.35,8.1,8.25,5647500
PS,20070928,8.3,8.4,8.2,8.25,6435700
PS,20071001,8.25,8.3,8.2,8.25,1600500
PS,20071002,8.35,8.7,8.3,8.4,7534600
PS,20071003,8.4,8.7,8.4,8.5,3441100
PS,20071004,8.4,8.4,8.2,8.25,2469600
PS,20071005,8.25,8.35,8.25,8.3,1968800
PS,20071008,8.35,8.4,8.25,8.3,1712400
PS,20071009,8.3,8.35,8.25,8.35,1277300
PS,20071010,8.4,8.55,8.4,8.45,2466400
PS,20071011,8.5,8.5,8.45,8.45,1026900
PS,20071012,8.5,8.5,8.4,8.4,1154800
PS,20071015,8.4,8.5,8.4,8.45,459700
PS,20071016,8.45,8.5,8.45,8.45,1684100
PS,20071017,8.45,8.5,8.2,8.25,1855600
PS,20071018,8.3,8.3,8.25,8.25,960600
PS,20071019,8.2,8.25,8.2,8.25,552300
PS,20071022,8,8.15,8,8.05,542000
PS,20071024,8.05,8.15,8.05,8.1,1697300
PS,20071025,8.15,8.2,8.05,8.2,1156800
PS,20071026,8.2,8.25,8.2,8.2,403000
PS,20071029,8.15,8.25,8.15,8.25,347400
PS,20071030,8.25,8.45,8.2,8.4,798900
PS,20071031,8.45,8.5,8.35,8.5,1428700
PS,20071101,8.6,8.85,8.6,8.65,10028800
PS,20071102,8.55,8.6,8.3,8.45,2148100
PS,20071105,8.45,8.45,8.25,8.25,901000
PS,20071106,8.3,8.3,8.1,8.25,411400
PS,20071107,8.25,8.25,7.95,8,3472900
PS,20071108,8,8,7.7,7.75,3528300
PS,20071109,7.75,8,7.75,7.95,845000
PS,20071112,7.85,7.85,7.65,7.75,889100
PS,20071113,7.95,7.95,7.8,7.9,939600
PS,20071114,7.95,8.3,7.95,8.15,2095500
PS,20071115,8.15,8.15,8,8.1,572100
PS,20071116,8.1,8.1,7.95,8,694800
PS,20071119,7.95,8,7.85,7.95,434300
PS,20071120,7.8,7.9,7.75,7.9,728000
PS,20071121,7.9,7.9,7.75,7.75,683500
PS,20071122,7.6,7.7,7.3,7.5,793200
PS,20071123,7.65,8.25,7.65,7.9,1058800
PS,20071126,8.2,8.2,7.95,8,446300
PS,20071127,8,8,7.9,7.9,250800
PS,20071128,7.9,7.9,7.85,7.85,102400
PS,20071129,7.9,8,7.85,7.95,1090600
PS,20071130,8,8,7.95,8,466800
PS,20071203,8.2,8.2,7.85,7.95,349000
PS,20071204,8,8.1,7.95,8,349500
PS,20071206,8.2,8.2,8.05,8.05,272200
PS,20071207,8.05,8.05,8,8,73100
PS,20071211,7.9,8,7.9,7.95,42700
PS,20071212,7.75,7.9,7.75,7.9,66500
PS,20071213,7.85,7.9,7.7,7.7,83800
PS,20071214,7.75,7.8,7.65,7.7,814200
PS,20071217,7.7,7.7,7.55,7.6,598300
PS,20071218,7.6,7.6,7.6,7.6,365400
PS,20071219,7.65,7.65,7.65,7.65,340000
PS,20071220,7.65,7.65,7.6,7.65,31600
PS,20071221,7.65,7.75,7.6,7.75,408500
PS,20071225,7.8,8.05,7.75,7.9,660700
PS,20071226,7.95,8,7.85,7.85,1221900
PS,20071227,7.9,8,7.9,8,1019100
PS,20071228,7.8,8.4,7.8,8.4,2999200
PS,20080102,8.2,8.25,8.05,8.1,238900
PS,20080103,8,8,7.9,7.95,566900
PS,20080104,8,8,7.95,7.95,1116300
PS,20080107,7.9,7.9,7.75,7.85,228700
PS,20080108,7.85,7.85,7.75,7.8,288200
PS,20080109,7.75,7.8,7.75,7.8,427700
PS,20080110,7.85,7.9,7.8,7.9,820800
PS,20080111,7.9,8,7.85,7.85,2201600
PS,20080114,7.8,7.9,7.8,7.9,787000
PS,20080115,7.9,7.9,7.55,7.55,1382600
PS,20080116,7.45,7.5,6.85,6.9,5647500
PS,20080117,7,7.25,6.95,7.25,3009400
PS,20080118,7.1,7.8,7,7.55,2247800
PS,20080121,7.65,7.65,7.55,7.55,1355100
PS,20080122,7.1,7.25,7,7.25,808800
PS,20080123,7.25,7.35,7.2,7.3,1166800
PS,20080124,7.35,7.45,7.3,7.3,298200
PS,20080125,7.4,7.45,7.2,7.4,1338400
PS,20080128,7.4,7.45,7.35,7.4,1562200
PS,20080129,7.4,7.45,7.35,7.4,266900
PS,20080130,7.4,7.45,7.35,7.4,834300
PS,20080131,7.4,7.5,7.35,7.35,821100
PS,20080201,7.4,7.75,7.4,7.7,1464200
PS,20080204,8,8.35,7.95,8.25,7559700
PS,20080205,8.2,8.3,8.15,8.2,5377500
PS,20080206,7.9,8,7.9,8,1874100
PS,20080207,7.95,8,7.95,7.95,203100
PS,20080208,8,8.1,8,8,840900
PS,20080211,8,8,7.9,7.9,1027400
PS,20080212,8,8.1,7.95,8,2369800
PS,20080213,8.1,8.15,8,8.15,1550700
PS,20080214,8.25,8.85,8.25,8.5,12749400
PS,20080215,8.5,8.65,8.25,8.6,4926500
PS,20080218,8.65,8.65,8.4,8.5,3824100
PS,20080219,8.5,8.5,8.45,8.5,2198600
PS,20080220,8.5,8.5,8.1,8.1,3185900
PS,20080222,8.2,8.4,8.1,8.3,1652300
PS,20080225,8.3,8.3,8.25,8.25,420900
PS,20080226,8.45,8.8,8.45,8.75,6063800
PS,20080227,8.7,8.8,8.65,8.7,2872000
PS,20080228,8.85,9.15,8.85,8.9,8061300
PS,20080229,8.85,8.9,8.75,8.85,3292100
PS,20080303,9.05,9.8,9.05,9.6,15691600
PS,20080304,9.55,9.9,9.5,9.5,13400000
PS,20080305,9.4,9.8,9.4,9.75,1700500
PS,20080306,9.7,9.75,9.6,9.6,1829000
PS,20080307,9.5,9.5,9.3,9.35,1562100
PS,20080310,9.3,9.3,8.65,8.9,3192000
PS,20080311,8.85,8.9,8.6,8.85,5929500
PS,20080312,9.2,9.65,9.05,9.45,5653000
PS,20080313,9.35,9.4,9.2,9.2,3316100
PS,20080314,9.35,9.5,9.35,9.5,1922700
PS,20080317,9.35,9.4,9.25,9.3,1710000
PS,20080318,9.3,9.35,9.25,9.35,2968400
PS,20080319,9.4,9.4,9.2,9.2,517600
PS,20080320,9.1,9.2,9.05,9.05,801700
PS,20080321,9.1,9.45,9.1,9.4,599600
PS,20080324,9.5,9.95,9.5,9.85,2185400
PS,20080325,9.95,10.8,9.85,10.7,4053800
PS,20080326,10.7,11.4,10.6,11,7108400
PS,20080327,10.8,11.1,10.6,10.7,1667800
PS,20080328,10.8,10.8,10.6,10.7,1014300
PS,20080331,10.8,10.8,9.95,10,1436100
PS,20080401,10,10.4,10,10.4,3615600
PS,20080402,10.8,11.8,10.8,11.8,11433800
PS,20080403,11.5,12.3,11.5,12,7994900
PS,20080404,12,12.4,11.6,12,2717100
PS,20080408,11.9,12.2,11.5,11.5,5706900
PS,20080409,11.6,11.7,10.7,10.8,3736300
PS,20080410,10.8,12.2,10.8,11.9,3013000
PS,20080411,11.9,12.7,11.9,12.5,4752700
PS,20080416,12.5,13.9,12.4,13.5,5901600
PS,20080417,13.3,13.3,12.6,12.9,3113300
PS,20080418,12.8,13,12.2,12.5,3484100
PS,20080421,12.5,12.5,11.8,12,3624300
PS,20080422,11.9,12.6,11.7,12.2,4761900
PS,20080423,12.4,12.4,11.4,11.8,6480300
PS,20080424,11.9,11.9,11.7,11.7,2380400
PS,20080425,11.6,12,11.6,12,3646200
PS,20080428,12,12.2,11.9,12,1451100
PS,20080429,12.1,12.1,11.8,11.9,1072800
PS,20080430,11.9,12.1,11.9,12.1,557000
PS,20080502,12.2,12.6,12.2,12.3,3613500
PS,20080506,12.3,12.3,11.7,11.9,2911900
PS,20080507,11.9,12.5,11.9,12.1,4012100
PS,20080508,11.8,11.9,11.6,11.7,3399100
PS,20080509,11.9,11.9,11.4,11.5,2102600
PS,20080512,11.4,11.8,11.4,11.6,2102900
PS,20080513,11.6,12.3,11.6,11.9,7614200
PS,20080514,12.2,12.2,11.9,12.1,3589600
PS,20080515,12.3,12.8,12.3,12.4,7610300
PS,20080516,12.5,13.4,12.5,13.2,7598000
PS,20080520,13.4,13.4,12.5,12.6,3015400
PS,20080521,12.4,12.4,11.7,12.1,9570700
PS,20080522,11.8,12,11.8,12,3000000
PS,20080523,12,12.2,11.8,11.8,6775600
PS,20080526,11.8,11.9,11.5,11.9,1219600
PS,20080527,12,12,11.8,11.9,765300
PS,20080528,11.9,11.9,11.6,11.6,1654400
PS,20080529,11.6,11.6,10.8,11.1,9840500
PS,20080530,11.1,11.4,11,11,4282200
PS,20080602,10.9,10.9,10.3,10.3,2346600
PS,20080603,10.2,10.7,9.8,10.7,5119200
PS,20080604,10.7,10.8,10.6,10.7,2593600
PS,20080605,10.7,10.8,10.5,10.8,862300
PS,20080606,11,11.1,10.9,11,2614800
PS,20080609,10.8,10.8,10.4,10.5,985100
PS,20080610,10.6,10.6,10.3,10.5,1686000
PS,20080611,10.5,10.6,10.4,10.6,1031200
PS,20080612,10.4,10.5,10.2,10.4,3245500
PS,20080613,10.4,10.4,9.6,9.85,6621000
PS,20080616,9.85,9.9,9.7,9.85,1643700
PS,20080617,9.8,9.8,9.45,9.6,4291400
PS,20080618,9.3,9.6,9.25,9.45,287000
PS,20080619,9.3,9.3,8.9,9,4291800
PS,20080620,8.95,8.95,8.55,8.9,6366700
PS,20080623,8.8,8.9,8.6,8.85,729100
PS,20080624,8.8,8.85,8.65,8.8,1955800
PS,20080625,8.85,9.15,8.85,9,9365500
PS,20080626,9.15,9.65,9.15,9.5,18339900
PS,20080627,9.35,9.45,9.2,9.4,5189300
PS,20080630,9.4,9.4,8.85,8.85,2818900
PS,20080702,8.85,8.85,8.4,8.55,3544500
PS,20080703,8.4,8.4,7.55,7.7,8886600
PS,20080704,7.8,7.8,7.3,7.35,7382400
PS,20080707,7.4,7.55,7.4,7.55,1600000
PS,20080708,7.5,7.55,7.15,7.35,4668500
PS,20080709,7.5,7.65,7.3,7.4,9860200
PS,20080710,7.35,7.75,7.3,7.75,3210700
PS,20080711,7.8,7.9,7.7,7.8,1886600
PS,20080714,7.7,7.8,7.6,7.65,1675600
PS,20080715,7.55,7.55,7.1,7.1,3109300
PS,20080716,7.15,7.25,7,7.15,932200
PS,20080718,7.35,7.35,7.05,7.15,1472800
PS,20080721,7.25,7.5,7.2,7.45,1763100
PS,20080722,7.45,7.55,7.35,7.45,1644500
PS,20080723,7.55,8.1,7.55,7.85,4978300
PS,20080724,7.95,8.1,7.85,7.9,5700500
PS,20080725,7.8,7.8,7.5,7.5,2623900
PS,20080728,7.6,7.6,7.35,7.6,3791400
PS,20080729,7.45,7.6,7.45,7.6,870200
PS,20080730,7.75,7.9,7.7,7.85,2364900
PS,20080731,7.85,7.95,7.7,7.8,1360500
PS,20080801,7.8,7.8,7.55,7.65,2465800
PS,20080804,7.65,7.8,7.65,7.7,1357700
PS,20080805,7.8,8.2,7.8,8.15,8347600
PS,20080806,8.35,8.7,8.35,8.4,6668800
PS,20080807,8.5,8.65,8.35,8.65,5267300
PS,20080808,8.65,8.65,8.2,8.25,3509300
PS,20080811,8.6,9.05,8.55,8.6,6585400
PS,20080813,8.6,9.05,8.6,9.05,3795200
PS,20080814,9,9.15,8.9,9.1,3158200
PS,20080815,9.15,9.15,9,9.1,345900
PS,20080818,9.05,9.1,8.65,8.7,728100
PS,20080819,8.7,8.7,8.3,8.45,586900
PS,20080820,8.35,8.4,8.15,8.3,1538300
PS,20080821,8.35,8.35,7.8,7.9,2082000
PS,20080822,7.85,7.85,7.4,7.65,10060500
PS,20080825,7.75,7.8,7.65,7.7,1124900
PS,20080826,7.65,7.65,7.45,7.65,2540000
PS,20080827,7.65,7.75,7.6,7.65,909400
PS,20080828,7.75,7.75,7.65,7.7,2804000
PS,20080829,7.75,7.75,7.45,7.6,1571900
PS,20080901,7.45,7.65,7.4,7.65,1928700
PS,20080902,7.45,7.45,6.95,7.15,6748000
PS,20080903,7.15,7.2,7,7.05,2451600
PS,20080904,7.05,7.15,6.95,7.1,2228800
PS,20080905,7.05,7.2,7.05,7.2,1981000
PS,20080908,7.4,7.7,7.3,7.65,6592400
PS,20080909,7.45,7.65,7.4,7.65,3102000
PS,20080910,7.55,7.6,7.45,7.45,1006500
PS,20080911,7.45,7.6,7.45,7.45,1445600
PS,20080912,7.5,7.6,7.5,7.6,447700
PS,20080915,7.65,7.65,7.5,7.5,1332400
PS,20080916,7.2,7.5,7.15,7.45,1759100
PS,20080917,7.4,7.5,7.35,7.45,1012400
PS,20080918,7.25,7.3,6.95,7.2,5222100
PS,20080919,7.4,7.55,7.3,7.55,1615600
PS,20080922,7.55,7.6,7.4,7.4,2172800
PS,20080923,7.3,7.3,7.2,7.25,1187600
PS,20080924,7.3,7.35,7.3,7.35,1407700
PS,20080925,7.3,7.35,7.3,7.3,1044000
PS,20080926,7.2,7.3,7.2,7.25,935200
PS,20080929,7.25,7.3,7.1,7.1,1957100
PS,20080930,6.6,7.15,6.6,7.1,4613000
PS,20081001,7.15,7.35,7.05,7.2,1370100
PS,20081002,7.25,7.35,7.2,7.25,1142800
PS,20081003,7.15,7.15,7.05,7.1,1104000
PS,20081006,6.8,6.9,6.5,6.5,8972800
PS,20081007,6.3,6.45,5.8,6,5240000
PS,20081008,6,6,5.5,5.6,2965400
PS,20081009,5.9,5.9,5.1,5.7,3895100
PS,20081010,5.3,5.3,4.96,5.1,3539800
PS,20081013,5.2,5.5,5.15,5.15,5792300
PS,20081014,5.4,5.55,5.25,5.4,5445500
PS,20081015,5.4,5.4,5.2,5.3,3640800
PS,20081016,5.05,5.05,4.7,5,4926600
PS,20081017,5.15,5.2,4.78,4.78,3105400
PS,20081020,4.78,4.92,4.78,4.9,563200
PS,20081021,4.96,5.1,4.94,5,1331100
PS,20081022,5,5.15,5,5.05,1361200
PS,20081024,4.98,4.98,4.72,4.86,4954800
PS,20081027,4.74,4.74,3.86,4.04,5800100
PS,20081028,4.04,4.22,3.98,4.14,2150200
PS,20081029,4.14,4.32,4.14,4.24,809200
PS,20081030,4.3,4.56,4.26,4.54,3439100
PS,20081031,4.52,4.7,4.52,4.6,2681100
PS,20081103,4.88,5.15,4.8,5.05,3736800
PS,20081104,4.92,5.2,4.92,5.1,3160800
PS,20081105,5.3,5.55,5.15,5.25,3017500
PS,20081106,5.2,5.2,5.05,5.1,1943200
PS,20081107,5.15,5.2,5,5.05,1896300
PS,20081110,5.25,5.3,5.05,5.05,881000
PS,20081111,5.05,5.05,4.8,4.8,1159400
PS,20081112,4.72,4.72,4.62,4.66,3261500
PS,20081113,4.66,4.66,4.32,4.32,2352800
PS,20081114,4.38,4.42,4.06,4.06,2521600
PS,20081117,4.1,4.26,4.1,4.26,262300
PS,20081118,4.2,4.26,4.16,4.26,859800
PS,20081119,4.26,4.38,4.08,4.08,1159100
PS,20081120,3.98,3.98,3.3,3.4,10717300
PS,20081121,3.32,3.7,3.3,3.5,5909000
PS,20081124,3.42,3.5,3.34,3.42,4269600
PS,20081125,3.46,3.54,3.38,3.38,3045300
PS,20081126,3.32,3.4,3.22,3.4,2509500
PS,20081127,3.36,3.48,3.36,3.36,1757900
PS,20081128,3.36,3.52,3.36,3.52,1018700
PS,20081201,3.52,3.54,3.36,3.42,1175300
PS,20081202,3.38,3.42,3.36,3.42,1341300
PS,20081203,3.54,3.58,3.44,3.46,3305600
PS,20081204,3.5,3.5,3.24,3.3,3040900
PS,20081208,3.36,3.96,3.36,3.96,4109800
PS,20081209,3.96,4.26,3.76,4.06,6139500
PS,20081211,4.1,4.12,3.8,3.8,3392100
PS,20081212,3.76,3.9,3.68,3.9,1783000
PS,20081215,4,4.3,3.9,4.22,3717500
PS,20081216,4.22,4.38,4.16,4.24,2417300
PS,20081217,4.34,4.96,4.34,4.58,8795200
PS,20081218,4.6,4.9,4.52,4.58,11395200
PS,20081219,4.54,4.72,4.52,4.52,4685300
PS,20081222,4.58,4.58,4.14,4.22,2873400
PS,20081223,4.18,4.3,4.14,4.28,3221000
PS,20081224,4.28,4.42,4.28,4.34,1626000
PS,20081225,4.4,4.66,4.4,4.62,6527900
PS,20081226,4.7,4.72,4.6,4.6,3623100
PS,20081229,4.6,4.6,4.26,4.5,3100900
PS,20081230,4.54,4.56,4.36,4.38,1961800
PS,20090105,4.5,4.68,4.46,4.66,8474300
PS,20090106,4.7,4.74,4.58,4.6,6173400
PS,20090107,4.7,4.7,4.52,4.52,3018600
PS,20090108,4.48,4.58,4.46,4.58,1230000
PS,20090109,4.68,4.8,4.58,4.58,7835600
PS,20090112,4.7,4.7,4.56,4.58,5108300
PS,20090113,4.6,4.76,4.56,4.56,13470600
PS,20090114,4.62,4.62,4.34,4.44,4006600
PS,20090115,4.32,4.36,4.26,4.26,1671400
PS,20090116,4.32,4.44,4.32,4.44,1001200
PS,20090119,4.5,4.54,4.48,4.5,3085800
PS,20090120,4.46,4.48,4.36,4.38,3245100
PS,20090121,4.36,4.46,4.36,4.36,4456100
PS,20090122,4.42,4.5,4.38,4.38,4123100
PS,20090123,4.38,4.4,4.34,4.34,753400
PS,20090126,4.38,4.4,4.34,4.36,341800
PS,20090127,4.4,4.44,4.38,4.42,1291000
PS,20090128,4.44,4.52,4.44,4.5,2501700
PS,20090129,4.54,4.54,4.26,4.26,3625900
PS,20090130,4.3,4.3,4.24,4.28,1104000
PS,20090202,4.28,4.28,3.98,4,2651000
PS,20090203,4,4.02,3.8,3.86,5244800
PS,20090204,3.92,3.98,3.9,3.96,1937700
PS,20090205,3.94,4.02,3.94,4,941600
PS,20090206,4.08,4.1,4,4.1,1561900
PS,20090210,4.14,4.14,4,4.04,986700
PS,20090211,3.9,4.02,3.9,4.02,1566700
PS,20090212,4.02,4.02,3.96,3.98,1611600
PS,20090213,4,4.02,4,4,794700
PS,20090216,4,4,3.92,3.96,3605100
PS,20090217,3.94,3.94,3.86,3.88,1563100
PS,20090218,3.82,3.84,3.78,3.84,3881200
PS,20090219,3.84,3.96,3.84,3.92,3953100
PS,20090220,3.92,3.92,3.84,3.86,1684600
PS,20090223,3.86,3.92,3.86,3.92,1990200
PS,20090224,3.9,3.9,3.82,3.9,815900
PS,20090225,3.94,3.96,3.9,3.92,968200
PS,20090226,4,4.02,3.92,3.94,2489900
PS,20090227,3.96,3.98,3.94,3.94,945800
PS,20090302,3.92,3.94,3.8,3.84,3206800
PS,20090303,3.78,3.86,3.74,3.86,1254400
PS,20090304,3.86,3.92,3.82,3.92,640700
PS,20090305,3.94,3.98,3.92,3.94,1498200
PS,20090306,3.94,3.98,3.9,3.96,1820700
PS,20090309,3.98,3.98,3.92,3.94,792200
PS,20090310,3.96,4,3.94,4,1009000
PS,20090311,4.04,4.06,3.96,3.98,3278900
PS,20090312,3.62,3.68,3.62,3.64,1930200
PS,20090313,3.68,3.7,3.64,3.68,1513300
PS,20090316,3.68,3.8,3.68,3.76,1371000
PS,20090317,3.76,3.92,3.74,3.9,2207300
PS,20090318,3.94,4,3.92,4,2234800
PS,20090319,4,4.02,3.9,3.9,1268500
PS,20090320,3.9,3.9,3.8,3.82,1864100
PS,20090323,3.84,4.08,3.84,4.04,5310000
PS,20090324,4.1,4.14,4.02,4.04,2736600
PS,20090325,4,4.04,3.96,4.02,1900800
PS,20090326,4,4.14,4,4.08,1790200
PS,20090327,4.1,4.18,4.1,4.16,782300
PS,20090330,4.14,4.14,3.86,3.96,2568500
PS,20090331,3.92,4.04,3.92,4,1519100
PS,20090401,4.04,4.04,3.98,4.02,1038900
PS,20090402,4.06,4.3,4.06,4.3,5125300
PS,20090403,4.34,4.52,4.24,4.42,4713400
PS,20090407,4.44,4.66,4.3,4.44,5196800
PS,20090408,4.44,4.44,4.32,4.44,4357200
PS,20090409,4.48,4.72,4.48,4.66,4406800
PS,20090410,4.72,4.8,4.62,4.8,3499900
PS,20090416,4.78,4.94,4.68,4.78,4554900
PS,20090417,4.72,4.74,4.58,4.64,2486000
PS,20090420,4.6,4.72,4.6,4.66,4183700
PS,20090421,4.58,4.64,4.54,4.58,4266700
PS,20090422,4.62,4.62,4.42,4.5,2739600
PS,20090423,4.48,4.58,4.48,4.54,4203800
PS,20090424,4.58,4.8,4.58,4.76,5891100
PS,20090427,4.86,5.1,4.8,4.96,6124300
PS,20090428,5.1,5.2,4.92,4.92,5797500
PS,20090429,5.05,5.85,5,5.55,7099300
PS,20090430,5.75,5.85,5.55,5.7,5332900
PS,20090504,5.75,5.8,5.55,5.65,3751500
PS,20090506,5.65,6.3,5.65,6.25,8750600
PS,20090507,6.3,6.35,6,6.05,6991600
PS,20090511,5.95,6.15,5.75,5.85,3907600
PS,20090512,6.05,6.55,6.05,6.4,7295100
PS,20090513,6.55,7.2,6.55,7,10444900
PS,20090514,6.6,6.7,6.4,6.45,6971100
PS,20090515,6.65,6.75,6.4,6.7,4044800
PS,20090518,6.55,7,6.3,6.95,2412500
PS,20090519,7.15,7.5,7.15,7.25,6715600
PS,20090520,7.3,7.45,7.25,7.35,3547400
PS,20090521,7.35,7.45,6.95,7.1,4950300
PS,20090522,7.05,8,6.85,7.75,12072800
PS,20090525,7.7,8.3,7.6,8.15,9740700
PS,20090526,8.2,8.2,7.3,7.3,5901900
PS,20090527,7.8,7.85,7.6,7.65,2322000
PS,20090528,7.55,7.7,7.4,7.4,5001600
PS,20090529,7.65,7.7,7.5,7.65,2688800
PS,20090601,7.85,7.85,7.5,7.6,3850300
PS,20090602,7.6,7.7,7.1,7.2,5605100
PS,20090603,7.35,7.5,7.2,7.4,5643300
PS,20090604,7.4,7.75,7.35,7.75,4550400
PS,20090605,7.75,7.75,7.45,7.6,4897500
PS,20090608,7.7,7.75,7.4,7.5,4746100
PS,20090609,7.5,7.6,7.45,7.6,4034700
PS,20090610,7.7,8.05,7.6,8,13018800
PS,20090611,8.05,8.8,8.05,8.6,10399400
PS,20090612,9,9.05,8.75,8.75,5518700
PS,20090615,8.9,9,8.35,8.6,6242700
PS,20090616,8.3,8.5,8.05,8.15,8257500
PS,20090617,8.1,8.8,7.95,8.55,7207000
PS,20090618,8.6,8.85,8.25,8.35,5637300
PS,20090619,8.75,8.8,8.6,8.75,5676500
PS,20090622,8.8,9.15,8.75,9,5302200
PS,20090623,8.45,8.65,8.35,8.6,9881800
PS,20090624,8.65,8.85,8.5,8.7,5131900
PS,20090625,8.85,9.05,8.7,8.7,2850400
PS,20090626,8.9,8.9,8.45,8.45,2286000
PS,20090629,8.5,8.7,8.5,8.6,1620000
PS,20090630,8.7,8.7,8.4,8.4,2988900
PS,20090702,8.5,8.55,8.05,8.2,3712300
PS,20090703,8.05,8.3,8.05,8.15,1497100
PS,20090708,7.95,8.1,7.95,8.1,1154100
PS,20090709,8.2,8.55,8.15,8.5,1726600
PS,20090710,8.45,8.55,8.35,8.45,2209100
PS,20090713,8.2,8.4,8.2,8.25,601700
PS,20090714,8.5,8.5,8.4,8.45,1081200
PS,20090715,8.5,8.75,8.5,8.6,2906200
PS,20090716,8.75,8.8,8.6,8.65,2290600
PS,20090717,8.7,8.95,8.65,8.9,2451600
PS,20090720,9.1,9.3,9.1,9.3,4324600
PS,20090721,9.45,9.5,9.35,9.45,2967300
PS,20090722,9.55,9.95,9.5,9.55,5934200
PS,20090723,9.7,9.7,9.2,9.45,3319600
PS,20090724,9.5,9.85,9.5,9.85,2473400
PS,20090727,10,10.3,9.95,10.1,2024300
PS,20090728,9.9,10,9.8,9.8,1061300
PS,20090729,9.75,9.75,9.35,9.45,2961100
PS,20090730,9.5,9.65,9.45,9.6,1693200
PS,20090731,9.7,9.7,9.55,9.6,946800
PS,20090803,9.7,9.95,9.65,9.8,2829600
PS,20090804,9.8,10.1,9.8,9.8,2857600
PS,20090805,9.9,9.95,9.45,9.7,2086600
PS,20090806,9.7,9.75,9.6,9.65,1233200
PS,20090807,9.65,9.75,9.5,9.6,3222200
PS,20090810,9.75,9.8,9.7,9.75,1872600
PS,20090811,9.75,10.1,9.7,9.95,3318800
PS,20090813,10,10.2,9.95,10.1,2773700
PS,20090814,10,10.6,9.95,10.5,3172300
PS,20090817,10.1,10.3,9.9,9.9,1989600
PS,20090818,9.7,9.9,9.6,9.9,1915500
PS,20090819,9.95,9.95,9.5,9.6,3181300
PS,20090820,9.65,10.2,9.6,9.85,11950600
PS,20090821,9.95,10.1,9.65,10.1,4645800
PS,20090824,10.4,11,10.2,10.7,14944600
PS,20090825,10.6,10.9,10.4,10.4,4676500
PS,20090826,10.5,10.6,10.3,10.6,5260900
PS,20090827,10.6,10.6,10.1,10.2,3524600
PS,20090828,10.3,10.3,9.9,9.9,2887100
PS,20090831,9.9,9.95,9.75,9.9,3371800
PS,20090901,9.95,10.2,9.95,9.95,4708400
PS,20090902,9.95,10.2,9.95,10.2,2139600
PS,20090903,10.4,10.7,10.3,10.6,6447400
PS,20090904,10.7,10.8,10.4,10.4,1612600
PS,20090907,10.5,10.8,10.5,10.8,1869000
PS,20090908,11,11,10.6,10.6,2194500
PS,20090909,10.5,10.7,10.5,10.6,2488800
PS,20090910,10.7,10.9,10.6,10.9,7970700
PS,20090911,11,11.3,10.7,10.9,3499300
PS,20090914,10.7,10.9,10.4,10.4,2267900
PS,20090915,10.5,10.9,10.5,10.9,4576500
PS,20090916,11,11.1,10.9,11,4402300
PS,20090917,11.2,11.8,11.2,11.6,10662600
PS,20090918,11.7,11.7,11.3,11.6,2736900
PS,20090921,11.8,12.2,11.8,12.1,3258300
PS,20090922,12.1,12.5,12.1,12.4,6206900
PS,20090923,12.5,12.6,12.3,12.5,7360400
PS,20090924,12.3,12.6,12.3,12.6,3703000
PS,20090925,12.4,12.5,12.1,12.3,6470600
PS,20090928,12.3,12.3,11.5,11.5,5455700
PS,20090929,11.7,11.9,11.5,11.6,4472300
PS,20090930,11.7,12.1,11.7,11.7,5159600
PS,20091001,11.8,12.1,11.7,11.9,3150800
PS,20091002,11.9,12.2,11.7,11.7,3024300
PS,20091005,12,12.2,12,12.1,1918900
PS,20091006,12.2,13.2,12.2,13.1,8756700
PS,20091007,13.2,13.6,13.2,13.4,4109100
PS,20091008,13.6,15.1,13.6,14.9,15460300
PS,20091009,15,15,14,14.2,4780300
PS,20091012,14.1,14.6,14.1,14.3,3372900
PS,20091013,14.3,15,14.3,14.4,2215000
PS,20091014,14.7,14.7,13.2,14,7950600
PS,20091015,14.3,14.4,12.7,13.6,8476400
PS,20091016,13.9,14.3,13.4,14.1,3281700
PS,20091019,14.2,14.4,13.8,14.4,2215800
PS,20091020,14.5,15.1,14.4,14.6,6452600
PS,20091021,14.8,15.4,14.5,15.4,6929100
PS,20091022,15.3,15.4,15,15.2,3697800
PS,20091026,15.3,15.7,15.2,15.4,2092400
PS,20091027,15.2,16.2,15.2,16.2,7404700
PS,20091028,16.2,16.5,16.1,16.2,3854700
PS,20091029,15.9,16,15.3,16,4807000
PS,20091030,16.3,16.4,15.3,15.6,10093600
PS,20091102,15.4,15.6,15.1,15.3,1987400
PS,20091103,15.5,15.7,15.2,15.4,4775700
PS,20091104,15.6,15.7,15.4,15.5,1983100
PS,20091105,15.4,15.7,15.1,15.4,3388900
PS,20091106,15.7,15.7,15.5,15.6,958200
PS,20091109,15.8,15.8,15.5,15.5,1555600
PS,20091110,15.6,15.7,15.2,15.4,3794900
PS,20091111,15.7,15.7,15.4,15.7,4838000
PS,20091112,15.6,16.1,15.6,15.9,5039700
PS,20091113,15.9,16.4,15.8,16.2,3026600
PS,20091116,16.3,16.4,15.9,15.9,2788100
PS,20091117,16.2,16.2,15.8,15.8,1227000
PS,20091118,16,16.1,15.8,16.1,2822400
PS,20091119,16.1,16.2,15.9,16.1,3446900
PS,20091120,15.9,16.1,15.9,16.1,1908200
PS,20091123,15.9,16,15.8,15.9,1362100
PS,20091124,15.9,16,15.3,15.5,2182500
PS,20091125,15.4,15.7,15.4,15.7,1924500
PS,20091126,15.7,16.1,15.4,15.7,5051600
PS,20091127,15.4,15.7,15.4,15.6,1334300
PS,20091130,15.6,15.8,15.5,15.8,517700
PS,20091201,15.9,16.2,15.8,15.8,2469600
PS,20091202,16.1,16.1,15.5,15.8,3055900
PS,20091203,15.8,17.1,15.8,17.1,5564400
PS,20091204,17,17.1,16.3,16.6,3882400
PS,20091208,16.6,16.6,16.2,16.3,1672400
PS,20091209,16.2,16.2,15.8,16.1,3687300
PS,20091211,16,16.2,15.8,15.9,2143100
PS,20091214,16,16.2,16,16,3379500
PS,20091215,16.2,16.2,15.8,15.9,1931100
PS,20091216,16,16.1,15.9,16,1080100
PS,20091217,16.2,16.5,16,16.5,2832200
PS,20091218,16.5,16.9,16.4,16.9,1661000
PS,20091221,16.9,17.8,16.9,17.5,5151200
PS,20091222,17.6,17.7,17.3,17.3,2229000
PS,20091223,17.4,17.6,17.3,17.4,1666200
PS,20091224,17.4,17.5,17.3,17.4,1432700
PS,20091225,17.5,17.6,17.4,17.5,785600
PS,20091228,17.5,17.6,17.3,17.5,1340400
PS,20091229,17.5,18,17.3,18,1762900
PS,20091230,17.8,17.9,17.5,17.8,1796800
PS,20100104,17.8,17.8,17.2,17.3,1071000
PS,20100105,17.5,17.7,17.3,17.7,2374400
PS,20100106,17.7,18.1,17.7,17.7,2891600
PS,20100107,17.7,17.8,17.2,17.2,3231400
PS,20100108,17.2,17.4,17,17,4646600
PS,20100111,17.2,17.7,17.2,17.6,2311800
PS,20100112,17.8,17.8,17.2,17.5,2029900
PS,20100113,17.5,17.6,17.3,17.4,1862400
PS,20100114,17.6,18.2,17.5,18.2,7044400
PS,20100115,18.3,18.4,17.7,18.3,5772800
PS,20100118,18.1,18.3,17.9,17.9,1286200
PS,20100119,18.2,18.5,18,18.1,8691300
PS,20100120,18.3,18.3,17.8,18,3086100
PS,20100121,17.9,18.3,17.8,18.2,3209600
PS,20100122,18,18,17.4,18,4262500
PS,20100125,17.8,18,17.7,18,1673800
PS,20100126,17.9,17.9,17.2,17.2,3259900
PS,20100127,17.3,17.5,17.2,17.2,1741700
PS,20100128,17.4,17.6,16.5,16.7,2768600
PS,20100129,16.7,16.7,15.8,16.2,6611900
PS,20100201,16.1,16.5,15.9,16.4,1764900
PS,20100202,16.7,16.9,16.6,16.7,2952500
PS,20100203,16.9,17.1,16.8,16.9,1890100
PS,20100204,16.9,17.1,16.7,16.8,1362100
PS,20100205,16.5,16.6,15.9,15.9,4084100
PS,20100208,16,16.2,15.8,15.9,4290300
PS,20100209,15.6,15.8,15.4,15.7,2683900
PS,20100210,15.9,15.9,15.5,15.5,2691200
PS,20100211,15.5,16.1,15.5,15.9,2558800
PS,20100212,15.9,16.1,15.3,15.5,3632500
PS,20100215,15.4,15.4,15,15,3811300
PS,20100216,14.9,15.3,14.9,15.2,1327900
PS,20100217,15.4,15.7,15.3,15.4,1531700
PS,20100218,15.5,15.9,15.5,15.6,1847300
PS,20100219,15.8,15.8,15.6,15.6,1309500
PS,20100222,15.9,17,15.8,16.4,6284900
PS,20100223,16.5,17,16.3,17,8848500
PS,20100224,16.8,17,16.7,16.8,2672200
PS,20100225,17,17,16.6,16.8,2102200
PS,20100226,16.9,16.9,16.8,16.8,798500
PS,20100302,16.8,17.9,16.8,17.7,4500600
PS,20100303,17.9,18.8,17.8,18.6,6422000
PS,20100304,18.5,18.7,18.2,18.3,4027000
PS,20100305,18.6,18.7,18,18,1520100
PS,20100308,18.3,18.3,17.9,18,1188400
PS,20100309,18,18.2,17.8,18.2,2486200
PS,20100310,18.5,18.5,18.1,18.3,2022500
PS,20100311,17.9,18.3,17.8,18.1,3251100
PS,20100312,18,18.2,18,18.1,740700
PS,20100315,18.1,18.3,17.8,18,1500600
PS,20100316,18.2,18.2,17.9,18.2,3110000
PS,20100317,18.4,18.8,18.3,18.7,8930700
PS,20100318,18.7,18.7,18.1,18.1,3109000
PS,20100319,18.1,18.4,17.8,18,4501100
PS,20100322,18,18.3,17.7,17.7,4665200
PS,20100323,17.8,18.2,17.7,17.9,4796400
PS,20100324,18.3,18.3,17.6,17.6,4196700
PS,20100325,17.6,17.8,17.6,17.6,1398100
PS,20100326,17.6,17.8,17.4,17.4,1679000
PS,20100329,17.3,17.4,17.1,17.3,1709300
PS,20100330,17.5,18.1,17.5,18,2720600
PS,20100331,18.1,18.1,17.5,17.5,2558800
PS,20100401,17.6,17.9,17.4,17.4,1690100
PS,20100402,17.7,17.7,17.3,17.3,2931400
PS,20100405,17.1,17.3,16.9,17.2,2928100
PS,20100407,17,17.2,16.4,16.4,8630800
PS,20100408,16.5,16.6,15.9,16,3132400
PS,20100409,15.7,16.1,15.5,15.8,3789600
PS,20100412,15,15.5,14.9,15.3,4577200
PS,20100416,15.3,15.7,15.1,15.5,4067900
PS,20100419,15.2,15.2,14.5,14.7,3448200
PS,20100420,15,15.7,14.9,15.7,3841000
PS,20100421,15.7,15.7,15.2,15.3,3514700
PS,20100422,15.3,15.5,15.2,15.4,4011900
PS,20100423,14.6,15.2,14.6,15,2696400
PS,20100426,15.2,15.6,15,15.2,2496000
PS,20100427,15.1,15.1,14.8,14.9,2824100
PS,20100428,14.6,14.8,14.4,14.5,3495300
PS,20100429,14.6,14.7,14.5,14.6,1338300
PS,20100430,14.7,14.9,14.4,14.5,3649900
PS,20100504,15,15.7,15,15.7,7522600
PS,20100506,15.4,15.6,15.3,15.6,3649800
PS,20100507,15.3,15.3,14.9,15.1,4763100
PS,20100510,15.3,15.7,15.1,15.7,5361400
PS,20100511,16,16.1,15.4,15.4,6958300
PS,20100512,15.4,15.6,15.3,15.4,2549600
PS,20100513,15.5,15.5,15,15.1,2205500
PS,20100514,14.8,15.1,14.8,15,2515800
PS,20100517,14.5,14.7,14.4,14.5,4833800
PS,20100518,14.5,14.8,14.4,14.6,1827200
PS,20100519,14.5,15.2,14.5,15.2,1436800
PS,20100524,15.1,15.1,14.6,14.8,4088700
PS,20100525,14.6,14.7,14,14,2270600
PS,20100526,14.1,14.4,14.1,14.3,2479000
PS,20100527,14.4,14.7,14.3,14.7,4501200
PS,20100531,14.9,15,14.6,14.7,2746000
PS,20100601,14.9,14.9,14.5,14.5,2089400
PS,20100602,14.7,15,14.6,14.7,2564000
PS,20100603,15,15.2,14.9,15.1,10004300
PS,20100604,15.3,15.7,15.2,15.3,7737000
PS,20100607,15,15.1,14.8,14.9,3387000
PS,20100608,14.9,15.4,14.9,15.1,4471400
PS,20100609,15.1,15.5,15.1,15.5,4492000
PS,20100610,15.5,16,15.5,16,8870700
PS,20100611,16.3,16.9,16.3,16.7,8655200
PS,20100614,16.9,17,16.7,17,3877900
PS,20100615,17,17,16.6,16.8,3531800
PS,20100616,16.8,17.3,16.8,17.1,6059000
PS,20100617,17.3,17.3,17,17.1,3071500
PS,20100618,17.2,17.7,16.9,17.7,6282800
PS,20100621,17.7,17.8,17.5,17.5,3358100
PS,20100622,17.6,17.6,17.2,17.2,1819100
PS,20100623,17.1,17.5,17.1,17.3,2958800
PS,20100624,17.6,17.7,16.9,17,9663100
PS,20100625,17.1,17.9,17.1,17.5,10417200
PS,20100628,17.6,17.7,17.5,17.7,2840300
PS,20100629,17.7,18.4,17.7,18.1,12258700
PS,20100630,18,18.2,17.9,18,2345500
PS,20100702,17.9,18.1,17.8,18.1,2259200
PS,20100705,18.2,19,18.2,18.7,8149600
PS,20100706,18.8,19.2,18.4,19,8789600
PS,20100707,19.3,19.6,18.7,18.7,5569900
PS,20100708,19.2,19.4,18.9,18.9,3159700
PS,20100709,19.1,19.2,18.8,18.9,4718600
PS,20100712,19.2,19.2,18.9,18.9,4858700
PS,20100713,19,19,18.6,19,2747300
PS,20100714,19.1,19.2,18.8,19,4596400
PS,20100715,19.1,19.8,19.1,19.5,11614700
PS,20100716,19.8,21,19.8,21,12005100
PS,20100719,21.3,23.1,21.3,22.5,14482500
PS,20100720,23,23,21.7,21.9,7277300
PS,20100721,22.1,22.1,21.1,21.6,4571100
PS,20100722,22.3,22.9,22,22.2,8095200
PS,20100723,22.2,22.4,21.9,21.9,3558200
PS,20100727,22,22.2,21.2,21.7,7656300
PS,20100728,21.9,22.2,21.7,21.8,2794800
PS,20100729,21.8,22.3,21.8,22.3,2825900
PS,20100730,22.5,24.2,22.5,23.9,12881200
PS,20100802,23.8,24.2,23.5,23.8,5494600
PS,20100803,24,24.7,23.9,24.5,4299100
PS,20100804,24.8,25.25,24.6,24.9,6010200
PS,20100805,24.9,25,24.3,24.6,3166300
PS,20100806,24.6,24.7,23.7,24,4949000
PS,20100809,24.2,25.25,24.2,25.25,5083800
PS,20100810,25.25,25.5,24.3,24.5,3807500
PS,20100811,24.3,24.6,24.2,24.5,975200
PS,20100816,24.3,24.5,23.9,24.3,1607100
PS,20100817,24.3,24.6,24.2,24.3,1411100
PS,20100818,24.3,25,23.3,24.9,16005200
PS,20100819,25.25,25.25,24.5,24.5,4815600
PS,20100820,24.7,25,24.5,24.7,3489800
PS,20100823,24.8,24.8,24.2,24.2,1816700
PS,20100824,24.1,24.7,24.1,24.1,3741100
PS,20100825,24,24.1,23.5,23.5,4897800
PS,20100826,23.3,24.1,23.3,23.7,3863400
PS,20100827,23.7,24.2,23.5,23.5,10066500
PS,20100830,23.8,24.7,23.8,24.4,9569400
PS,20100831,24,24.4,23.8,24,4411600
PS,20100901,24.3,24.3,23.5,23.8,7455900
PS,20100902,24,24,23.5,23.8,6337600
PS,20100903,23.9,24.1,23.6,23.7,4569600
PS,20100906,23.7,23.9,23,23.1,4461800
PS,20100907,23.1,23.4,22.1,22.2,9524100
PS,20100908,22.3,22.5,21.8,22.1,4974700
PS,20100909,22.5,23.2,22.4,22.8,11235000
PS,20100910,23.3,24,23.3,24,13921100
PS,20100913,24.3,24.4,23.6,23.8,9383000
PS,20100914,23.9,24.1,23.5,23.6,4571200
PS,20100915,23.5,23.6,23,23.5,4427400
PS,20100916,23.5,24.4,23.5,24,11099700
PS,20100917,24,24.5,23.9,24.2,6781200
PS,20100920,24.4,24.4,23.9,23.9,2074900
PS,20100921,24.2,24.4,24,24.4,3549100
PS,20100922,24.6,24.6,24.1,24.3,6193700
PS,20100923,24.3,24.6,24,24,4874500
PS,20100924,24.3,24.8,24.1,24.2,7789900
PS,20100927,24.4,24.5,24.2,24.4,4219300
PS,20100928,24.6,24.6,24.1,24.1,4544100
PS,20100929,24.1,24.4,24.1,24.2,3629200
PS,20100930,24.3,24.5,24.1,24.3,3445400
PS,20101001,24.4,24.4,23.9,23.9,3652400
PS,20101004,24.1,24.1,23.5,23.6,4785400
PS,20101005,23.8,23.8,23.4,23.5,2357000
PS,20101006,23.7,23.9,23.3,23.3,3778400
PS,20101007,23.4,23.6,23.2,23.2,3889600
PS,20101008,23.4,23.5,23.2,23.3,3411400
PS,20101011,23.5,23.9,23.4,23.9,5612000
PS,20101012,23.9,24.2,23.3,23.4,8710500
PS,20101013,23.7,23.9,23.5,23.5,3589500
PS,20101014,23.8,23.9,23.5,23.5,3135300
PS,20101015,23.6,23.8,23.5,23.7,3359600
PS,20101018,23.7,23.7,23.2,23.3,3453800
PS,20101019,23.4,23.6,23.3,23.5,2257400
PS,20101020,23.3,23.5,23.1,23.5,3095100
PS,20101021,23.6,23.6,23.2,23.3,3366500
PS,20101022,23.2,23.2,22.8,23.2,5016000
PS,20101026,23.3,23.5,23.2,23.3,1884400
PS,20101027,23.4,23.4,22.8,22.8,3302400
PS,20101028,22.7,22.8,22.4,22.4,3540300
PS,20101029,22.5,22.5,21.5,21.6,7975300
PS,20101101,21.8,22,20.9,21.3,9972900
PS,20101102,21.4,21.4,20.4,20.4,13087800
PS,20101103,20.6,20.8,19.6,19.9,16944400
PS,20101104,20.2,20.7,19.4,19.5,22378000
PS,20101105,19.9,20.2,19.7,19.9,9827900
PS,20101108,20,21,20,21,11236100
PS,20101109,21.1,21.4,20.9,21.1,9627700
PS,20101110,21.2,22,21.1,21.4,15349100
PS,20101111,21.3,21.4,19.9,20,13801700
PS,20101112,20,20.6,19.4,20.4,11111800
PS,20101115,20,20.5,19.8,20.1,8101500
PS,20101116,20,20.3,19.5,19.5,7362200
PS,20101117,19.6,19.6,18.7,18.8,6988000
PS,20101118,18.9,19.2,18.6,18.7,6703100
PS,20101119,19,19,18.7,18.7,4168500
PS,20101122,18.9,18.9,18.6,18.6,2968000
PS,20101123,18.5,18.5,18.1,18.3,4625400
PS,20101124,18.3,18.5,18.2,18.2,3931300
PS,20101125,18.5,19.1,18.3,18.8,8822700
PS,20101126,19,20,19,20,14633200
PS,20101129,19.9,20.8,19.7,20.6,15160600
PS,20101130,20.6,21.3,20.6,21,22518000
PS,20101201,21.1,21.2,20,20.2,10865000
PS,20101202,20.5,20.5,20.1,20.1,4930300
PS,20101203,20.3,21.1,20.2,21.1,8872000
PS,20101207,20.9,21,20.5,20.5,5343000
PS,20101208,20.4,20.5,19.6,19.8,7051300
PS,20101209,19.7,20,19.4,19.9,9524200
PS,20101213,20.1,20.1,19.5,19.6,3542600
PS,20101214,19.8,20.1,19.6,19.6,5385300
PS,20101215,19.6,19.7,19.1,19.1,9264600
PS,20101216,19.1,19.3,19.1,19.1,3190400
PS,20101217,19.2,19.3,19,19.1,3208800
PS,20101220,19.1,19.1,18.7,18.7,2947200
PS,20101221,18.7,19,18.4,18.5,4548600
PS,20101222,18.6,18.7,18.2,18.6,3763800
PS,20101223,18.5,18.8,18.4,18.6,4373900
PS,20101224,18.9,19.1,18.6,18.8,8371500
PS,20101227,18.8,18.9,18.5,18.5,1722900
PS,20101228,18.5,18.6,18.2,18.4,4960600
PS,20101229,18.5,18.7,18.3,18.5,6542500
PS,20101230,18.4,18.6,18.3,18.5,3960000
PS,20110104,18.6,18.7,18,18.2,11558500
PS,20110105,18.2,18.5,18,18.2,16020800
PS,20110106,18.4,18.4,18.2,18.3,5302500
PS,20110107,18.3,18.9,18.3,18.8,15469200
PS,20110110,18.7,18.8,18.1,18.2,10581300
PS,20110111,18.3,18.5,18.2,18.3,6209400
PS,20110112,18.5,18.7,18.3,18.6,9199800
PS,20110113,18.6,18.6,18.4,18.4,4604800
PS,20110114,18.4,18.5,18.2,18.4,2481700
PS,20110117,18.3,18.4,18.2,18.3,1759800
PS,20110118,18.3,18.3,18.1,18.1,3517500
PS,20110119,18.3,18.8,18.1,18.8,6284100
PS,20110120,18.7,18.7,18.4,18.4,3887400
PS,20110121,18.3,18.4,17.8,17.9,8599900
PS,20110124,17.6,17.7,16.7,16.8,8255500
PS,20110125,16.9,17,16,16.2,4526600
PS,20110126,16.5,17,16.4,17,6568100
PS,20110127,17,17.2,16.7,17,2818900
PS,20110128,17,17,16.7,16.9,1651300
PS,20110131,16.7,16.7,16.3,16.5,1502600
PS,20110201,16.9,16.9,16.5,16.8,1763600
PS,20110202,16.9,17,16.6,17,1297200
PS,20110203,16.7,16.9,16.7,16.8,1787100
PS,20110204,16.9,17.2,16.8,16.9,6078800
PS,20110207,16.9,16.9,16.6,16.7,875200
PS,20110208,16.7,17.3,16.7,17.2,5473300
PS,20110209,17.3,17.5,17.1,17.3,6226000
PS,20110210,17.4,17.4,16.7,17.1,2238300
PS,20110211,16.9,17.1,16.8,17,1269300
PS,20110214,17,17.1,16.9,17,4045300
PS,20110215,17,17.2,16.9,17,2156900
PS,20110216,16.9,17.3,16.9,17,3067800
PS,20110217,17.2,17.7,17.2,17.5,6359900
PS,20110221,17.6,18.3,17.4,18.1,7200600
PS,20110222,17.9,18,17.6,17.8,4984500
PS,20110223,17.8,18,17.5,17.7,3663200
PS,20110224,17.7,17.7,17,17.2,2217200
PS,20110225,17.4,17.5,17.3,17.3,890800
PS,20110228,17.3,17.6,17.2,17.5,1966600
PS,20110301,17.5,17.9,17.4,17.4,1672200
PS,20110302,17.5,17.5,17.1,17.3,1897100
PS,20110303,17.3,17.5,17.3,17.4,2918300
PS,20110304,17.5,18,17.5,18,4443200
PS,20110307,17.8,17.9,17.7,17.8,1243300
PS,20110308,17.9,18.7,17.9,18.6,13286600
PS,20110309,18.8,18.8,18.4,18.4,5062500
PS,20110310,18.4,18.8,18.4,18.6,4861600
PS,20110311,18,18.1,17.8,17.9,3272500
PS,20110314,17.6,17.7,17.3,17.5,3336400
PS,20110315,17.3,17.7,17.2,17.4,3376200
PS,20110316,17.4,17.5,17.2,17.3,1551300
PS,20110317,17.2,17.2,17,17.1,2080700
PS,20110318,17.2,17.3,17.1,17.1,3168700
PS,20110321,17.2,17.3,17,17.2,2072600
PS,20110322,17.2,17.4,17.1,17.1,1378300
PS,20110323,17.1,17.3,17.1,17.2,1154400
PS,20110324,17.4,17.9,17.4,17.8,6217300
PS,20110325,17.9,18.3,17.9,18.3,5314200
PS,20110328,18.3,18.5,18.1,18.3,4737000
PS,20110329,18.4,18.4,18,18.2,1010800
PS,20110330,18.2,18.5,18.2,18.3,4464400
PS,20110331,18.5,18.6,18.4,18.4,5303100
PS,20110401,18.5,19.4,18.5,19.1,9970600
PS,20110404,19.5,19.8,19.4,19.8,10411100
PS,20110405,19.9,19.9,19.2,19.5,6660200
PS,20110407,19.7,19.7,19.5,19.7,1805600
PS,20110408,19.8,19.8,18.9,19,4515500
PS,20110411,19.1,19.2,18.8,19,1248900
PS,20110412,18.9,19,18.6,19,2879800
PS,20110418,19.1,19.4,19,19.1,2765400
PS,20110419,19,19.2,19,19,4332800
PS,20110420,19.2,19.2,19,19,3341200
PS,20110421,19.2,19.2,19.1,19.1,1617000
PS,20110422,19.2,19.4,19,19.4,2017700
PS,20110425,20,21.2,19.9,21,36447800
PS,20110426,21.7,21.7,21,21.2,19603400
PS,20110427,21.3,21.3,20.8,20.9,3253600
PS,20110428,20.9,21.2,20.5,20.5,3440000
PS,20110429,20.4,20.5,19.7,20.4,3364700
PS,20110503,20.6,21,20.1,20.3,6777400
PS,20110504,20.6,20.6,20.1,20.5,2537700
PS,20110506,20.4,21.1,20.3,20.5,8470800
PS,20110509,20.9,21.3,20.8,21.2,8399400
PS,20110510,21.2,21.2,20.8,20.8,6328000
PS,20110511,21,21.1,20.7,20.8,7294200
PS,20110512,20.6,20.7,20.2,20.2,5760200
PS,20110513,20,20.3,20,20.1,2018500
PS,20110518,20,20.5,19.9,20.4,1832600
PS,20110519,20.3,20.5,20.1,20.5,718400
PS,20110520,20.5,20.5,19.7,19.7,2085400
PS,20110523,19.5,19.6,18.7,18.8,3711500
PS,20110524,18.8,19.3,18.8,19.3,1523900
PS,20110525,19.3,19.3,18.8,18.9,1370000
PS,20110526,18.8,19.1,18.8,18.8,1965700
PS,20110527,18.8,19.1,18.8,18.8,883700
PS,20110530,19,19,18.6,18.7,2345700
PS,20110531,19,19.1,18.8,19.1,2337100
PS,20110601,19.3,19.6,18.5,18.8,7629400
PS,20110602,18.5,18.6,18.4,18.5,2858600
PS,20110603,18.5,18.6,18,18.2,2819500
PS,20110606,18.1,18.3,18,18,1282200
PS,20110607,18,18.3,18,18.2,1855100
PS,20110608,18.2,18.2,17.4,17.4,3368000
PS,20110609,17.2,17.3,17,17.1,5990900
PS,20110610,17.2,17.5,17.2,17.3,2022300
PS,20110613,17.4,17.8,17.2,17.8,3005500
PS,20110614,17.7,17.9,17.7,17.9,1427100
PS,20110615,17.9,18.4,17.6,18.2,4796700
PS,20110616,18.2,18.4,18,18,5165200
PS,20110617,18,18.1,17.1,17.1,8923000
PS,20110620,17.3,17.6,17.2,17.4,5971100
PS,20110621,17.5,17.6,17.3,17.5,3310300
PS,20110622,17.6,17.6,17.2,17.3,5933500
PS,20110623,17.2,17.4,17.1,17.3,2913000
PS,20110624,17.3,17.5,17.2,17.5,4372200
PS,20110627,17.3,17.5,17.2,17.4,2674800
PS,20110628,17.4,17.6,17.3,17.6,2905100
PS,20110629,17.8,18.2,17.8,18,6949300
PS,20110630,18.2,18.4,18.1,18.4,3553700
PS,20110704,20,20.2,19.4,20.1,15593500
PS,20110705,20.2,21,20,20.7,9214200
PS,20110706,20.8,21.1,20.4,20.5,10345300
PS,20110707,20.5,20.8,20.2,20.8,4579700
PS,20110708,21,21.1,20.8,21,6856100
PS,20110711,21.1,21.3,20.9,21,5218300
PS,20110712,20.7,20.7,20.3,20.6,5051600
PS,20110713,20.5,20.8,20.5,20.6,1524000
PS,20110714,20.5,20.6,20.5,20.6,1440800
PS,20110718,20.7,20.7,20.3,20.5,2235200
PS,20110719,20.3,20.5,20.1,20.3,5539000
PS,20110720,20.4,20.4,19.9,20.1,4773700
PS,20110721,20.1,20.9,20.1,20.6,7629900
PS,20110722,20.8,20.9,20.5,20.5,4246000
PS,20110725,20.3,20.7,20.3,20.7,3024100
PS,20110726,20.6,20.6,20,20.2,4743700
PS,20110727,20.2,20.6,20.2,20.6,6668500
PS,20110728,20.5,20.7,20.4,20.5,4283600
PS,20110729,20.5,20.7,20.3,20.6,2997300
PS,20110801,20.7,20.8,20.2,20.2,6075200
PS,20110802,20.3,20.5,20.2,20.2,2587800
PS,20110803,19.8,20.1,19.8,19.9,5193600
PS,20110804,20,20.4,19.9,20,7585000
PS,20110805,19.1,19.7,19,19.1,9564400
PS,20110808,19,19.2,18.5,19,3915400
PS,20110809,18,18.8,17.8,18.3,7116600
PS,20110810,19,19,18.1,18.5,4438700
PS,20110811,18.4,18.5,18,18.3,5329500
PS,20110815,18.6,18.9,18.4,18.9,4029700
PS,20110816,19,19.1,18,18,4919600
PS,20110817,18.2,18.7,18.2,18.6,10015200
PS,20110818,18.9,19.8,18.9,19.2,22850600
PS,20110819,19,20.2,18.9,20,25806000
PS,20110822,20.2,20.7,19.9,20.5,19185100
PS,20110823,20.6,20.9,19.9,19.9,12843300
PS,20110824,20,20.4,18.8,19.2,13444200
PS,20110825,19.5,19.8,19,19,7337900
PS,20110826,19,19,18.3,18.7,11193300
PS,20110829,19.1,19.3,18.8,19,7221100
PS,20110830,19.3,19.4,18.6,18.6,4396000
PS,20110831,18.6,19.1,18.6,18.9,11623200
PS,20110901,19.2,19.4,18.9,19.1,10583900
PS,20110902,19.2,19.4,18.9,19,8116200
PS,20110905,19,19.2,18.6,18.6,6385400
PS,20110906,18.6,18.9,18.5,18.9,2286500
PS,20110907,19,19.7,18.9,19.6,14156200
PS,20110908,19.6,20,19.5,19.8,10544000
PS,20110909,19.8,19.8,19.5,19.6,6569900
PS,20110912,19.4,19.5,18.9,19.1,4103700
PS,20110913,19.1,19.2,18.5,18.5,5216100
PS,20110914,18.5,18.6,17.9,18.1,7087500
PS,20110915,18.4,18.5,18,18.2,7662500
PS,20110916,18.3,18.5,18.2,18.5,6016500
PS,20110919,18.4,18.8,18.2,18.6,4528900
PS,20110920,18.7,19.1,18.6,18.6,11028200
PS,20110921,18.7,19.1,18.5,18.5,11665200
PS,20110922,18.3,18.4,17.5,17.5,8007400
PS,20110923,16.7,17,16,16.3,13893300
PS,20110926,16,16,13.9,14.5,15239000
PS,20110927,15.3,16,14.8,15.9,19887800
PS,20110928,15.8,16.3,15.5,15.5,5460400
PS,20110929,15.3,15.4,14.9,14.9,6434100
PS,20110930,15,15.2,14.3,14.3,5696000
PS,20111003,13.5,13.5,12.8,12.8,8762100
PS,20111004,13,13.1,12,12.7,8465300
PS,20111005,13,13,12.1,12.2,7846900
PS,20111006,12.7,13.9,12.5,13.4,19873100
PS,20111007,14,14.2,13.2,13.2,12035200
PS,20111010,13.1,13.5,12.7,13.5,4832800
PS,20111011,14,14.2,13.4,13.5,12137900
PS,20111012,13.4,13.6,13.1,13.4,5066200
PS,20111013,13.6,13.8,13.4,13.4,9143400
PS,20111014,13.4,13.8,13.2,13.7,4885200
PS,20111017,13.7,13.8,13.3,13.5,6214100
PS,20111018,13,13.1,12.7,12.8,6504800
PS,20111019,12.9,12.9,11.5,11.6,13065100
PS,20111020,11.5,11.5,10.8,11.2,7383600
PS,20111021,10.8,11.4,10.8,11.3,1911300
PS,20111025,11.3,11.5,10.3,10.4,11024700
PS,20111026,10.3,11,10.3,10.6,6535200
PS,20111027,10.8,11.3,10.5,11.1,10942900
PS,20111028,11.4,11.7,10.9,10.9,13829700
PS,20111031,11,11,10.5,10.7,11565000
PS,20111101,10.7,11.4,10.6,11,17630600
PS,20111102,10.9,11.7,10.8,11.6,13285000
PS,20111103,11.3,11.5,11.1,11.3,5222300
PS,20111104,11.5,11.5,11,11.1,4414900
PS,20111107,11.2,11.3,11,11,2484400
PS,20111108,11,11.4,11,11.4,2370900
PS,20111109,11.4,11.4,11.2,11.2,2759200
PS,20111110,11,11.1,10.9,11,5352000
PS,20111111,11.1,11.4,10.9,11.1,7226300
PS,20111114,11.1,11.4,11,11.2,14550800
PS,20111115,11.2,11.9,11.2,11.5,25808100
PS,20111116,11.5,11.6,11.3,11.5,6619000
PS,20111117,11.4,11.7,11.3,11.4,6858100
PS,20111118,11.3,11.4,10.9,11,8982200
PS,20111121,11,11.2,10.8,10.8,4018500
PS,20111122,10.8,11,10.7,11,4249300
PS,20111123,11,11.1,10.7,10.8,7207700
PS,20111124,10.8,11,10.7,10.9,3600200
PS,20111125,10.9,10.9,10.6,10.6,2978900
PS,20111128,10.7,10.8,10.5,10.7,7612500
PS,20111129,10.6,10.9,10.4,10.8,8418100
PS,20111130,10.8,10.9,10.7,10.7,6544100
PS,20111201,10.9,11.1,10.8,11,11024800
PS,20111202,11.1,11.5,11.1,11.5,17224100
PS,20111206,11.5,12.2,11.4,12,25942400
PS,20111207,12.1,12.3,11.9,12.2,16491100
PS,20111208,12.1,12.7,12.1,12.2,14131100
PS,20111209,12,12.1,11.7,11.9,8146200
PS,20111213,11.8,12.1,11.5,11.7,7783400
PS,20111214,11.8,11.8,11.2,11.3,5580200
PS,20111215,11.1,11.3,11,11.2,9507600
PS,20111216,11.3,11.6,11.2,11.4,5912900
PS,20111219,11.5,11.7,11.3,11.6,4096300
PS,20111220,11.8,12.1,11.6,12,12928900
PS,20111221,12.2,12.4,12.1,12.2,10947000
PS,20111222,12.2,12.3,11.9,12.2,8444600
PS,20111223,12.3,12.3,12,12,3486900
PS,20111226,12.1,12.1,11.7,11.7,3134200
PS,20111227,11.8,11.9,11.6,11.7,3588800
PS,20111228,11.7,11.8,11.6,11.6,1634600
PS,20111229,11.6,11.9,11.5,11.6,5541100
PS,20111230,11.7,11.8,11.6,11.6,1293400
PS,20120104,11.9,12.1,11.8,12,3773400
PS,20120105,12.1,12.3,12,12.2,7246200
PS,20120106,12.2,12.7,12,12.7,12061000
PS,20120109,12.8,13.5,12.7,13.5,21950100
PS,20120110,13.6,13.8,13.4,13.5,10649200
PS,20120111,13.5,13.5,13.2,13.5,6701500
PS,20120112,13.4,13.5,13,13,8997600
PS,20120113,13.1,13.3,13,13.2,6320200
PS,20120116,13.1,13.2,12.8,12.9,5464000
PS,20120117,13.1,13.5,13,13.4,7322400
PS,20120118,13.4,13.5,13.3,13.3,4131200
PS,20120119,13.5,14.3,13.5,14,22302800
PS,20120120,14.1,14.2,13.8,14.2,8583600
PS,20120123,14.2,14.2,13.9,14,5362800
PS,20120124,14.1,14.4,14,14,7866700
PS,20120125,14.1,14.1,13.8,13.8,3547200
PS,20120126,14,14.2,13.8,14,6838300
PS,20120127,14,14.2,13.9,14.1,3165800
PS,20120130,14.1,14.2,13.8,13.8,4877200
PS,20120131,13.9,14.2,13.8,14.2,6102300
PS,20120201,14.1,14.2,13.9,14,1794700
PS,20120202,14.1,14.3,14,14,5937000
PS,20120203,14.1,14.2,13.9,14.2,2670400
PS,20120206,14.2,14.3,14,14.2,5179800
PS,20120207,14.1,14.8,14.1,14.7,11318000
PS,20120208,14.7,15.2,14.7,15.2,16746900
PS,20120209,15.2,15.5,15,15.5,4619800
PS,20120210,15.4,15.5,15,15,6391400
PS,20120213,15.1,15.1,14.7,15,4839100
PS,20120214,14.8,14.9,14.4,14.5,8406900
PS,20120215,14.6,15,14.5,14.7,13675700
PS,20120216,14.7,14.9,14.6,14.7,3001900
PS,20120217,14.9,15,14.7,14.8,3728500
PS,20120220,14.8,14.8,14.6,14.6,1804400
PS,20120221,14.5,14.6,13.7,13.8,15074000
PS,20120222,13.7,13.8,13.4,13.5,14445700
PS,20120223,13.4,13.9,13.4,13.9,3980500
PS,20120224,14,14,13.6,13.6,4222000
PS,20120227,13.8,13.8,13.5,13.7,2475600
PS,20120228,13.7,13.8,13.7,13.8,1784100
PS,20120229,13.9,14,13.7,14,11323100
PS,20120301,14,14.2,13.9,14.2,12061700
PS,20120302,14.3,14.4,14,14,4831300
PS,20120305,14.1,14.1,13.7,13.7,7134800
PS,20120306,13.7,13.9,13.7,13.7,4078500
PS,20120308,13.7,14.1,13.7,14.1,5047400
PS,20120309,14.1,14.1,13.8,13.9,2985900
PS,20120312,14,14.2,13.9,14,4395000
PS,20120313,14.1,14.1,13.8,13.9,3293600
PS,20120314,14,14.6,14,14.6,13167600
PS,20120315,14.6,14.9,14.4,14.4,7196400
PS,20120316,14.6,15.1,14.5,14.9,12809000
PS,20120319,15.4,15.8,15.4,15.5,16453900
PS,20120320,15.4,15.7,15.4,15.6,13922500
PS,20120321,15.7,15.8,15.5,15.7,5636700
PS,20120322,15.8,15.8,15.2,15.2,9582200
PS,20120323,14.9,14.9,14.4,14.8,8279900
PS,20120326,14.9,15,14.7,14.9,2832600
PS,20120327,15.1,15.6,14.9,15.6,5210000
PS,20120328,15.4,15.5,15.1,15.2,3327800
PS,20120329,15.2,15.4,15.2,15.3,4259000
PS,20120330,15.4,15.5,15.1,15.1,2658300
PS,20120402,15.1,15.3,14.8,14.8,4379800
PS,20120403,14.8,15.1,14.8,14.9,6894000
PS,20120404,15.1,15.4,15,15,9331200
PS,20120405,15,15.1,14.8,15,8269900
PS,20120410,14.9,15,14.3,14.4,4723100
PS,20120411,14.1,14.4,13.9,14.1,5322200
PS,20120412,14.2,14.3,14.1,14.3,3468900
PS,20120417,14.3,14.4,13.9,14,3589100
PS,20120418,14.2,14.3,14,14.1,5924900
PS,20120419,14.3,14.7,14.2,14.6,11196000
PS,20120420,14.5,15,14.4,14.8,14030200
PS,20120423,15.2,15.4,15.1,15.4,11843500
PS,20120424,15.4,15.7,15.3,15.6,7150800
PS,20120425,15.7,15.7,15.3,15.4,5072600
PS,20120426,15.5,15.6,15.4,15.4,3229100
PS,20120427,15.5,15.5,15,15.4,3260100
PS,20120430,15.5,15.6,15.3,15.4,3003100
PS,20120502,15.5,16,15.4,16,12286700
PS,20120503,16.1,16.7,16.1,16.5,14959100
PS,20120504,16.5,16.6,16.2,16.3,5786900
PS,20120508,16.2,16.5,16.1,16.4,3434100
PS,20120509,16.1,16.2,15.8,15.9,9249900
PS,20120510,15.8,15.8,15.1,15.4,10142600
PS,20120511,15.3,15.4,14.8,14.9,11304800
PS,20120514,14.9,15.1,14.1,14.2,6945900
PS,20120515,14.1,14.5,14,14.4,10852000
PS,20120516,14.1,14.1,13.7,14.1,7736700
PS,20120517,14.3,14.4,14.1,14.1,3808400
PS,20120518,13.9,13.9,13.7,13.8,3021300
PS,20120521,13.7,13.8,13.3,13.3,4467000
PS,20120522,13.5,13.6,13.3,13.4,3534900
PS,20120523,13.3,13.4,13.1,13.1,2277400
PS,20120524,13.1,13.3,12.6,12.9,9441100
PS,20120525,12.9,13.4,12.8,13.4,8004200
PS,20120528,13.3,13.9,13,13.9,6125300
PS,20120529,14,14.3,13.9,14.2,5848400
PS,20120530,14,14.2,13.8,14.1,4555400
PS,20120531,13.8,14,13.6,13.8,3965000
PS,20120601,13.7,13.8,13.4,13.4,5716300
PS,20120605,13.5,13.5,12.7,12.7,6478300
PS,20120606,13,13.7,12.9,13.4,6524100
PS,20120607,13.8,13.8,13.1,13.3,4768500
PS,20120608,13.3,14,13.3,14,3240500
PS,20120611,14.3,14.5,14.1,14.3,7419200
PS,20120612,14.1,14.8,14.1,14.7,8845100
PS,20120613,14.9,15.1,14.6,14.8,8137800
PS,20120614,14.9,15,14.6,14.7,1972400
PS,20120615,14.8,15.1,14.7,14.9,4581300
PS,20120618,15.3,15.3,14.7,14.8,6551900
PS,20120619,15,15.1,14.9,15.1,1435800
PS,20120620,15.1,15.2,14.9,15.1,3848700
PS,20120621,15,15.4,14.9,15.2,5140400
PS,20120622,15,15.2,14.9,15.2,2375700
PS,20120625,15.2,15.2,14.9,15.1,1760800
PS,20120626,15,15.3,14.9,15.2,3370600
PS,20120627,15.2,15.4,15,15.3,3025700
PS,20120628,15.4,15.8,15.2,15.7,11345600
PS,20120629,15.9,15.9,15.7,15.7,3784300
PS,20120702,15.7,15.9,15.6,15.6,1915100
PS,20120703,15.7,16,15.7,15.7,9985100
PS,20120704,15.9,16.2,15.9,16,5836700
PS,20120705,15.9,16.5,15.9,16.5,11064200
PS,20120706,16.5,17.4,16.5,17.3,18820400
PS,20120709,17.4,17.4,17,17.2,9567200
PS,20120710,17.2,17.5,17.2,17.5,7538400
PS,20120711,17.5,17.9,17.5,17.9,5411000
PS,20120712,17.8,17.9,17.6,17.8,8363300
PS,20120713,17.8,18.5,17.8,18.4,10484900
PS,20120716,18.1,18.2,17.8,17.8,6246700
PS,20120717,17.9,17.9,17.2,17.6,10358800
PS,20120718,17.5,18,17.4,18,3184000
PS,20120719,18.1,18.3,17.8,18,3279600
PS,20120720,18.2,18.3,17.9,17.9,3043100
PS,20120723,17.4,17.5,17.1,17.1,9981000
PS,20120724,17.1,17.4,17,17.2,4635600
PS,20120725,17.3,17.7,17.2,17.6,4388400
PS,20120726,17.7,18,17.6,17.9,8744300
PS,20120727,18,18.2,18,18.2,5300500
PS,20120730,18.3,18.3,18,18.1,1419100
PS,20120731,18.2,18.2,17.4,17.7,7435400
PS,20120801,17.7,18,17.7,17.9,3038600
PS,20120803,17.8,17.8,17.6,17.7,4406400
PS,20120806,17.9,17.9,17.7,17.8,1268300
PS,20120807,17.7,17.9,17.6,17.6,1427100
PS,20120808,17.6,17.6,17,17.1,8217300
PS,20120809,17.2,17.5,17.2,17.2,2831200
PS,20120810,17.3,17.6,17.3,17.4,2863900
PS,20120814,17.4,18,17.4,17.7,6864300
PS,20120815,17.7,18.1,17.6,18.1,6162300
PS,20120816,18.2,18.3,18,18,3969800
PS,20120817,18,18.2,18,18,2728900
PS,20120820,18.1,18.1,17.9,18.1,1192400
PS,20120821,18.2,18.2,17.9,18,2992800
PS,20120822,18,18.4,17.8,17.8,12362600
PS,20120823,17.9,18.3,17.9,17.9,10486200
PS,20120824,17.9,17.9,17.8,17.9,2678700
PS,20120827,17.9,18,17.8,17.8,4772000
PS,20120828,17.9,17.9,17.4,17.5,3872600
PS,20120829,17.5,17.5,16.8,17.1,9706500
PS,20120830,16.8,17,16.6,16.8,6734900
PS,20120831,16.7,17.2,16.7,17,3750200
PS,20120903,17.1,17.7,17.1,17.4,10636300
PS,20120904,17.5,17.6,17.4,17.4,5438700
PS,20120905,17.5,17.6,17.3,17.5,6251400
PS,20120906,17.7,18,17.6,17.8,9215000
PS,20120907,18,18,17.8,18,6111400
PS,20120910,18.2,18.6,18,18,25202600
PS,20120911,18.2,18.4,18.1,18.2,13345300
PS,20120912,18.3,18.3,17.7,17.8,9979000
PS,20120913,17.9,17.9,17.5,17.7,12781400
PS,20120914,17.9,18,17.7,17.8,16271000
PS,20120917,17.8,17.8,17,17.3,15581200
PS,20120918,17.3,17.6,17.1,17.5,8672800
PS,20120919,17.5,17.7,17.4,17.7,3359300
PS,20120920,17.6,17.7,17.4,17.5,6043300
PS,20120921,17.6,18.3,17.5,18.3,13137700
PS,20120924,18.2,18.2,18,18.1,6845700
PS,20120925,18.3,18.4,18.2,18.3,5654400
PS,20120926,18.3,18.4,17.9,18.2,3252900
PS,20120927,18,18.2,17.9,18,4457400
PS,20120928,18,18.2,18,18,3873900
PS,20121001,18.1,18.8,18.1,18.8,17168400
PS,20121002,19,19.3,18.8,19.2,13622200
PS,20121003,19.2,19.4,18.9,19.1,4794400
PS,20121004,18.9,19.1,18.8,19,4640500
PS,20121005,18.9,19,18.7,18.8,3349100
PS,20121008,18.7,19.2,18.6,19.2,3218300
PS,20121009,19.3,19.5,18.7,18.7,6227100
PS,20121010,18.5,19,18.5,18.8,3915000
PS,20121011,18.7,18.9,18.4,18.6,3245200
PS,20121012,18.8,19,18.6,18.6,2603000
PS,20121015,18.5,19.1,18.5,19,4423900
PS,20121016,19.4,19.6,19.2,19.3,15064300
PS,20121017,19.3,20,19.3,19.9,15613600
PS,20121018,20.1,20.2,19.7,19.8,9701200
PS,20121019,19.9,20.4,19.9,20.3,13095700
PS,20121022,20.3,20.6,20.3,20.5,14713500
PS,20121024,20.7,20.8,20.5,20.7,12277600
PS,20121025,20.8,20.8,19.6,19.7,20472300
PS,20121026,19.4,19.6,19.1,19.6,12492600
PS,20121029,19.5,19.5,18.7,18.9,5326000
PS,20121030,18.9,19.1,18.7,18.9,3565200
PS,20121031,19,19.6,18.8,19.6,5767700
PS,20121101,19.5,19.8,19.5,19.8,3161600
PS,20121102,19.8,20,19.6,19.8,2966500
PS,20121105,19.7,19.7,19.2,19.5,1053900
PS,20121106,19.5,19.8,19.4,19.5,1799400
PS,20121107,19.6,19.8,19.4,19.6,2899500
PS,20121108,19.3,19.5,19.2,19.3,3736500
PS,20121109,19.2,19.4,19.1,19.1,1784100
PS,20121112,19.3,19.6,19.2,19.6,3346100
PS,20121113,19.6,19.7,19.4,19.5,2315700
PS,20121114,19.8,20,19.6,19.7,8464900
PS,20121115,19.5,19.6,19.2,19.6,2737800
PS,20121116,19.6,19.9,19.5,19.7,1569400
PS,20121119,19.7,19.9,19.5,19.7,978400
PS,20121120,19.8,20.1,19.7,19.8,5584400
PS,20121121,19.9,20.1,19.7,19.9,3051000
PS,20121122,20,20.1,19.9,19.9,3151300
PS,20121123,19.9,19.9,19.6,19.7,1539600
PS,20121126,19.9,20.8,19.9,20.6,9065200
PS,20121127,20.7,20.9,20.7,20.7,3343000
PS,20121128,20.7,21,20.5,20.6,5152600
PS,20121129,20.9,21.4,20.8,21.3,8502200
PS,20121130,21.4,21.5,21,21.4,6052500
PS,20121203,21.5,21.7,21.4,21.6,2897000
PS,20121204,21.5,21.7,21.2,21.2,3308000
PS,20121206,21.2,21.8,21.2,21.6,6500300
PS,20121207,21.6,21.8,21.5,21.6,4848700
PS,20121211,21.4,21.5,20.7,20.8,10965300
PS,20121212,20.9,21.4,20.9,21.1,5154800
PS,20121213,21.1,21.5,21,21.1,5303600
PS,20121214,21.1,21.3,21.1,21.2,3293000
PS,20121217,21.2,21.4,20.8,21.4,3926300
PS,20121218,21.3,21.4,21,21.4,3911900
PS,20121219,21.5,21.5,21.1,21.4,3892000
PS,20121220,21.4,21.5,21.1,21.4,3433600
PS,20121221,21.3,21.3,21,21.3,2676500
PS,20121224,21.2,21.2,20.9,21.1,1826000
PS,20121225,21.2,21.4,20.9,21.2,2004000
PS,20121226,21.2,21.2,20.9,21.1,3277500
PS,20121227,21.3,21.3,21.1,21.1,2638600
PS,20121228,21.3,21.3,21,21.1,2509100
PS,20130102,21.3,21.7,21.1,21.4,8572200
PS,20130103,21.6,22.6,21.4,22.5,11052800
PS,20130104,22.4,23.8,22.3,23.7,13488000
PS,20130107,24,25,24,24.6,11923000
PS,20130108,24.4,24.7,24.2,24.7,6854700
PS,20130109,24.9,27,24.6,26.5,12943600
PS,20130110,27,27.5,25,26,15699200
PS,20130111,26.5,27.25,25.75,26.75,10595700
PS,20130114,27,27.75,26.5,27.25,6763300
PS,20130115,27.25,28,27,27.5,6497300
PS,20130116,28,28,27.5,27.75,3628500
PS,20130117,27.75,27.75,26.25,27.25,7212400
PS,20130118,27.25,28.5,27.25,28,4775500
PS,20130121,28.25,28.25,27.25,27.25,3924700
PS,20130122,27,27.75,26.75,27,2220800
PS,20130123,27,27.75,26.5,26.75,8064100
PS,20130124,27.25,28,26.75,28,8720500
PS,20130125,28.5,28.5,27.75,27.75,2444000
PS,20130128,27.5,29.5,27.5,29.5,8293200
PS,20130129,29.75,31.25,29.5,31.25,11336600
PS,20130130,31,31.25,30,30.5,3055700
PS,20130131,29.75,30,29.25,30,3580400
PS,20130201,29.75,31,29.5,30.5,5670100
PS,20130204,30.25,30.25,29,29.25,4846000
PS,20130205,28.5,30,28.5,29.25,5889000
PS,20130206,29.5,30.25,29,29,5579200
PS,20130207,29.5,31.5,29.25,31.5,7574500
PS,20130208,31.25,33,31,31.25,8651700
PS,20130211,32,32.25,31.25,31.25,4270000
PS,20130212,31.5,31.5,30.75,31.25,2428800
PS,20130213,31.25,31.75,31,31.5,3186300
PS,20130214,31.5,33.25,31.25,33.25,4175800
PS,20130215,32.5,33.25,32,33,2702900
PS,20130218,32.5,34,32.5,33.5,4043900
PS,20130219,34,34,32,32.5,8771800
PS,20130220,33,33.25,32.25,32.5,2278900
PS,20130221,32.25,33,32.25,32.5,1214700
PS,20130222,32,35.5,31.5,34,4539600
PS,20130226,33.75,33.75,31.25,32,12624100
PS,20130227,32,32.25,29.75,30,11654000
PS,20130228,30.5,31.25,29.75,30,8560700
PS,20130301,30.25,30.25,28.25,29,12195600
PS,20130304,28.5,30.5,28.25,29.5,9205100
PS,20130305,29.75,31.25,29.5,30.75,6324000
PS,20130306,31,31.5,30.75,31,4145700
PS,20130307,31.75,31.75,30.5,31,1802600
PS,20130308,31,31.25,30,30,9388100
PS,20130311,30,30.5,29.25,29.25,5746200
PS,20130312,28.75,29,27.25,28.25,10690300
PS,20130313,28,28,27.25,27.75,6747300
PS,20130314,27.75,28.5,27.5,28.25,4836300
PS,20130315,28.75,30,28.75,29.75,11569800
PS,20130318,29.75,30.75,29.25,30.25,9497700
PS,20130319,30.5,30.5,27.5,28.5,7016500
PS,20130320,28.5,28.75,27,28.25,6108100
PS,20130321,28.25,28.25,27.25,27.75,2635300
PS,20130322,27.25,28.75,24,28,7935900
PS,20130325,28,28.5,27.5,28,3487300
PS,20130326,28.25,29.75,28,29.25,6139300
PS,20130327,30,31,30,30.25,8693400
PS,20130328,30.25,30.5,29,30,3550700
PS,20130329,30.75,30.75,29.5,30,3302900
PS,20130401,30,30.25,28.75,29.5,2684000
PS,20130402,29.25,29.5,28.25,28.5,4885500
PS,20130403,28.75,29,26.25,26.25,6691700
PS,20130404,25,28,24.9,27.75,14883400
PS,20130405,27.5,27.5,26,26.25,8694600
PS,20130409,26.25,26.5,25.25,25.25,3853300
PS,20130410,25.75,27.5,24.8,27.5,5905000
PS,20130411,28.25,28.25,27,27.75,4470500
PS,20130412,27.75,28.5,27.75,27.75,2256300
PS,20130417,27.25,28,26.75,27.5,1857800
PS,20130418,27.5,27.5,26.75,27.5,1159500
PS,20130419,27.5,29,27.5,28.75,2884000
PS,20130422,29.75,29.75,28.5,29.25,1361700
PS,20130423,29.25,29.25,28.5,28.75,1963900
PS,20130424,28.75,29.5,28.5,29,4593500
PS,20130425,28.75,30,28.75,29.75,4531800
PS,20130426,30,30.5,30,30.5,5050300
PS,20130429,30.75,30.75,29.5,29.75,2986000
PS,20130430,30,30.25,29,29.25,3986000
PS,20130502,29,29.5,28.75,29,2386700
PS,20130503,29.5,29.5,28.75,28.75,1307200
PS,20130507,28.75,30.25,28.5,29.75,2904900
PS,20130508,30.25,30.25,28.5,28.5,6815800
PS,20130509,29,29.25,28.5,28.75,2177100
PS,20130510,28.75,28.75,27.25,27.25,4357700
PS,20130513,27.5,28,27,27,3905900
PS,20130514,27.25,28.5,27,28,6531300
PS,20130515,28.25,29.5,28,29.25,6232700
PS,20130516,29.5,29.5,28.25,28.5,2080500
PS,20130517,29,29,27.75,28.75,3769500
PS,20130520,28.75,29.25,28.25,28.75,3283700
PS,20130521,29.25,30.5,29,29.5,21474300
PS,20130522,29.75,30.5,29,29.75,7594400
PS,20130523,29.25,29.25,27.5,28.25,14087700
PS,20130527,28.25,28.25,27.5,27.5,3796400
PS,20130528,27.75,28.25,27.5,27.75,5430000
PS,20130529,27.75,27.75,26.5,26.5,8490500
PS,20130530,26,27.25,26,26.75,5173700
PS,20130531,27,27.25,25.5,25.75,5301700
PS,20130603,26,26.25,25.25,26.25,4798900
PS,20130604,26.25,26.5,25.5,26.5,9520700
PS,20130605,26,26.5,25.5,25.5,4198100
PS,20130606,25,25.25,24.2,24.6,9555500
PS,20130607,24.5,25.25,24.5,24.7,5341700
PS,20130610,25,25.25,24.6,24.8,4618000
PS,20130611,24.6,24.6,22.6,22.6,6502800
PS,20130612,22.6,23.1,22,22,6077600
PS,20130613,20.4,22.7,20.4,22.5,8182100
PS,20130614,23.4,23.8,23,23.8,8577800
PS,20130617,23.9,23.9,23,23.9,3213900
PS,20130618,23.7,24.3,22.4,22.6,4808500
PS,20130619,22.7,23.2,21.8,22,3782600
PS,20130620,21,21,20.2,20.2,12427500
PS,20130621,19.9,19.9,18.5,19.7,11055900
PS,20130624,19.4,19.6,18.4,18.4,8916900
PS,20130625,18.8,19.6,18,19.2,10747400
PS,20130626,19.7,21.9,19.6,21.9,11573300
PS,20130627,23.3,23.3,22.2,22.5,10026600
PS,20130628,22.8,22.8,22.1,22.7,8937600
PS,20130702,22.6,23.4,22.1,22.7,6793300
PS,20130703,22.3,22.6,21.6,21.6,4609200
PS,20130704,21.9,22.1,20.8,21,3668400
PS,20130705,21.3,21.4,20.5,20.7,4155900
PS,20130708,19.9,20.2,19,19.3,8164500
PS,20130709,19.5,19.5,18.4,18.4,10416500
PS,20130710,18.5,18.7,17.1,17.8,13884500
PS,20130711,18.2,19.8,18.2,19.8,10114700
PS,20130712,20,20.4,19.5,20.4,10501800
PS,20130715,20.8,20.8,20.3,20.4,9452200
PS,20130716,20.5,20.8,20,20.7,7299600
PS,20130717,20.7,21.3,20.6,20.6,10009600
PS,20130718,20.8,22,20.8,22,8674000
PS,20130719,22.2,22.3,21.8,22.3,4728500
PS,20130723,22.4,22.5,22,22.3,5802300
PS,20130724,22.3,22.4,21.6,21.7,5348800
PS,20130725,21.3,21.4,20,20,12296100
PS,20130726,20.1,20.4,19.6,20.4,6072200
PS,20130729,20,20,18.9,19.1,7423600
PS,20130730,19.1,19.5,18.7,18.7,7519600
PS,20130731,19,19,18.3,18.8,6329100
PS,20130801,19.1,19.4,18.6,19.4,11701300
PS,20130802,19.3,19.3,18.6,19,6945600
PS,20130805,18.9,19.1,18.6,18.9,2557500
PS,20130806,18.6,19.3,18.6,19,3380700
PS,20130807,18.9,19.4,18.8,19.3,2357500
PS,20130808,19.7,20.3,19.6,20.1,7614700
PS,20130809,20.1,20.2,19.6,19.7,4126600
PS,20130813,20.3,21.1,20.1,20.8,9563800
PS,20130814,20.8,20.9,20.4,20.5,8329400
PS,20130815,20.4,20.7,20,20.1,6572800
PS,20130816,20,20.1,19.8,19.8,3245200
PS,20130819,19.4,19.6,18.9,18.9,6132800
PS,20130820,18.7,18.9,17.9,18.2,10041200
PS,20130821,18.2,18.8,18.1,18.2,3646500
PS,20130822,17.8,18.2,17.5,17.9,7333100
PS,20130823,18.2,18.3,17.2,17.2,11090900
PS,20130826,17.5,17.7,17,17,5807600
PS,20130827,17.2,17.3,16.8,16.8,7380600
PS,20130828,16.3,16.3,15.4,15.5,13700000
PS,20130829,15.8,15.9,15.2,15.5,7597300
PS,20130830,15.8,15.9,15.4,15.7,5995100
PS,20130902,15.8,16.6,15.7,16.6,9952600
PS,20130903,16.7,16.8,16.2,16.2,9828800
PS,20130904,16.2,16.6,16.1,16.2,5626500
PS,20130905,16.4,16.7,16.1,16.1,5684200
PS,20130906,16.3,16.5,16.2,16.3,6178800
PS,20130909,16.7,17.2,16.7,17,6930000
PS,20130910,17.4,18.2,17.4,17.6,11538200
PS,20130911,17.9,18.6,17.8,18.6,11902500
PS,20130912,18.8,19.1,18.5,18.5,9351400
PS,20130913,18.2,18.7,18.1,18.4,4706400
PS,20130916,19.1,20.2,19.1,20.2,12210300
PS,20130917,20.2,20.3,19.5,19.9,6524400
PS,20130918,20.1,20.2,19.7,19.8,3082500
PS,20130919,21.4,21.9,20.7,21.5,21437600
PS,20130920,21.1,21.9,21.1,21.7,5195700
PS,20130923,21.4,21.4,19.8,19.8,10457700
PS,20130924,19.5,20.1,19.4,19.6,5896800
PS,20130925,19.7,20.4,19.6,20.4,3702800
PS,20130926,20.2,20.5,19.8,19.8,2646300
PS,20130927,19.9,20.4,19.8,20,2405000
PS,20130930,19.8,19.9,19.4,19.5,6682400
PS,20131001,19.7,19.9,19.4,19.8,6702400
PS,20131002,20,20.3,19.9,20.3,5159700
PS,20131003,20.4,20.7,20.1,20.4,6046000
PS,20131004,20.3,20.4,19.8,20,4760200
PS,20131007,19.9,20.2,19.6,19.7,3589800
PS,20131008,19.6,20.3,19.5,20,5622500
PS,20131009,20.2,20.2,19.6,19.7,4132800
PS,20131010,19.9,21.2,19.8,20.9,15345100
PS,20131011,21.2,21.7,21.1,21.1,7430800
PS,20131014,21.1,21.7,20.8,21.6,5529900
PS,20131015,21.7,22.7,21.7,22.7,13076500
PS,20131016,22.9,23.4,22.4,22.4,14086900
PS,20131017,22.8,23.3,22.5,22.7,11218400
PS,20131018,22.9,23.3,22.8,23,8887100
PS,20131021,23.2,23.3,22.6,22.7,8599700
PS,20131022,22.4,22.7,21.8,22.6,4815000
PS,20131024,22.3,22.6,22,22.5,4523800
PS,20131025,22.5,22.7,22.3,22.5,4064900
PS,20131028,22.6,22.7,22.2,22.3,2549300
PS,20131029,22.1,22.8,22.1,22.7,1828100
PS,20131030,22.7,22.7,22,22.4,6869500
PS,20131031,22.1,22.6,22.1,22.3,3118800
PS,20131101,22.1,22.6,22,22.6,2653100
PS,20131104,22.2,22.2,21.9,22,3743000
PS,20131105,22,22.7,22,22.7,5586200
PS,20131106,23,24,22.8,23.6,9993300
PS,20131107,23.6,23.8,23.1,23.7,4957400
PS,20131108,23.5,23.5,23.1,23.2,4310700
PS,20131111,22.6,23.3,22.5,23.3,1380700
PS,20131112,23.3,23.7,23.1,23.2,2990600
PS,20131113,22.9,23.4,22.9,23.4,2804700
PS,20131114,23.4,23.6,23.2,23.2,1385100
PS,20131115,23.6,23.6,23.2,23.3,1581900
PS,20131118,23.4,23.5,23.3,23.4,1241200
PS,20131119,23.4,23.4,22.4,22.5,3843800
PS,20131120,22.7,23,22,22,5365300
PS,20131121,21.4,21.6,20.5,20.6,6527700
PS,20131122,20.3,20.6,19.8,20,7092300
PS,20131125,19.4,20.2,19.4,20.2,2561400
PS,20131126,20.1,20.8,19.8,20.5,1894100
PS,20131127,20.6,21.3,20.4,21.3,6685200
PS,20131128,21.4,21.4,20.6,20.6,5210800
PS,20131129,20.5,21,20.3,21,2808700
PS,20131202,20.5,20.9,20.4,20.7,2536200
PS,20131203,20.9,21.4,20.7,20.8,5926000
PS,20131204,20.8,20.9,20.3,20.3,3451900
PS,20131206,20.4,20.7,20.1,20.4,5063800
PS,20131209,20.7,21.3,20.4,20.7,3533000
PS,20131211,20.8,20.9,20.5,20.8,1302700
PS,20131212,20.8,20.8,20.4,20.4,782100
PS,20131213,20.3,20.4,19.9,20.1,1396000
PS,20131216,20,20,19.4,19.4,4126700
PS,20131217,19.6,19.7,19.4,19.6,921900
PS,20131218,19.8,20.2,19.4,19.4,4001800
PS,20131219,19.7,20.2,19.4,20,2424700
PS,20131220,20.1,20.1,19.6,19.7,1035800
PS,20131223,19.9,19.9,19.2,19.4,1607800
PS,20131224,19.1,19.5,19.1,19.4,761700
PS,20131225,19.5,19.6,19,19,866000
PS,20131226,19,19.2,17.9,18.2,2492100
PS,20131227,18.1,18.4,18,18.2,1797900
PS,20140102,18,18,16.5,16.6,5929600
PS,20140103,16.3,16.9,16.1,16.7,4626900
PS,20140106,16.7,17.3,16.3,17.1,2127600
PS,20140107,17.1,17.5,17,17.4,3558400
PS,20140108,17.4,17.7,16.9,16.9,4884900
PS,20140109,17.1,17.4,16.7,17.1,3291700
PS,20140110,17.2,17.2,16.7,17.2,2547600
PS,20140113,17.1,17.9,17,17.9,2261600
PS,20140114,17.9,18.2,17.7,18.1,2495200
PS,20140115,18.3,18.5,17.7,17.9,3666100
PS,20140116,18,18.5,17.9,18.3,5000000
PS,20140117,18.4,18.4,17.9,18.1,3134300
PS,20140120,18,18.3,17.8,17.8,3607800
PS,20140121,18.1,18.3,17.9,18.1,6489400
PS,20140122,17.9,18,17.5,17.7,6498500
PS,20140123,17.7,17.9,17.5,17.6,4358800
PS,20140124,17.9,18,17.5,17.7,2811500
PS,20140127,17.5,17.6,17.1,17.2,2593400
PS,20140128,17.1,17.4,16.9,16.9,3046400
PS,20140129,17,17,16.7,16.9,2156200
PS,20140130,16.7,17.2,16.7,17,842100
PS,20140131,17,17.7,17,17.6,2281000
PS,20140203,17.8,18.1,17.8,18,3931200
PS,20140204,17.9,18,17.6,18,2304000
PS,20140205,18.1,18.3,17.7,17.9,5435400
PS,20140206,18.2,18.2,17.8,18,2690300
PS,20140207,18.2,18.2,17.8,17.8,6136000
PS,20140210,17.9,18.4,17.8,18.4,8045800
PS,20140211,18.5,18.7,18.3,18.4,3406300
PS,20140212,18.5,18.9,18.4,18.8,3534400
PS,20140213,18.8,19.6,18.6,19.5,9142500
PS,20140217,19.7,20.3,19.6,20,7905100
PS,20140218,20.2,20.3,19.4,19.7,9615000
PS,20140219,19.8,19.9,19.2,19.5,7985600
PS,20140220,19.3,19.4,18.4,18.6,6972600
PS,20140221,18.5,18.9,18.4,18.8,3027200
PS,20140224,18.6,18.9,18.4,18.8,1568800
PS,20140225,19.1,19.1,18.7,18.8,2577900
PS,20140226,19,19,18.8,19,591400
PS,20140227,19.1,19.4,19,19.4,2279200
PS,20140228,19.5,19.7,19.5,19.6,2581100
PS,20140303,19.8,20.3,19.7,20.2,12922300
PS,20140304,20.2,20.5,19.8,20.5,5928200
PS,20140305,20.6,21,20.6,20.8,9024400
PS,20140306,20.9,21,20.7,21,2887700
PS,20140307,20.9,21,20.5,20.7,4514100
PS,20140310,20.8,20.8,20.3,20.4,8566800
PS,20140311,19.6,19.9,19.5,19.9,2622800
PS,20140312,19.7,19.8,19.5,19.5,5492000
PS,20140313,19.4,20,19.3,19.8,5949200
PS,20140314,19.8,20.2,19.7,20,12554000
PS,20140317,20.1,20.7,20,20.7,7145200
PS,20140318,20.9,21.2,20.7,21.2,9858500
PS,20140319,21.3,21.3,20.4,20.5,4777400
PS,20140320,20.4,20.4,19.9,20.1,4153400
PS,20140321,20.1,20.3,20.1,20.1,3485800
PS,20140324,20,20.1,19.7,19.8,2246900
PS,20140325,20,20.2,19.6,20.2,1922500
PS,20140326,20.2,20.2,19.7,19.9,2428500
PS,20140327,20,20.1,19.6,19.7,2499000
PS,20140328,19.6,20.3,19.5,20,5197600
PS,20140331,20.2,20.4,20.1,20.3,3101900
PS,20140401,20.4,20.4,20,20.4,3162800
PS,20140402,20.3,20.4,20,20.1,5308000
PS,20140403,20.3,21.8,20.3,21.8,19362800
PS,20140404,21.7,22.5,21.7,22.5,8412000
PS,20140408,22.3,22.6,21.7,21.7,3347100
PS,20140409,21.9,22.1,21.5,21.7,5118300
PS,20140410,21.6,22.4,21.6,22,5089700
PS,20140411,22,22.5,21.9,22.2,3665300
PS,20140416,22.1,22.4,22.1,22.3,2708000
PS,20140417,22.2,22.9,22.2,22.4,6070000
PS,20140418,22.6,22.8,22.5,22.5,2149200
PS,20140421,22.5,22.7,22.4,22.7,787500
PS,20140422,22.8,22.8,22.3,22.3,1883800
PS,20140423,22.4,22.5,22.3,22.4,789000
PS,20140424,22.3,22.5,22.2,22.5,2059400
PS,20140425,22.4,22.6,21.9,21.9,2808900
PS,20140428,21.9,22.3,21.9,21.9,4828700
PS,20140429,22,22.1,21.7,22.1,922300
PS,20140430,22,22.4,22,22.4,2300400
PS,20140502,22.5,23,22.4,22.9,7059400
PS,20140506,23,23,22.6,22.6,3134600
PS,20140507,22.4,22.8,22.3,22.8,1794600
PS,20140508,22.4,22.8,21.5,21.7,5562000
PS,20140509,21.6,22.1,21.6,21.8,3207200
PS,20140512,21.8,22,21.2,21.7,2461700
PS,20140514,21.7,22.1,21.7,22.1,1646000
PS,20140515,22.1,22.5,22.1,22.4,2481000
PS,20140516,22.3,22.6,22.1,22.2,2968200
PS,20140519,22.2,22.6,22.2,22.4,1090800
PS,20140520,22.1,22.7,21.8,22.7,3346500
PS,20140521,22.5,23.6,22.4,23.6,8369800
PS,20140522,24.1,24.4,23.6,23.6,6685300
PS,20140523,23.4,24.2,23,24.2,3378600
PS,20140526,23.8,24.2,23.8,24.2,4919300
PS,20140527,24.4,24.9,24.2,24.6,4450300
PS,20140528,24.8,25.25,24.7,24.7,4617300
PS,20140529,24.8,25,24.6,24.8,1961800
PS,20140530,24.9,26,24.6,25.25,4876800
PS,20140602,26,26.5,25.75,26,3961100
PS,20140603,26.5,26.75,25.25,26.25,6940900
PS,20140604,26.5,27.25,26.25,26.75,19485300
PS,20140605,27,27,26,26.25,8077500
PS,20140606,26.5,27,26.5,26.75,2352700
PS,20140609,27,27.25,26.25,27.25,1583800
PS,20140610,27.25,27.5,26.5,27,2972200
PS,20140611,27.25,28.5,26.75,28.5,5721700
PS,20140612,27.75,28.25,27.5,28.25,3080900
PS,20140613,27.75,28.5,27.75,28,1584500
PS,20140616,28.25,28.5,27.5,27.75,1365100
PS,20140617,27.75,28,27.5,28,1744100
PS,20140618,27.75,28,26.5,27,1665100
PS,20140619,27,28,26.75,28,2949100
PS,20140620,27.5,28.25,27.25,28,3600100
PS,20140623,28,29.5,28,28.5,8343400
PS,20140624,28.5,29.5,28.25,28.5,4456600
PS,20140625,28.5,29,28.25,29,2274500
PS,20140626,29,29,28.5,29,1098400
PS,20140627,29.25,30,29,29.5,4654400
PS,20140630,29.75,30.25,28.75,29.25,3530900
PS,20140702,29.5,30,29.5,29.75,3936800
PS,20140703,29.75,30.25,29.75,30,2482600
PS,20140704,30.25,31,30,30.75,4290800
PS,20140707,31,31.5,30.25,30.5,2031200
PS,20140708,30.5,31.5,30.25,31.5,3982800
PS,20140709,31.25,32.25,30.75,32.25,2723300
PS,20140710,32.5,34.75,32.25,34.25,6758200
PS,20140714,33.5,33.5,32.5,33.25,9099500
PS,20140715,33.25,33.75,32.75,33.5,3674100
PS,20140716,33.5,33.75,33,33,5174800
PS,20140717,33,34,32.75,33.5,2519000
PS,20140718,33,35,32,34.5,6989200
PS,20140721,35,35.5,34.5,35,2947900
PS,20140722,35,35.25,34.5,35.25,2842400
PS,20140723,35,37,34.75,37,5982100
PS,20140724,37,37,36.5,36.5,1987200
PS,20140725,36,36.5,36,36.25,1871800
PS,20140728,36,36,35.25,35.75,1956400
PS,20140729,35.25,36.25,34,34.5,6007100
PS,20140730,33.75,35,32.25,35,10779800
PS,20140731,34.5,35.25,33.5,33.5,4368000
PS,20140801,33.25,33.5,32.5,33,4033500
PS,20140804,32.75,33.75,32.5,33.75,2800400
PS,20140805,34.25,35,33.25,34.5,5134800
PS,20140806,34,34.25,33.75,34,2313000
PS,20140807,33.75,34.5,33.25,34,2720200
PS,20140808,33.5,34.5,33.5,34.5,925100
PS,20140813,35,35.75,34.25,35.5,9164500
PS,20140814,36,36,34,34.5,10929800
PS,20140815,34.5,34.75,34,34.75,4090200
PS,20140818,34.75,35,34.5,34.75,720100
PS,20140819,35,35.75,34.5,35.5,3218100
PS,20140820,35,36,34.5,35.75,5094200
PS,20140821,35.75,36.25,35,35.25,3468600
PS,20140822,35.5,35.5,34.75,35,1418500
PS,20140825,35.25,36,35,35.5,3651700
PS,20140826,35.25,35.75,34.5,34.75,2965200
PS,20140827,35,35.25,34.25,34.75,2844400
PS,20140828,34.5,35,34,34.75,2333900
PS,20140829,34.5,34.75,34,34.5,2687100
PS,20140901,34.75,35.25,34.75,35,2041700
PS,20140902,35,35,34.5,35,2334000
PS,20140903,35,35.25,34,34.5,3889200
PS,20140904,35,35.25,34,34,3871200
PS,20140905,34,34,33.5,33.75,4054900
PS,20140908,33.5,34,33.5,33.5,2101700
PS,20140909,33.5,33.5,32.25,32.5,5400400
PS,20140910,31.5,32.5,31,32.5,8073200
PS,20140911,32.5,32.75,32,32.25,6395100
PS,20140912,32.25,32.25,31.5,32.25,5093100
PS,20140915,32,33.25,32,33,8694000
PS,20140916,33.25,34,32.75,33,7231800
PS,20140917,33.25,33.25,32.25,33,3317400
PS,20140918,33,34,33,33.5,5208500
PS,20140919,33.75,33.75,33,33.25,3003700
PS,20140922,33,33.75,32.75,33.25,2227200
PS,20140923,33.25,33.75,33,33.25,2560100
PS,20140924,33.5,33.5,32.75,33,2684800
PS,20140925,33.25,33.5,32.75,33,2646000
PS,20140926,33.25,33.75,33,33.25,1713000
PS,20140929,33.5,34.5,33.25,34,9597600
PS,20140930,34.25,34.25,33.75,34.25,6730000
PS,20141001,34.25,35.25,34.25,34.75,6403500
PS,20141002,35,35.25,33.25,33.75,9572700
PS,20141003,34,34.5,32.75,33.75,5695900
PS,20141006,34.25,34.75,31.25,32.5,7618400
PS,20141007,32,33.75,32,33,6237700
PS,20141008,32.5,34.5,32.5,33.75,4779700
PS,20141009,34,34.5,33.5,34.25,2912100
PS,20141010,33.75,34,33.25,33.75,6778200
PS,20141013,33.5,33.5,32.5,33.25,5448600
PS,20141014,33,33.25,32.75,33,3037900
PS,20141015,32.75,33.25,32.75,33,2572600
PS,20141016,32.5,33,32.5,33,1635100
PS,20141017,32.75,33,32.5,32.75,1851400
PS,20141020,32.5,32.5,31.5,32,4301900
PS,20141021,32,32.25,31.5,32,2771300
PS,20141022,32.25,33.25,32.25,32.5,5676900
PS,20141024,32.5,33.25,32.5,32.75,2850000
PS,20141027,33,34.25,32.75,33.75,6423900
PS,20141028,33.5,34.5,33.5,33.75,3790700
PS,20141029,33.75,34,33.25,33.5,3824400
PS,20141030,33.25,33.5,33,33.25,4251000
PS,20141031,33.25,33.5,32.75,33.5,5595300
PS,20141103,33.75,33.75,32.75,33,3458500
PS,20141104,32.75,33.25,32.75,33,2907300
PS,20141105,33.25,33.75,33,33.25,2672100
PS,20141106,33.5,34,33,34,2095900
PS,20141107,34.25,34.25,33.25,33.5,1683800
PS,20141110,33.75,34,33,33.75,2169900
PS,20141111,33.25,33.5,31.5,32.25,6210400
PS,20141112,32,32.25,31,31,7672400
PS,20141113,30.75,31.25,30.25,31,6271000
PS,20141114,31,32,31,31.25,3383200
PS,20141117,31.25,31.5,30.5,31,2531900
PS,20141118,31.25,32,30.75,31.75,5581800
PS,20141119,32,32.5,30.75,31,6340200
PS,20141120,31.25,31.25,30.5,31,2626500
PS,20141121,31,31.75,30.75,31.5,4255600
PS,20141124,31.5,32.75,31.5,32,3348800
PS,20141125,32.25,32.25,30.5,30.5,16650900
PS,20141126,31,31.5,31,31,4273700
PS,20141127,31.25,31.5,30.75,31,2852600
PS,20141128,31,31.5,31,31.5,3073200
PS,20141201,31.25,31.75,31.25,31.25,2185700
PS,20141202,31.5,31.75,31,31.5,2516000
PS,20141203,31.75,31.75,31.25,31.5,3569700
PS,20141204,31.5,31.5,31.25,31.25,2325000
PS,20141208,31.25,31.5,30.25,30.5,5036600
PS,20141209,30.5,30.75,29.25,30,7409300
PS,20141211,29.75,29.75,28.75,29.5,6264700
PS,20141212,29.25,30,29,29.25,5597400
PS,20141215,28.75,29.25,26.5,29.25,7669400
PS,20141216,28.25,29,27.75,28.75,9865800
PS,20141217,28.5,29,27.5,28,7747400
PS,20141218,28.25,29.25,28.25,29.25,6740100
PS,20141219,29.5,29.75,28.75,29,5234300
PS,20141222,29,29,28.25,28.75,6815500
PS,20141223,29,29.5,29,29.25,3383800
PS,20141224,29.25,29.5,27.5,28,7534200
PS,20141225,28,28,27,27.75,3876500
PS,20141226,27.5,27.5,27,27.5,4334700
PS,20141229,27.75,28,27.25,28,3283300
PS,20141230,28,28.75,27.5,28.75,5837200
PS,20150105,29,29,27.5,27.75,3221100
PS,20150106,27.75,27.75,27,27,5214200
PS,20150107,27,28,27,27,7456200
PS,20150108,27.75,29.25,27.5,29,11672500
PS,20150109,29.25,30,29.25,29.5,7362900
PS,20150112,29.5,31.25,29.25,30.75,10936800
PS,20150113,30.5,31.25,30,31.25,5176000
PS,20150114,31.5,31.5,29.25,30,4735500
PS,20150115,30.25,30.75,30,30.5,3554500
PS,20150116,30.25,31.25,30.25,31,3992100
PS,20150119,31,31.25,30.75,31,1966300
PS,20150120,31.25,31.25,30.5,30.5,2388300
PS,20150121,30.75,31,30,30.25,1345100
PS,20150122,30.5,31,30.25,30.75,1524300
PS,20150123,30.75,32.5,30.75,32,9479000
PS,20150126,32.5,33.25,32.25,32.75,6324300
PS,20150127,33,33.25,32,32.25,3703400
PS,20150128,32.25,32.75,31.5,31.75,4177400
PS,20150129,31.75,32.25,31.5,32,2189900
PS,20150130,32,32.75,31.75,32.25,2462200
PS,20150202,32.25,32.75,31.75,32.5,4481900
PS,20150203,33,33,32,32.5,1449300
PS,20150204,32.5,32.75,31.75,31.75,2233000
PS,20150205,31.75,32.25,31.5,32,1217200
PS,20150206,32,32.25,31.75,32.25,1823000
PS,20150209,32.25,33.25,32,33,4879600
PS,20150210,33,34,32.5,33.5,4529800
PS,20150211,33.5,34,32.75,33.75,3639800
PS,20150212,33.5,33.5,32.75,33,4610300
PS,20150213,33,33.25,32,32.75,3264800
PS,20150216,32.75,32.75,31.25,31.75,5290900
PS,20150217,31.5,32,31.25,31.75,2882200
PS,20150218,31.75,32.5,31.75,32.5,5455900
PS,20150219,32.5,33,32.5,32.5,1593000
PS,20150220,32.75,32.75,32.25,32.5,1986800
PS,20150223,32.75,33,32.5,32.5,2212800
PS,20150224,32.5,33,32.25,32.5,2134000
PS,20150225,32.75,32.75,32.25,32.5,4099100
PS,20150226,32.5,32.75,31.75,32.25,2999900
PS,20150227,32,32.25,31.75,32,3873700
PS,20150302,32,32.25,31,31.5,3039400
PS,20150303,31.5,32,31.25,31.5,6079000
PS,20150305,31,32,30.5,32,7164200
PS,20150306,32,33.75,31.75,33.25,7952800
PS,20150309,33.75,33.75,32.75,33,3516500
PS,20150310,33,33.25,32,32.5,8106400
PS,20150311,31,32.75,30.5,31.75,6959400
PS,20150312,32,32,30.25,30.25,6580300
PS,20150313,30,31,30,30.75,6839700
PS,20150316,30.25,30.5,29,29.75,6578400
PS,20150317,29.5,29.75,28.25,28.5,7218000
PS,20150318,28.5,29.75,28.5,29,4234000
PS,20150319,29.75,29.75,28.25,29,4044300
PS,20150320,28.75,29.25,28.25,29,5243300
PS,20150323,29,29.25,28.5,28.75,2500200
PS,20150324,28.75,29,28.25,28.75,1472500
PS,20150325,29,29,28.25,28.25,2328300
PS,20150326,28.25,28.5,27,27,5594300
PS,20150327,27,27.25,26,27,5199800
PS,20150330,27,28,27,28,4302500
PS,20150331,28.25,29,27.75,29,2709000
PS,20150401,29,29,28.25,29,4559900
PS,20150402,29.25,30.5,29,29.75,6313300
PS,20150403,29.5,29.5,29,29.25,3374700
PS,20150407,29.25,30.25,28.75,29.75,3245900
PS,20150408,30.25,30.75,29.75,30.25,5804200
PS,20150409,30.25,30.5,29.5,30,2043600
PS,20150410,30,30.25,29.5,30.25,1662300
PS,20150416,30,30.25,29.25,29.5,6021200
PS,20150417,29.5,29.75,29,29,2978300
PS,20150420,29.25,29.5,28.75,28.75,1733800
PS,20150421,29.25,29.5,29,29,1564000
PS,20150422,29.75,30.5,29.5,29.75,9162700
PS,20150423,29.75,30,27.75,28,10390700
PS,20150424,28.25,28.5,27.75,28.25,5319700
PS,20150427,28.25,28.5,27.5,28,3093400
PS,20150428,28,28,26.75,27.5,5388800
PS,20150429,27.5,27.75,27,27.25,3714500
PS,20150430,27.5,28.25,27.25,27.5,6132000
PS,20150506,27.5,27.75,26,26.25,6460400
PS,20150507,26.25,26.5,24.9,25.75,8609000
PS,20150508,25.5,25.5,24.8,25,6377500
PS,20150511,25.25,25.75,24.8,24.8,5244200
PS,20150512,24.7,25.25,24.3,24.7,11820500
PS,20150513,24.6,25.25,24.5,25,9539900
PS,20150514,25,25.75,24.9,25.5,7086200
PS,20150515,25.25,25.5,23.8,24.4,17113600
PS,20150518,24.5,24.9,24.3,24.4,5562600
PS,20150519,24.6,25.5,24.2,25,12323000
PS,20150520,25.25,25.5,24.9,25,9428000
PS,20150521,25,25.25,24.9,25,3810100
PS,20150522,25,25.5,25,25.25,3851800
PS,20150525,25.5,25.5,24.8,25,2366800
PS,20150526,25,25.25,24.6,24.7,3564100
PS,20150527,24.5,24.6,24.1,24.4,4739700
PS,20150528,24.2,24.4,23.6,23.7,4902700
PS,20150529,23.7,24.9,23.7,24.6,4516800
PS,20150602,24.5,24.6,24,24.1,6892700
PS,20150603,24,24.1,23.9,23.9,4218000
PS,20150604,24,25.25,24,25,8635400
PS,20150605,25,26,24.9,25.75,6523400
PS,20150608,25.5,25.75,25,25.5,5352300
PS,20150609,25.5,25.75,24.9,24.9,3758100
PS,20150610,25,25.5,25,25,1911700
PS,20150611,25.25,25.25,25,25,2870800
PS,20150612,25,26.5,25,26.25,9851500
PS,20150615,26,26.25,25.5,26.25,4284400
PS,20150616,26,26.25,25.75,26,2684500
PS,20150617,25.75,26,25.5,25.75,3138200
PS,20150618,25.5,26.25,25.25,25.5,3512000
PS,20150619,25.5,25.75,24.7,24.8,5570800
PS,20150622,24.8,25.5,24.8,25,2527600
PS,20150623,25.5,25.5,25,25.5,2763400
PS,20150624,25.25,25.75,25.25,25.5,3559300
PS,20150625,25.25,25.75,25,25.5,6085000
PS,20150626,25.5,26.75,25.5,26.25,12649200
PS,20150629,25.5,26.25,25.5,26,7858100
PS,20150630,26.25,26.25,25,25.25,5361400
PS,20150702,25.25,25.5,24.8,25,4430200
PS,20150703,24.8,24.9,23.8,24.1,10298200
PS,20150706,23.9,24.4,23.8,24.2,2836300
PS,20150707,24.2,24.4,24.1,24.4,3906700
PS,20150708,24.2,24.3,24,24,3101400
PS,20150709,24,24.5,23.9,24.2,5578800
PS,20150710,24.4,24.4,24.1,24.2,1815200
PS,20150713,24.2,25,24.2,24.7,9336900
PS,20150714,24.8,25.25,24.7,24.9,6132200
PS,20150715,25,25.5,25,25,2656300
PS,20150716,25.25,25.25,24.6,25,2319500
PS,20150717,25,25,24.7,24.8,692600
PS,20150720,24.7,24.9,24.6,24.7,664700
PS,20150721,24.7,24.7,24.2,24.4,2419100
PS,20150722,24.2,25.25,24.1,25.25,4582900
PS,20150723,25,25,24.7,24.7,1382700
PS,20150724,24.6,24.9,24.4,24.8,2027100
PS,20150727,24.60,24.90,24.30,24.50,1993000.00
PS,20150728,24.80,24.80,24.40,24.50,1555700.00
PS,20150729,24.40,24.50,24.10,24.10,3035800.00
PS,20150731,24.10,24.40,24.10,24.10,2749600.00
PS,20150803,24.20,24.20,24.00,24.10,1812400.00
PS,20150804,24.10,24.10,23.80,23.80,3352100.00
PS,20150805,24.00,24.00,23.80,23.90,1662300.00
PS,20150806,24.00,24.40,24.00,24.10,2601600.00
PS,20150807,24.20,24.40,24.00,24.00,1847800.00
PS,20150810,24.00,24.20,23.90,23.90,1103800.00
PS,20150811,23.90,24.10,23.90,24.00,1048200.00
