<ticker>,<dtyyyymmdd>,<open>,<high>,<low>,<close>,<vol>
RANCH,20090723,35.0000,35.0000,35.0000,35.0000,100
RANCH,20090714,29.0000,35.5000,29.0000,35.5000,1141
RANCH,20090713,35.7500,35.7500,35.7500,35.7500,10520
RANCH,20090710,35.7500,35.7500,35.7500,35.7500,1360
RANCH,20090709,36.0000,36.0000,35.7500,35.7500,10020
RANCH,20090708,35.7500,35.7500,35.7500,35.7500,3803
RANCH,20090703,35.7500,35.7500,35.7500,35.7500,5440
RANCH,20090702,35.7500,35.7500,35.7500,35.7500,19600
RANCH,20090630,35.7500,35.7500,35.5000,35.5000,1530
RANCH,20090629,35.5000,35.5000,35.5000,35.5000,3000
RANCH,20090626,35.5000,35.5000,35.5000,35.5000,1700
RANCH,20090623,35.5000,36.0000,35.5000,36.0000,199900
RANCH,20090622,35.5000,35.5000,35.5000,35.5000,300
RANCH,20090617,35.7500,35.7500,35.7500,35.7500,1700
RANCH,20090616,35.7500,35.7500,35.7500,35.7500,500
RANCH,20090615,35.5000,35.5000,35.5000,35.5000,200
RANCH,20090612,35.5000,35.5000,35.5000,35.5000,480
RANCH,20090611,35.5000,35.5000,35.5000,35.5000,600
RANCH,20090610,35.5000,35.7500,35.5000,35.7500,2280
RANCH,20090609,35.5000,35.5000,35.5000,35.5000,14400
RANCH,20090608,35.7500,35.7500,35.7500,35.7500,1100
RANCH,20090605,35.5000,35.5000,35.5000,35.5000,600
RANCH,20090604,35.5000,35.7500,35.5000,35.5000,9500
RANCH,20090603,35.5000,35.5000,35.5000,35.5000,1100
RANCH,20090602,35.5000,35.5000,35.5000,35.5000,92400
RANCH,20090601,35.5000,35.5000,35.5000,35.5000,4220
RANCH,20090529,35.5000,35.7500,35.5000,35.7500,2400
RANCH,20090528,35.5000,35.5000,35.5000,35.5000,2900
RANCH,20090527,35.5000,35.5000,35.5000,35.5000,5660
RANCH,20090526,35.5000,35.5000,35.5000,35.5000,10879
RANCH,20090525,35.5000,35.5000,35.5000,35.5000,170279
RANCH,20090522,35.5000,35.5000,35.5000,35.5000,107452
RANCH,20090521,35.7500,35.7500,35.5000,35.5000,104399
RANCH,20090520,35.5000,35.5000,35.5000,35.5000,68100
RANCH,20090519,35.5000,35.5000,35.5000,35.5000,9800
RANCH,20090518,35.5000,35.5000,35.5000,35.5000,293503
RANCH,20090515,35.2500,35.5000,35.2500,35.5000,131841
RANCH,20090514,35.2500,35.2500,35.2500,35.2500,17180
RANCH,20090513,35.2500,35.5000,35.2500,35.2500,239792
RANCH,20090512,35.2500,35.2500,35.0000,35.2500,136400
RANCH,20090511,35.2500,35.5000,35.2500,35.5000,3800
RANCH,20090507,35.2500,35.2500,35.2500,35.2500,30800
RANCH,20090506,35.2500,35.2500,35.2500,35.2500,27270
RANCH,20090504,35.2500,35.2500,35.2500,35.2500,51001
RANCH,20090430,35.5000,35.5000,35.2500,35.2500,20100
RANCH,20090429,35.2500,35.2500,35.2500,35.2500,4200
RANCH,20090428,35.0000,35.0000,35.0000,35.0000,50000
RANCH,20090427,35.0000,35.0000,35.0000,35.0000,50680
RANCH,20090424,35.0000,35.2500,35.0000,35.0000,201370
RANCH,20090423,35.0000,35.0000,34.7500,35.0000,32520
RANCH,20090422,34.5000,34.5000,34.5000,34.5000,4900
RANCH,20090421,34.5000,34.5000,34.2500,34.5000,21100
RANCH,20090420,34.5000,34.5000,34.5000,34.5000,30020
RANCH,20090410,34.5000,34.5000,34.5000,34.5000,60000
RANCH,20090409,34.5000,34.7500,34.5000,34.7500,10000
RANCH,20090408,34.5000,34.7500,34.5000,34.7500,14400
RANCH,20090407,34.7500,34.7500,34.7500,34.7500,6900
RANCH,20090403,34.7500,34.7500,34.7500,34.7500,2000
RANCH,20090402,34.5000,34.7500,34.5000,34.7500,1600
RANCH,20090401,34.7500,34.7500,34.7500,34.7500,1600
RANCH,20090331,34.7500,34.7500,34.7500,34.7500,3100
RANCH,20090330,34.7500,34.7500,34.5000,34.7500,15600
RANCH,20090326,34.7500,34.7500,34.5000,34.5000,15000
RANCH,20090325,34.7500,34.7500,34.7500,34.7500,35000
RANCH,20090324,34.7500,34.7500,34.5000,34.5000,125300
RANCH,20090323,35.0000,35.0000,34.7500,35.0000,35400
RANCH,20090320,34.7500,34.7500,34.7500,34.7500,35000
RANCH,20090319,34.7500,34.7500,34.7500,34.7500,35500
RANCH,20090318,34.7500,34.7500,34.7500,34.7500,45000
RANCH,20090317,35.0000,35.0000,34.7500,35.0000,27110
RANCH,20090316,35.0000,35.0000,35.0000,35.0000,11500
RANCH,20090313,34.7500,35.0000,34.7500,35.0000,2201
RANCH,20090312,34.7500,34.7500,34.7500,34.7500,1700
RANCH,20090311,35.0000,35.0000,34.7500,34.7500,51700
RANCH,20090310,34.7500,35.0000,34.7500,34.7500,52401
RANCH,20090309,34.7500,34.7500,34.7500,34.7500,11600
RANCH,20090306,34.7500,34.7500,34.7500,34.7500,26980
RANCH,20090305,34.7500,35.0000,34.7500,35.0000,41800
RANCH,20090304,34.7500,34.7500,34.7500,34.7500,52202
RANCH,20090303,34.5000,34.5000,34.5000,34.5000,9200
RANCH,20090302,34.5000,34.5000,34.5000,34.5000,79400
RANCH,20090227,34.5000,34.5000,34.5000,34.5000,8100
RANCH,20090226,34.5000,34.5000,34.2500,34.5000,244100
RANCH,20090225,34.5000,34.5000,34.5000,34.5000,16700
RANCH,20090224,34.5000,34.5000,34.2500,34.5000,74660
RANCH,20090223,34.5000,34.5000,34.2500,34.5000,81100
RANCH,20090220,34.5000,34.5000,34.2500,34.5000,34610
RANCH,20090219,34.5000,34.5000,34.2500,34.5000,242567
RANCH,20090218,34.7500,34.7500,34.5000,34.5000,155526
RANCH,20090217,34.7500,34.7500,34.7500,34.7500,102704
RANCH,20090216,34.7500,34.7500,34.2500,34.7500,412601
RANCH,20090213,35.0000,35.0000,34.5000,34.7500,512802
RANCH,20090212,34.0000,35.5000,34.0000,35.0000,144301
RANCH,20090120,32.0000,32.0000,32.0000,32.0000,50000
RANCH,20090116,30.0000,30.0000,30.0000,30.0000,100
RANCH,20090115,30.0000,31.0000,30.0000,31.0000,1600
RANCH,20081229,34.7500,34.7500,34.7500,34.7500,100
RANCH,20081226,31.0000,35.0000,31.0000,35.0000,5000
RANCH,20081222,28.5000,28.5000,28.5000,28.5000,200
RANCH,20081217,29.0000,29.0000,28.5000,28.5000,1700
RANCH,20081216,29.0000,29.0000,29.0000,29.0000,140
RANCH,20081117,30.0000,30.0000,30.0000,30.0000,100
RANCH,20081114,30.0000,30.0000,30.0000,30.0000,100
RANCH,20081024,30.0000,30.0000,30.0000,30.0000,100
RANCH,20081013,30.0000,30.0000,30.0000,30.0000,300
RANCH,20081010,30.0000,32.0000,30.0000,32.0000,2500
RANCH,20080909,38.7500,38.7500,38.7500,38.7500,100
RANCH,20080905,39.0000,39.0000,39.0000,39.0000,1000
RANCH,20080820,38.0000,39.0000,38.0000,39.0000,1200
RANCH,20080819,33.0000,39.0000,33.0000,39.0000,1100
RANCH,20080818,33.0000,33.0000,33.0000,33.0000,1800
RANCH,20080815,33.0000,33.0000,33.0000,33.0000,100
RANCH,20080805,36.0000,36.0000,36.0000,36.0000,100
RANCH,20080730,36.0000,36.0000,36.0000,36.0000,100
RANCH,20080710,30.0000,38.0000,30.0000,38.0000,300
RANCH,20080704,38.7500,38.7500,38.7500,38.7500,100
RANCH,20080703,39.0000,39.0000,39.0000,39.0000,100
RANCH,20080702,39.0000,39.0000,39.0000,39.0000,39800
RANCH,20080630,39.0000,39.5000,39.0000,39.5000,10500
RANCH,20080627,39.0000,39.0000,39.0000,39.0000,200
RANCH,20080625,39.5000,39.5000,39.5000,39.5000,5000
RANCH,20080624,37.0000,40.0000,37.0000,40.0000,5300
RANCH,20080623,38.0000,40.0000,36.0000,36.0000,21100
RANCH,20080619,31.0000,31.0000,31.0000,31.0000,200
RANCH,20080617,35.5000,35.5000,30.0000,30.0000,15800
RANCH,20080613,37.2500,37.2500,36.5000,36.5000,9100
RANCH,20080612,37.5000,37.5000,37.2500,37.2500,1000
RANCH,20080611,40.0000,40.0000,40.0000,40.0000,50000
RANCH,20080610,40.0000,40.0000,40.0000,40.0000,50000
RANCH,20080604,39.0000,39.0000,39.0000,39.0000,4200
RANCH,20080602,40.0000,40.0000,37.2500,37.2500,101200
RANCH,20080530,41.0000,41.0000,41.0000,41.0000,100
RANCH,20080529,40.0000,41.0000,40.0000,41.0000,101900
RANCH,20080528,40.0000,40.0000,40.0000,40.0000,4600
RANCH,20080527,38.0000,39.0000,38.0000,39.0000,29000
RANCH,20080526,37.0000,37.0000,37.0000,37.0000,60600
RANCH,20080523,38.0000,38.0000,37.0000,37.0000,79200
RANCH,20080522,35.0000,38.0000,35.0000,37.0000,8700
RANCH,20080521,35.0000,35.0000,35.0000,35.0000,100094
RANCH,20080520,32.0000,35.0000,32.0000,35.0000,50963
RANCH,20080515,35.5000,35.5000,35.5000,35.5000,500
RANCH,20080514,37.5000,37.5000,37.5000,37.5000,700
RANCH,20080513,35.5000,35.5000,35.5000,35.5000,10000
RANCH,20080509,38.0000,38.0000,38.0000,38.0000,7100
RANCH,20080508,38.0000,38.0000,38.0000,38.0000,1040
RANCH,20080506,38.0000,38.0000,38.0000,38.0000,1000
RANCH,20080430,36.0000,36.0000,36.0000,36.0000,4000
RANCH,20080425,36.0000,37.5000,36.0000,37.5000,1300
RANCH,20080422,36.0000,36.0000,36.0000,36.0000,200
RANCH,20080418,36.0000,36.0000,36.0000,36.0000,3600
RANCH,20080417,35.5000,35.7500,35.5000,35.5000,8500
RANCH,20080416,35.0000,35.0000,35.0000,35.0000,200
RANCH,20080408,37.0000,37.0000,37.0000,37.0000,1500
RANCH,20080404,36.5000,36.5000,36.0000,36.0000,6400
RANCH,20080403,36.0000,36.5000,36.0000,36.5000,6100
RANCH,20080402,35.0000,36.0000,35.0000,36.0000,1700
RANCH,20080331,35.0000,35.0000,35.0000,35.0000,720
RANCH,20080328,35.0000,35.0000,33.5000,35.0000,4000
RANCH,20080327,32.5000,35.0000,32.5000,35.0000,13000
RANCH,20080326,31.2500,32.2500,31.2500,32.0000,4310
RANCH,20080325,30.5000,30.5000,30.0000,30.0000,4700
RANCH,20080324,31.2500,31.5000,31.2500,31.5000,1800
RANCH,20080320,31.0000,31.0000,31.0000,31.0000,500
RANCH,20080318,32.5000,32.5000,30.5000,30.5000,5500
RANCH,20080314,32.0000,32.0000,32.0000,32.0000,100
RANCH,20080312,30.5000,30.5000,30.5000,30.5000,100
RANCH,20080311,30.2500,30.5000,30.2500,30.5000,400
RANCH,20080307,32.2500,32.2500,32.2500,32.2500,100
RANCH,20080229,32.2500,32.2500,32.2500,32.2500,900
RANCH,20080213,32.2500,32.2500,32.2500,32.2500,100
RANCH,20080212,31.7500,31.7500,31.7500,31.7500,800
RANCH,20080208,32.0000,32.0000,32.0000,32.0000,100
RANCH,20080131,32.0000,32.0000,32.0000,32.0000,3200
RANCH,20080130,32.0000,32.2500,32.0000,32.2500,200
RANCH,20080124,32.0000,32.0000,32.0000,32.0000,100
RANCH,20080123,32.0000,32.0000,32.0000,32.0000,1100
RANCH,20080122,32.0000,32.0000,32.0000,32.0000,12600
RANCH,20080118,31.5000,31.5000,31.5000,31.5000,3200
RANCH,20080114,31.5000,31.5000,31.5000,31.5000,200
RANCH,20080110,31.5000,31.5000,31.5000,31.5000,1800
RANCH,20080104,31.5000,31.5000,31.5000,31.5000,100
RANCH,20080103,31.0000,31.0000,31.0000,31.0000,300
RANCH,20071228,31.0000,31.0000,31.0000,31.0000,100
RANCH,20071226,30.0000,31.0000,30.0000,30.0000,300
RANCH,20071225,29.5000,29.5000,29.5000,29.5000,160
RANCH,20071221,29.2500,29.5000,29.2500,29.5000,3000
RANCH,20071220,29.0000,29.2500,29.0000,29.2500,2500
RANCH,20071219,30.0000,30.0000,29.0000,29.2500,2600
RANCH,20071213,36.0000,36.0000,36.0000,36.0000,1000
RANCH,20071211,34.0000,35.0000,34.0000,35.0000,2600
RANCH,20071207,33.0000,33.0000,33.0000,33.0000,100
RANCH,20071206,30.0000,30.5000,30.0000,30.5000,800
RANCH,20071203,30.5000,30.5000,30.5000,30.5000,204
RANCH,20071129,32.5000,33.0000,32.5000,33.0000,42520
RANCH,20071128,30.0000,32.5000,30.0000,32.5000,700
RANCH,20071122,29.2500,29.2500,29.2500,29.2500,200
RANCH,20071116,31.5000,31.5000,30.2500,30.2500,6800
RANCH,20071115,32.5000,32.5000,31.0000,31.0000,4300
RANCH,20071114,32.2500,32.7500,32.2500,32.7500,2600
RANCH,20071113,32.2500,32.2500,32.2500,32.2500,500
RANCH,20071112,31.0000,32.0000,31.0000,32.0000,300
RANCH,20071109,31.0000,31.5000,31.0000,31.5000,2700
RANCH,20071108,32.0000,32.0000,32.0000,32.0000,1300
RANCH,20071101,33.2500,33.5000,33.0000,33.0000,4500
RANCH,20071030,33.0000,33.0000,33.0000,33.0000,1500
RANCH,20071029,33.0000,33.0000,33.0000,33.0000,500
RANCH,20071019,33.0000,33.0000,33.0000,33.0000,1100
RANCH,20071018,34.0000,35.0000,34.0000,35.0000,200
RANCH,20071017,35.5000,35.5000,34.0000,34.0000,4900
RANCH,20071016,35.5000,35.5000,35.5000,35.5000,200
RANCH,20071015,35.2500,36.0000,35.2500,35.7500,4800
RANCH,20071012,34.0000,34.0000,34.0000,34.0000,200
RANCH,20071011,35.0000,36.0000,33.0000,33.5000,5900
RANCH,20071010,34.0000,34.0000,33.0000,33.0000,12400
RANCH,20071009,35.0000,35.0000,34.0000,34.5000,13200
RANCH,20071008,35.5000,35.5000,35.2500,35.2500,2000
RANCH,20071005,36.2500,36.2500,35.5000,35.5000,4800
RANCH,20071004,36.5000,36.5000,36.5000,36.5000,700
RANCH,20071003,37.0000,37.0000,36.5000,36.5000,4600
RANCH,20071002,37.0000,37.0000,37.0000,37.0000,5000
RANCH,20070927,37.5000,37.5000,37.0000,37.0000,10300
RANCH,20070926,37.5000,37.5000,37.5000,37.5000,4000
RANCH,20070921,37.7500,37.7500,37.0000,37.7500,1300
RANCH,20070920,37.2500,37.2500,37.0000,37.2500,9900
RANCH,20070919,37.5000,37.5000,37.2500,37.2500,3500
RANCH,20070913,37.2500,37.2500,37.2500,37.2500,500
RANCH,20070912,38.0000,38.0000,38.0000,38.0000,500
RANCH,20070907,37.0000,37.0000,37.0000,37.0000,200
RANCH,20070906,41.5000,41.5000,40.0000,40.0000,400
RANCH,20070905,38.7500,38.7500,38.7500,38.7500,1000
RANCH,20070903,38.7500,38.7500,38.7500,38.7500,500
RANCH,20070831,38.7500,38.7500,38.7500,38.7500,2000
RANCH,20070830,38.2500,38.2500,38.2500,38.2500,1000
RANCH,20070828,38.0000,38.0000,38.0000,38.0000,1100
RANCH,20070827,38.0000,38.0000,38.0000,38.0000,1200
RANCH,20070824,38.2500,38.2500,38.2500,38.2500,100
RANCH,20070817,38.0000,38.0000,38.0000,38.0000,2900
RANCH,20070815,38.2500,38.5000,38.2500,38.2500,4400
RANCH,20070810,41.5000,41.5000,41.5000,41.5000,200
RANCH,20070806,40.0000,40.0000,40.0000,40.0000,300
RANCH,20070726,40.0000,40.0000,40.0000,40.0000,50000
RANCH,20070725,40.0000,40.0000,39.5000,39.5000,53529
RANCH,20070724,40.0000,41.0000,40.0000,40.0000,55300
RANCH,20070723,41.0000,41.0000,41.0000,41.0000,500
RANCH,20070720,39.5000,39.5000,39.5000,39.5000,800
RANCH,20070719,40.0000,40.0000,39.5000,39.5000,1400
RANCH,20070718,39.5000,39.5000,39.5000,39.5000,500
RANCH,20070717,39.5000,39.5000,39.5000,39.5000,1600
RANCH,20070716,39.5000,39.5000,39.5000,39.5000,100
RANCH,20070713,40.0000,40.0000,39.5000,39.5000,40700
RANCH,20070712,40.0000,41.0000,40.0000,41.0000,4800
RANCH,20070711,40.2500,40.2500,40.0000,40.0000,1700
RANCH,20070710,40.0000,40.0000,40.0000,40.0000,1600
RANCH,20070709,40.7500,40.7500,40.5000,40.5000,3400
RANCH,20070705,40.2500,40.2500,40.2500,40.2500,1000
RANCH,20070704,40.0000,40.0000,40.0000,40.0000,500
RANCH,20070703,39.5000,40.0000,39.5000,40.0000,54500
RANCH,20070702,39.5000,40.2500,39.5000,39.5000,55880
RANCH,20070628,39.2500,39.2500,39.0000,39.0000,1850
RANCH,20070627,40.5000,40.5000,39.5000,39.5000,9200
RANCH,20070625,40.2500,40.2500,40.0000,40.0000,3000
RANCH,20070622,40.2500,40.2500,40.2500,40.2500,300
RANCH,20070621,39.5000,39.5000,39.5000,39.5000,3200
RANCH,20070620,39.5000,39.5000,39.5000,39.5000,5000
RANCH,20070618,39.5000,39.5000,39.5000,39.5000,200
RANCH,20070615,38.0000,38.0000,38.0000,38.0000,102
RANCH,20070614,38.5000,38.5000,38.5000,38.5000,1500
RANCH,20070613,39.0000,39.0000,38.0000,38.0000,6500
RANCH,20070611,40.0000,40.2500,40.0000,40.2500,600
RANCH,20070607,40.0000,40.0000,40.0000,40.0000,10000
RANCH,20070605,40.0000,40.2500,39.5000,39.5000,5000
RANCH,20070604,40.0000,40.0000,39.7500,40.0000,4200
RANCH,20070601,38.5000,39.5000,38.5000,39.5000,800
RANCH,20070529,38.5000,38.5000,38.0000,38.0000,6800
RANCH,20070525,39.0000,39.0000,38.5000,38.5000,1000
RANCH,20070524,39.5000,39.5000,39.5000,39.5000,2500
RANCH,20070523,39.0000,39.7500,39.0000,39.5000,23200
RANCH,20070522,39.0000,39.0000,39.0000,39.0000,4500
RANCH,20070518,39.0000,39.5000,39.0000,39.0000,7000
RANCH,20070517,40.2500,40.5000,40.0000,40.0000,10300
RANCH,20070515,40.2500,40.5000,40.2500,40.2500,9300
RANCH,20070511,40.0000,40.0000,40.0000,40.0000,2400
RANCH,20070509,41.0000,41.0000,40.0000,40.0000,2600
RANCH,20070508,41.0000,41.0000,41.0000,41.0000,2600
RANCH,20070504,39.0000,39.0000,39.0000,39.0000,350
RANCH,20070503,39.0000,39.0000,39.0000,39.0000,100
RANCH,20070427,40.0000,40.0000,40.0000,40.0000,1000
RANCH,20070426,40.0000,40.0000,40.0000,40.0000,100
RANCH,20070425,41.0000,41.0000,40.0000,40.0000,6000
RANCH,20070424,41.0000,41.0000,41.0000,41.0000,3700
RANCH,20070423,41.0000,41.0000,41.0000,41.0000,7100
RANCH,20070419,40.0000,41.0000,40.0000,41.0000,4200
RANCH,20070418,41.0000,41.0000,41.0000,41.0000,100
RANCH,20070417,41.0000,41.0000,41.0000,41.0000,500
RANCH,20070412,42.0000,42.0000,41.5000,41.5000,3000
RANCH,20070330,40.0000,40.0000,40.0000,40.0000,600
RANCH,20070329,42.0000,42.0000,42.0000,42.0000,100
RANCH,20070321,40.0000,40.0000,40.0000,40.0000,1300
RANCH,20070319,42.0000,42.0000,42.0000,42.0000,100
RANCH,20070308,42.0000,42.0000,42.0000,42.0000,5100
RANCH,20070307,41.0000,41.0000,41.0000,41.0000,300
RANCH,20070306,40.0000,40.0000,40.0000,40.0000,200
RANCH,20070228,42.0000,42.0000,42.0000,42.0000,9500
RANCH,20070227,42.0000,42.0000,42.0000,42.0000,500
RANCH,20070226,42.0000,42.0000,42.0000,42.0000,2500
RANCH,20070223,44.0000,44.5000,43.5000,44.0000,24700
RANCH,20070222,44.0000,44.5000,44.0000,44.0000,10800
RANCH,20070221,44.5000,44.7500,44.5000,44.7500,5700
RANCH,20070219,44.7500,44.7500,44.7500,44.7500,2000
RANCH,20070216,44.2500,44.7500,44.2500,44.7500,2000
RANCH,20070215,42.0000,44.7500,42.0000,44.7500,2400
RANCH,20070214,44.2500,44.2500,44.0000,44.0000,52200
RANCH,20070213,41.2500,45.0000,41.0000,45.0000,1200
RANCH,20070207,40.2500,40.2500,40.2500,40.2500,189
RANCH,20070129,47.0000,47.0000,47.0000,47.0000,100
RANCH,20070115,45.0000,47.0000,45.0000,47.0000,2100
RANCH,20070112,46.5000,46.5000,46.5000,46.5000,101
RANCH,20070111,44.5000,44.5000,44.5000,44.5000,100
RANCH,20070110,36.0000,47.0000,36.0000,40.0000,1000
RANCH,20070109,41.0000,41.0000,41.0000,41.0000,1000
RANCH,20061222,47.0000,47.0000,47.0000,47.0000,5000
RANCH,20061213,48.0000,48.0000,47.0000,47.0000,84100
RANCH,20061208,48.0000,48.0000,48.0000,48.0000,2400
RANCH,20061207,47.5000,47.5000,47.5000,47.5000,100
RANCH,20061130,47.5000,47.5000,47.5000,47.5000,1000
RANCH,20061129,46.7500,47.0000,46.7500,47.0000,1000
RANCH,20061127,45.5000,45.5000,42.7500,42.7500,5300
RANCH,20061124,47.5000,48.0000,47.2500,48.0000,2101
RANCH,20061123,47.2500,47.2500,47.0000,47.0000,2290
RANCH,20061122,47.2500,47.2500,47.2500,47.2500,3970
RANCH,20061121,42.0000,42.5000,42.0000,42.5000,1900
RANCH,20061120,41.7500,41.7500,41.7500,41.7500,3300
RANCH,20061117,42.0000,42.0000,41.0000,42.0000,24200
RANCH,20061116,41.5000,41.7500,41.5000,41.7500,21500
RANCH,20061115,41.5000,41.7500,41.5000,41.5000,19700
RANCH,20061114,41.0000,41.0000,40.5000,41.0000,24600
RANCH,20061113,40.0000,41.0000,40.0000,41.0000,14060
RANCH,20061110,40.0000,40.0000,40.0000,40.0000,15100
RANCH,20061109,39.0000,39.0000,39.0000,39.0000,3700
RANCH,20061108,39.2500,39.2500,39.0000,39.0000,19000
RANCH,20061107,39.2500,39.5000,39.2500,39.2500,18000
RANCH,20061106,40.0000,40.0000,39.5000,39.5000,2300
RANCH,20061103,39.5000,39.5000,39.5000,39.5000,7900
RANCH,20061102,39.2500,39.5000,39.2500,39.5000,1400
RANCH,20061101,39.0000,39.5000,39.0000,39.5000,10100
RANCH,20061031,38.2500,39.0000,38.2500,39.0000,71000
RANCH,20061030,38.2500,38.2500,38.2500,38.2500,1100
RANCH,20061027,38.2500,38.2500,38.2500,38.2500,1900
RANCH,20061026,38.2500,38.2500,38.2500,38.2500,100
RANCH,20061024,38.0000,38.0000,38.0000,38.0000,300
RANCH,20061020,38.2500,38.2500,38.2500,38.2500,200
RANCH,20061016,38.0000,38.0000,38.0000,38.0000,1400
RANCH,20061013,38.0000,38.0000,38.0000,38.0000,700
RANCH,20061012,38.2500,38.2500,38.2500,38.2500,400
RANCH,20061010,38.0000,38.2500,38.0000,38.2500,10270
RANCH,20061009,38.0000,38.0000,38.0000,38.0000,199
RANCH,20061006,38.0000,38.0000,37.5000,37.5000,11000
RANCH,20060927,37.5000,37.5000,37.5000,37.5000,1010
RANCH,20060921,36.0000,36.5000,36.0000,36.5000,14200
RANCH,20060918,38.0000,38.0000,38.0000,38.0000,200
RANCH,20060915,38.5000,38.5000,38.2500,38.2500,5000
RANCH,20060914,38.2500,38.2500,38.2500,38.2500,231
RANCH,20060906,38.0000,38.0000,38.0000,38.0000,6350
RANCH,20060905,38.0000,38.0000,38.0000,38.0000,5600
RANCH,20060904,38.0000,38.0000,38.0000,38.0000,3900
RANCH,20060831,38.0000,38.0000,38.0000,38.0000,13900
RANCH,20060821,37.7500,38.0000,37.7500,38.0000,15000
RANCH,20060817,38.0000,38.0000,37.5000,38.0000,44100
RANCH,20060816,38.5000,38.5000,37.0000,37.0000,14200
RANCH,20060815,38.5000,38.5000,38.5000,38.5000,50500
RANCH,20060811,37.7500,37.7500,37.7500,37.7500,100
RANCH,20060810,38.5000,38.5000,37.5000,37.5000,26900
RANCH,20060809,38.5000,38.5000,37.7500,38.0000,5500
RANCH,20060808,38.0000,38.7500,38.0000,38.5000,32300
RANCH,20060807,35.0000,37.7500,35.0000,37.7500,6200
RANCH,20060803,35.5000,35.5000,35.0000,35.0000,1100
RANCH,20060731,34.0000,34.0000,34.0000,34.0000,500
RANCH,20060728,34.0000,34.0000,34.0000,34.0000,6500
RANCH,20060727,34.0000,34.0000,34.0000,34.0000,3300
RANCH,20060724,35.0000,35.0000,34.7500,34.7500,18000
RANCH,20060721,35.0000,35.5000,35.0000,35.5000,11500
RANCH,20060720,35.5000,35.5000,35.0000,35.0000,11200
RANCH,20060719,31.5000,35.5000,31.5000,35.5000,10200
RANCH,20060718,31.0000,31.5000,31.0000,31.5000,7041
RANCH,20060717,31.0000,31.0000,31.0000,31.0000,28000
RANCH,20060713,32.2500,32.2500,31.0000,31.0000,13500
RANCH,20060712,32.7500,32.7500,32.0000,32.0000,3700
RANCH,20060707,32.5000,33.0000,32.5000,33.0000,18000
RANCH,20060706,32.5000,33.5000,32.0000,33.5000,49700
RANCH,20060705,33.0000,33.0000,32.5000,33.0000,15200
RANCH,20060704,35.5000,35.5000,33.0000,33.0000,23000
RANCH,20060703,35.5000,35.5000,35.5000,35.5000,2000
RANCH,20060630,35.5000,35.5000,35.5000,35.5000,25000
RANCH,20060629,35.0000,35.5000,35.0000,35.5000,25600
RANCH,20060627,33.5000,33.5000,33.5000,33.5000,1600
RANCH,20060626,34.0000,34.0000,34.0000,34.0000,2500
RANCH,20060623,34.0000,34.0000,34.0000,34.0000,1000
RANCH,20060614,31.2500,33.2500,31.2500,33.2500,200
RANCH,20060608,35.0000,35.0000,34.0000,34.0000,2800
RANCH,20060606,35.0000,35.0000,35.0000,35.0000,3600
RANCH,20060605,34.0000,35.0000,34.0000,35.0000,5900
RANCH,20060531,34.5000,34.5000,34.5000,34.5000,2000
RANCH,20060530,35.0000,35.0000,35.0000,35.0000,1000
RANCH,20060529,34.0000,34.0000,34.0000,34.0000,13500
RANCH,20060526,34.0000,34.0000,33.0000,33.0000,11000
RANCH,20060525,34.0000,34.0000,34.0000,34.0000,59600
RANCH,20060524,35.0000,35.0000,32.7500,34.0000,25500
RANCH,20060523,36.2500,36.2500,35.0000,35.0000,9001
RANCH,20060522,38.7500,39.0000,38.5000,38.5000,470600
RANCH,20060519,38.5000,39.0000,38.5000,38.7500,13300
RANCH,20060518,38.2500,38.5000,38.0000,38.5000,24600
RANCH,20060517,37.2500,38.0000,37.2500,38.0000,12100
RANCH,20060516,38.0000,38.0000,36.0000,37.5000,50900
RANCH,20060515,35.0000,38.0000,35.0000,37.7500,80000
RANCH,20060511,32.0000,35.5000,32.0000,35.0000,31300
RANCH,20060510,32.0000,35.0000,32.0000,33.0000,7601
RANCH,20060509,31.0000,31.7500,31.0000,31.7500,7800
RANCH,20060508,29.7500,30.0000,29.7500,30.0000,2100
RANCH,20060504,29.5000,29.7500,29.2500,29.7500,13200
RANCH,20060503,28.5000,29.5000,28.5000,29.5000,15750
RANCH,20060502,28.5000,28.5000,28.2500,28.2500,1700
RANCH,20060428,28.5000,28.5000,28.2500,28.2500,2400
RANCH,20060427,28.5000,28.5000,28.5000,28.5000,1038
RANCH,20060426,28.5000,28.5000,28.5000,28.5000,1602
RANCH,20060425,29.2500,29.2500,28.5000,28.5000,11600
RANCH,20060424,29.0000,29.5000,28.2500,29.5000,24900
RANCH,20060421,27.0000,28.5000,27.0000,28.5000,158400
RANCH,20060420,27.0000,28.0000,27.0000,28.0000,6500
RANCH,20060418,26.0000,26.0000,25.5000,26.0000,12200
RANCH,20060417,25.5000,25.5000,25.5000,25.5000,702
RANCH,20060412,25.2500,25.2500,25.2500,25.2500,800
RANCH,20060411,26.0000,26.0000,26.0000,26.0000,2000
RANCH,20060410,24.5000,26.0000,24.5000,26.0000,16600
RANCH,20060405,26.0000,26.0000,25.0000,25.0000,11400
RANCH,20060404,24.5000,25.0000,24.5000,25.0000,16401
RANCH,20060403,24.5000,24.5000,24.5000,24.5000,2001
RANCH,20060331,24.4000,24.5000,24.4000,24.5000,7545
RANCH,20060330,24.5000,24.5000,24.5000,24.5000,1000
RANCH,20060329,24.5000,24.7000,23.9000,23.9000,16000
RANCH,20060328,23.0000,23.9000,23.0000,23.9000,8200
RANCH,20060327,22.5000,22.9000,22.5000,22.9000,4800
RANCH,20060324,22.0000,22.5000,22.0000,22.5000,1900
RANCH,20060323,21.9000,21.9000,21.9000,21.9000,2200
RANCH,20060322,21.8000,21.8000,21.8000,21.8000,2700
RANCH,20060321,22.0000,22.0000,21.3000,22.0000,3500
RANCH,20060317,22.2000,22.2000,22.2000,22.2000,200
RANCH,20060316,22.9000,22.9000,21.1000,22.0000,8100
RANCH,20060315,23.5000,23.5000,18.0000,18.0000,16600
RANCH,20060314,22.2000,23.4000,22.2000,23.4000,1200
RANCH,20060313,21.6000,23.4000,21.6000,23.4000,700
RANCH,20060310,22.0000,23.4000,21.4000,23.4000,6800
RANCH,20060309,23.4000,23.4000,21.0000,21.0000,4000
RANCH,20060308,24.0000,24.0000,23.7000,23.7000,900
RANCH,20060307,24.2000,24.2000,23.9000,23.9000,3500
RANCH,20060306,25.0000,25.0000,24.0000,25.0000,5400
RANCH,20060303,24.2000,24.8000,24.2000,24.3000,4300
RANCH,20060302,23.4000,24.5000,23.4000,24.2000,1800
RANCH,20060301,24.5000,24.5000,23.4000,24.0000,10500
RANCH,20060228,28.0000,28.0000,26.7500,26.7500,79200
RANCH,20060227,26.5000,28.0000,26.0000,28.0000,46000
RANCH,20060224,25.7500,26.5000,25.7500,26.5000,14000
RANCH,20060223,25.0000,26.0000,24.8000,26.0000,39500
RANCH,20060222,24.6000,24.8000,24.6000,24.8000,14000
RANCH,20060221,24.8000,24.8000,24.5000,24.6000,21500
RANCH,20060220,23.7000,25.0000,23.7000,24.8000,49800
RANCH,20060217,22.0000,23.7000,22.0000,23.7000,118800
RANCH,20060215,21.0000,21.0000,21.0000,21.0000,200
RANCH,20060214,20.0000,20.0000,20.0000,20.0000,100
RANCH,20060210,21.0000,21.0000,21.0000,21.0000,2000
RANCH,20060209,21.0000,22.9000,21.0000,22.9000,17900
RANCH,20060203,21.0000,21.0000,21.0000,21.0000,100
RANCH,20060202,20.9000,20.9000,20.7000,20.7000,2500
RANCH,20060201,20.1000,21.0000,20.1000,21.0000,5100
RANCH,20060131,19.2000,19.2000,19.0000,19.2000,3700
RANCH,20060130,20.6000,20.6000,20.6000,20.6000,1000
RANCH,20060127,21.7000,21.7000,21.5000,21.5000,2600
RANCH,20060126,23.0000,23.8000,22.3000,22.3000,1000
RANCH,20060125,23.0000,23.0000,21.0000,21.9000,19500
RANCH,20060124,21.0000,23.0000,21.0000,23.0000,104100
RANCH,20060123,18.5000,21.0000,18.5000,20.5000,22300
RANCH,20060120,18.3000,18.3000,18.2000,18.2000,16053
RANCH,20060119,17.0000,18.0000,17.0000,18.0000,19500
RANCH,20060118,16.0000,16.5000,16.0000,16.5000,14500
RANCH,20060116,16.0000,16.0000,16.0000,16.0000,1500
RANCH,20060113,16.5000,16.5000,15.9000,16.0000,15300
RANCH,20060112,16.0000,16.2000,15.9000,16.0000,33603
RANCH,20060111,16.1000,16.7000,16.0000,16.3000,20950
RANCH,20060110,15.8000,15.9000,15.8000,15.9000,600
RANCH,20060109,15.5000,15.6000,15.5000,15.6000,5400
RANCH,20060106,15.6000,15.6000,15.0000,15.2000,34900
RANCH,20060105,15.6000,15.6000,15.1000,15.4000,6700
RANCH,20060104,15.2000,15.6000,15.2000,15.2000,39710
RANCH,20060103,15.1000,15.1000,15.1000,15.1000,4306
RANCH,20051230,15.1000,15.4000,15.0000,15.0000,3700
RANCH,20051229,15.1000,15.5000,15.1000,15.1000,44200
RANCH,20051228,15.0000,15.1000,15.0000,15.1000,10301
RANCH,20051227,15.6000,15.6000,15.0000,15.1000,14800
RANCH,20051226,15.1000,15.1000,15.1000,15.1000,300
RANCH,20051223,14.9000,16.0000,14.9000,15.0000,32600
RANCH,20051222,16.5000,16.5000,14.0000,14.4000,146190
RANCH,20051221,20.0000,20.0000,16.0000,17.0000,13800
RANCH,20051220,30.0000,37.0000,19.0000,20.1000,682060
RANCH,19980402,0.8000,1.0000,0.2000,0.6000,435600
RANCH,19980401,0.6000,0.7000,0.6000,0.7000,15500
RANCH,19980331,0.3000,0.9000,0.3000,0.8000,37900
RANCH,19980330,1.0000,1.0000,0.7000,0.7000,56500
RANCH,19980327,1.0000,1.0000,1.0000,1.0000,14500
RANCH,19980325,1.4000,1.4000,1.4000,1.4000,113100
RANCH,19980324,1.6000,1.9000,1.4000,1.9000,30200
RANCH,19980323,1.6000,2.0000,1.4000,2.0000,236700
RANCH,19980320,1.0000,1.6000,0.9000,1.6000,203400
RANCH,19980317,0.8000,0.8000,0.8000,0.8000,48400
RANCH,19980316,1.0000,1.1000,1.0000,1.0000,71500
RANCH,19980313,1.0000,1.1000,1.0000,1.1000,4800
RANCH,19980311,0.7000,0.7000,0.7000,0.7000,19400
RANCH,19980310,0.7000,0.8000,0.7000,0.8000,38000
RANCH,19980309,0.7000,0.7000,0.7000,0.7000,67000
RANCH,19980306,1.2000,1.2000,1.0000,1.0000,32000
RANCH,19980305,1.4000,1.4000,1.4000,1.4000,5000
RANCH,19980304,2.0000,2.0000,2.0000,2.0000,30100
RANCH,19980302,2.8000,2.8000,2.8000,2.8000,11000
RANCH,19980227,2.8000,2.8000,2.8000,2.8000,9000
RANCH,19980226,2.8000,2.8000,2.8000,2.8000,9000
RANCH,19980224,1.6000,2.2000,1.6000,2.2000,334600
RANCH,19980223,1.8000,1.8000,1.7000,1.7000,3100
RANCH,19980220,2.3000,2.3000,2.0000,2.3000,15000
RANCH,19980219,1.8000,1.8000,1.8000,1.8000,2200
RANCH,19980218,2.4000,2.4000,2.4000,2.4000,5000
RANCH,19980217,1.9000,1.9000,1.9000,1.9000,3000
RANCH,19980202,2.6000,2.6000,2.0000,2.6000,23900
RANCH,19980130,2.0000,2.0000,2.0000,2.0000,10000
RANCH,19980123,2.5000,2.5000,2.5000,2.5000,5000
RANCH,19980122,2.3000,2.4000,2.3000,2.4000,13900
RANCH,19980121,2.3000,2.3000,2.3000,2.3000,5000
RANCH,19980119,2.5000,2.5000,2.3000,2.3000,15000
RANCH,19980116,2.2000,2.2000,2.2000,2.2000,700
RANCH,19980115,2.2000,2.2000,2.2000,2.2000,1500
RANCH,19980114,2.0000,2.0000,2.0000,2.0000,4000
RANCH,19980113,2.1000,2.2000,2.1000,2.2000,9000
RANCH,19980112,2.0000,2.0000,2.0000,2.0000,1500
RANCH,19980109,2.0000,2.0000,2.0000,2.0000,500
RANCH,19980107,1.4000,1.9000,1.4000,1.8000,13500
RANCH,19980105,1.6000,1.6000,1.6000,1.6000,100
RANCH,19971231,1.3000,1.3000,1.3000,1.3000,6900
RANCH,19971230,1.1000,1.3000,1.1000,1.3000,5600
RANCH,19971229,1.3000,1.3000,1.1000,1.1000,6600
RANCH,19971226,1.0000,1.0000,1.0000,1.0000,10000
RANCH,19971223,1.3000,1.3000,1.3000,1.3000,2000
RANCH,19971219,1.2000,1.3000,1.2000,1.3000,1400
RANCH,19971218,1.6000,1.6000,1.6000,1.6000,120100
RANCH,19971217,2.2000,2.2000,2.2000,2.2000,3000
RANCH,19971216,3.1000,3.1000,3.1000,3.1000,500
RANCH,19971215,4.3000,4.3000,4.3000,4.3000,1000
RANCH,19971209,6.1000,6.1000,6.1000,6.1000,1000
RANCH,19971119,8.7000,8.7000,8.7000,8.7000,100
RANCH,19970820,6.3000,6.3000,6.3000,6.3000,500
RANCH,19970730,5.8000,6.3000,5.8000,6.3000,3000
RANCH,19970729,5.9000,6.4000,5.9000,6.4000,1100
RANCH,19970728,6.5000,6.5000,6.5000,6.5000,2900
RANCH,19970724,5.9000,6.4000,5.9000,6.4000,2500
RANCH,19970723,6.5000,6.5000,6.5000,6.5000,10000
RANCH,19970717,6.7000,6.8000,6.7000,6.8000,21900
RANCH,19970716,7.0000,7.2000,7.0000,7.0000,4000
RANCH,19970715,8.5000,8.5000,7.2000,7.2000,200
RANCH,19970708,7.3000,7.8000,7.3000,7.8000,3100
RANCH,19970703,7.0000,7.4000,7.0000,7.4000,28500
RANCH,19970702,7.5000,7.5000,7.5000,7.5000,1400
RANCH,19970626,7.0000,7.0000,7.0000,7.0000,500
RANCH,19970625,7.0000,7.7000,7.0000,7.7000,600
RANCH,19970623,6.6000,7.0000,6.6000,7.0000,15000
RANCH,19970620,6.7000,7.3000,6.7000,7.3000,1600
RANCH,19970617,6.5000,6.7000,6.5000,6.7000,2100
RANCH,19970605,6.5000,7.2000,6.5000,7.2000,5500
RANCH,19970604,6.4000,7.0000,6.4000,7.0000,165900
RANCH,19970603,6.4000,6.9000,6.4000,6.9000,4900
RANCH,19970602,6.7000,6.7000,6.7000,6.7000,100
RANCH,19970530,6.3000,6.4000,6.3000,6.4000,10000
RANCH,19970528,7.0000,7.0000,7.0000,7.0000,6000
RANCH,19970523,7.7000,7.7000,7.7000,7.7000,100
RANCH,19970513,7.0000,7.5000,7.0000,7.5000,5200
RANCH,19970509,7.7000,7.7000,7.7000,7.7000,1300
RANCH,19970508,7.7000,7.8000,7.7000,7.8000,5600
RANCH,19970507,7.1000,8.5000,7.1000,8.5000,9000
RANCH,19970506,7.1000,7.8000,6.4000,7.8000,27900
RANCH,19970502,7.1000,7.1000,7.1000,7.1000,6900
RANCH,19970430,7.1000,7.1000,7.1000,7.1000,3400
RANCH,19970429,7.1000,7.1000,7.1000,7.1000,7800
RANCH,19970425,7.2000,7.2000,7.2000,7.2000,100
RANCH,19970423,6.8000,6.8000,6.8000,6.8000,2
RANCH,19970422,6.3000,6.8000,6.0000,6.8000,9700
RANCH,19970421,6.5000,6.5000,6.5000,6.5000,500
RANCH,19970418,6.7000,6.7000,6.7000,6.7000,1500
RANCH,19970417,6.3000,6.5000,6.3000,6.4000,78400
RANCH,19970416,6.3000,6.3000,6.3000,6.3000,1000
RANCH,19970411,6.5000,6.5000,6.5000,6.5000,2000
RANCH,19970410,6.1000,6.4000,6.1000,6.3000,34600
RANCH,19970409,6.4000,6.5000,6.4000,6.4000,15100
RANCH,19970408,6.3000,6.3000,6.3000,6.3000,22200
RANCH,19970403,6.9000,6.9000,6.9000,6.9000,100
RANCH,19970402,6.5000,6.5000,6.5000,6.5000,100
RANCH,19970401,6.1000,6.6000,6.1000,6.6000,16100
RANCH,19970328,6.3000,6.7000,6.3000,6.7000,12100
RANCH,19970327,6.4000,6.4000,6.4000,6.4000,7000
RANCH,19970326,6.4000,6.4000,6.4000,6.4000,500
RANCH,19970324,6.7000,6.7000,6.7000,6.7000,100
RANCH,19970321,6.5000,6.5000,6.1000,6.4000,3900
RANCH,19970319,6.3000,6.5000,6.3000,6.5000,5900
RANCH,19970317,6.3000,6.9000,6.3000,6.9000,2500
RANCH,19970312,6.7000,6.9000,6.4000,6.9000,3200
RANCH,19970311,6.5000,6.8000,6.5000,6.8000,1600
RANCH,19970310,6.9000,6.9000,6.5000,6.5000,1600
RANCH,19970307,6.4000,6.9000,6.4000,6.9000,2200
RANCH,19970306,6.5000,7.1000,6.4000,7.1000,6600
RANCH,19970305,6.9000,6.9000,6.9000,6.9000,100
RANCH,19970304,7.6000,8.6000,7.6000,7.6000,14000
RANCH,19970303,8.4000,8.4000,8.4000,8.4000,6400
RANCH,19970228,8.9000,9.3000,8.9000,9.3000,1600
RANCH,19970227,8.9000,8.9000,8.9000,8.9000,200
RANCH,19970226,8.8000,9.0000,8.3000,8.7000,11200
RANCH,19970225,8.6000,8.6000,8.4000,8.4000,2600
RANCH,19970224,9.7000,9.9000,8.3000,8.3000,7900
RANCH,19970220,9.2000,9.2000,8.9000,9.1000,3500
RANCH,19970219,8.4000,8.5000,8.3000,8.4000,6900
RANCH,19970218,8.4000,8.7000,8.3000,8.3000,18200
RANCH,19970217,9.1000,9.8000,8.2000,9.2000,16400
RANCH,19970214,9.1000,9.1000,9.1000,9.1000,1400
RANCH,19970212,9.3000,9.3000,9.3000,9.3000,200
RANCH,19970211,9.4000,9.4000,8.5000,9.3000,2300
RANCH,19970210,9.4000,9.4000,9.4000,9.4000,400
RANCH,19970206,9.2000,9.2000,9.2000,9.2000,200
RANCH,19970205,8.9000,8.9000,8.5000,8.5000,2700
RANCH,19970204,9.2000,9.3000,8.8000,9.3000,2100
RANCH,19970203,8.9000,8.9000,8.1000,8.9000,28500
RANCH,19970131,8.8000,8.8000,8.2000,8.2000,25900
RANCH,19970130,9.1000,9.4000,9.0000,9.0000,15200
RANCH,19970129,9.6000,9.6000,9.5000,9.5000,2000
RANCH,19970128,9.5000,9.7000,9.5000,9.7000,2000
RANCH,19970127,9.3000,9.3000,9.3000,9.3000,4900
RANCH,19970124,9.3000,9.5000,9.3000,9.4000,34000
RANCH,19970123,9.8000,9.8000,9.8000,9.8000,1000
RANCH,19970122,9.8000,9.8000,9.8000,9.8000,1000
RANCH,19970121,9.6000,9.8000,9.6000,9.8000,2800
RANCH,19970120,9.9000,9.9000,9.9000,9.9000,1000
RANCH,19970117,9.9000,9.9000,9.9000,9.9000,1000
RANCH,19970116,9.9000,9.9000,9.9000,9.9000,1000
RANCH,19970115,9.9000,9.9000,9.9000,9.9000,1000
RANCH,19970113,9.8000,9.8000,9.8000,9.8000,1000
RANCH,19970110,9.8000,9.8000,9.8000,9.8000,1000
RANCH,19970109,9.3000,9.5000,9.3000,9.5000,5000
RANCH,19970108,9.9000,9.9000,9.9000,9.9000,1000
RANCH,19970107,9.9000,9.9000,9.9000,9.9000,1000
RANCH,19970106,9.9000,9.9000,9.9000,9.9000,1000
RANCH,19970103,9.8000,9.8000,9.8000,9.8000,4000
RANCH,19970102,10.0000,10.0000,10.0000,10.0000,1000
RANCH,19961230,10.0000,10.0000,9.9000,10.0000,13300
RANCH,19961227,10.0000,10.0000,10.0000,10.0000,2000
RANCH,19961226,10.0000,10.0000,10.0000,10.0000,4500
RANCH,19961224,9.9000,10.0000,9.9000,10.0000,6800
RANCH,19961223,10.0000,10.0000,9.0000,10.0000,36600
RANCH,19961220,10.0000,10.0000,9.6000,10.0000,7200
RANCH,19961219,10.0000,10.0000,9.9000,10.0000,11000
RANCH,19961218,10.0000,10.0000,10.0000,10.0000,4500
RANCH,19961217,10.0000,10.0000,10.0000,10.0000,5600
RANCH,19961216,10.0000,10.0000,10.0000,10.0000,5700
RANCH,19961213,9.6000,10.0000,9.6000,10.0000,10000
RANCH,19961212,9.9000,10.0000,9.6000,9.6000,12200
RANCH,19961211,10.0000,10.2500,9.9000,10.0000,12900
RANCH,19961209,10.0000,10.0000,9.5000,9.9000,22300
RANCH,19961206,10.0000,10.0000,9.9000,10.0000,10400
RANCH,19961204,10.0000,10.0000,9.8000,10.0000,10000
RANCH,19961203,10.0000,10.2500,10.0000,10.0000,9000
RANCH,19961202,10.0000,10.2500,10.0000,10.2500,15400
RANCH,19961129,10.0000,10.0000,10.0000,10.0000,10700
RANCH,19961128,10.2500,10.2500,9.9000,10.0000,16200
RANCH,19961127,10.2500,10.2500,10.0000,10.0000,9200
RANCH,19961126,10.0000,10.2500,9.9000,9.9000,19000
RANCH,19961125,10.0000,10.0000,9.9000,10.0000,13700
RANCH,19961122,10.0000,10.2500,10.0000,10.2500,28300
RANCH,19961121,10.0000,10.2500,10.0000,10.0000,43400
RANCH,19961120,10.0000,10.2500,10.0000,10.2500,7200
RANCH,19961119,10.0000,10.2500,10.0000,10.2500,17500
RANCH,19961118,10.0000,10.2500,9.5000,10.2500,10500
RANCH,19961115,10.0000,10.2500,10.0000,10.2500,15500
RANCH,19961114,10.0000,10.2500,10.0000,10.2500,17200
RANCH,19961113,10.0000,10.2500,9.9000,10.2500,29600
RANCH,19961112,10.0000,10.2500,10.0000,10.2500,26200
RANCH,19961111,10.0000,10.2500,10.0000,10.2500,23500
RANCH,19961108,9.9000,10.0000,9.9000,10.0000,17600
RANCH,19961107,10.0000,10.0000,9.2000,10.0000,24100
RANCH,19961106,9.9000,10.0000,9.7000,10.0000,27000
RANCH,19961105,9.9000,10.0000,9.9000,10.0000,27100
RANCH,19961104,10.0000,10.0000,9.9000,10.0000,12300
RANCH,19961101,9.9000,10.0000,9.9000,10.0000,22100
RANCH,19961031,9.9000,10.0000,9.9000,10.0000,26400
RANCH,19961030,10.0000,10.0000,10.0000,10.0000,10800
RANCH,19961029,10.0000,10.0000,9.7000,10.0000,13000
RANCH,19961028,10.0000,10.0000,10.0000,10.0000,12700
RANCH,19961025,10.0000,10.2500,9.9000,10.0000,18800
RANCH,19961024,10.2500,10.2500,9.9000,10.2500,17900
RANCH,19961022,10.2500,10.2500,9.8000,10.2500,25700
RANCH,19961021,10.0000,10.2500,10.0000,10.0000,14900
RANCH,19961018,9.8000,10.2500,9.8000,10.0000,18700
RANCH,19961017,9.6000,9.9000,9.6000,9.9000,4800
RANCH,19961016,9.1000,9.4000,9.0000,9.3000,10000
RANCH,19961015,9.7000,9.7000,9.0000,9.0000,42000
RANCH,19961014,9.8000,10.0000,9.8000,10.0000,13000
RANCH,19961011,9.9000,10.0000,9.7000,10.0000,12000
RANCH,19961010,9.8000,10.2500,9.6000,10.0000,19000
RANCH,19961009,10.0000,10.2500,9.6000,10.2500,17000
RANCH,19961007,10.2500,10.2500,10.2500,10.2500,4700
RANCH,19961004,10.2500,10.5000,10.0000,10.2500,26700
RANCH,19961003,10.0000,10.2500,9.8000,10.2500,21700
RANCH,19961002,9.9000,10.2500,9.9000,10.2500,68000
RANCH,19961001,9.9000,10.0000,9.5000,10.0000,29800
RANCH,19960930,9.9000,10.0000,9.9000,10.0000,35400
RANCH,19960927,9.9000,9.9000,9.9000,9.9000,10400
RANCH,19960926,9.9000,9.9000,9.8000,9.9000,7900
RANCH,19960925,9.5000,9.5000,9.5000,9.5000,3000
RANCH,19960924,9.6000,9.6000,9.6000,9.6000,2000
RANCH,19960920,9.9000,9.9000,9.9000,9.9000,1400
RANCH,19960919,9.9000,10.0000,9.8000,10.0000,28300
RANCH,19960918,9.9000,10.0000,9.7000,10.0000,32800
RANCH,19960917,9.9000,10.0000,9.8000,10.0000,23000
RANCH,19960916,9.9000,10.0000,9.7000,10.0000,27200
RANCH,19960913,9.9000,10.0000,9.8000,9.9000,14800
RANCH,19960912,9.8000,10.0000,9.8000,10.0000,23200
RANCH,19960911,9.5000,9.9000,9.5000,9.9000,34400
RANCH,19960910,9.6000,9.7000,9.5000,9.7000,7100
RANCH,19960909,9.9000,9.9000,9.1000,9.9000,18000
RANCH,19960906,10.0000,10.0000,9.9000,10.0000,82300
RANCH,19960905,9.9000,10.0000,9.8000,10.0000,10200
RANCH,19960904,9.9000,10.0000,9.9000,10.0000,37500
RANCH,19960903,9.9000,10.0000,9.7000,10.0000,106100
RANCH,19960902,9.8000,10.0000,9.7000,10.0000,28200
RANCH,19960830,9.8000,10.0000,9.8000,10.0000,23000
RANCH,19960829,9.9000,10.0000,9.7000,10.0000,43002
RANCH,19960828,9.8000,9.9000,9.8000,9.9000,16000
RANCH,19960827,9.8000,9.9000,9.6000,9.9000,23500
RANCH,19960826,9.6000,9.8000,9.6000,9.8000,15000
RANCH,19960823,9.8000,9.9000,9.5000,9.8000,29200
RANCH,19960822,9.9000,10.0000,9.6000,9.8000,8200
RANCH,19960821,9.4000,9.8000,9.4000,9.8000,36100
RANCH,19960820,10.5000,10.5000,9.4000,9.4000,10100
RANCH,19960816,10.5000,10.5000,9.8000,9.8000,3600
RANCH,19960815,9.7000,9.7000,9.7000,9.7000,2000
RANCH,19960814,9.7000,9.7000,9.7000,9.7000,2000
RANCH,19960809,9.9000,10.0000,9.9000,10.0000,10500
RANCH,19960808,9.9000,10.0000,9.9000,10.0000,12000
RANCH,19960806,9.9000,10.2500,9.9000,10.2500,6000
RANCH,19960805,10.0000,10.2500,9.8000,10.2500,51000
RANCH,19960802,10.0000,10.0000,9.9000,10.0000,6100
RANCH,19960801,9.7000,10.0000,9.7000,10.0000,23600
RANCH,19960731,9.2000,9.8000,9.1000,9.8000,11800
RANCH,19960729,9.9000,10.0000,9.3000,9.8000,10600
RANCH,19960726,9.5000,9.8000,9.5000,9.8000,7000
RANCH,19960725,9.9000,9.9000,9.5000,9.5000,25000
RANCH,19960724,10.0000,10.0000,10.0000,10.0000,6000
RANCH,19960723,10.0000,10.2500,10.0000,10.2500,20100
RANCH,19960722,10.2500,10.2500,10.2500,10.2500,5000
RANCH,19960719,10.2500,10.2500,10.2500,10.2500,7000
RANCH,19960718,10.2500,10.5000,10.2500,10.5000,11600
RANCH,19960717,10.0000,10.2500,10.0000,10.2500,6000
RANCH,19960716,10.0000,10.2500,10.0000,10.2500,12500
RANCH,19960715,10.2500,10.2500,9.8000,10.2500,103500
RANCH,19960712,10.5000,10.7500,10.5000,10.7500,5000
RANCH,19960711,11.0000,11.0000,10.7500,10.7500,4000
RANCH,19960710,11.0000,11.0000,10.7500,11.0000,9900
RANCH,19960709,10.7500,11.0000,10.7500,11.0000,4000
RANCH,19960708,10.7500,10.7500,10.7500,10.7500,3500
RANCH,19960705,10.7500,10.7500,10.5000,10.7500,9500
RANCH,19960704,11.0000,11.0000,10.5000,10.7500,13500
RANCH,19960703,11.5000,11.5000,10.5000,11.0000,16900
RANCH,19960702,10.5000,10.7500,10.5000,10.7500,5000
RANCH,19960628,10.7500,10.7500,10.5000,10.5000,20000
RANCH,19960627,10.2500,10.7500,10.2500,10.7500,50500
RANCH,19960626,10.5000,10.5000,10.2500,10.5000,15000
RANCH,19960625,10.2500,10.5000,10.0000,10.5000,28000
RANCH,19960624,10.2500,10.2500,10.0000,10.2500,27000
RANCH,19960621,10.2500,10.2500,10.0000,10.0000,15700
RANCH,19960620,10.5000,11.0000,10.2500,10.7500,113400
RANCH,19960619,10.5000,10.5000,10.2500,10.2500,11000
RANCH,19960618,10.2500,10.5000,10.2500,10.5000,34000
RANCH,19960617,10.2500,10.5000,10.0000,10.5000,27700
RANCH,19960614,10.2500,10.2500,10.0000,10.2500,12500
RANCH,19960613,10.0000,10.2500,9.9000,10.2500,17100
RANCH,19960612,10.0000,10.0000,10.0000,10.0000,10000
RANCH,19960611,10.0000,10.2500,9.9000,10.2500,20000
RANCH,19960607,10.2500,10.5000,10.0000,10.5000,15000
RANCH,19960606,10.2500,10.5000,10.2500,10.5000,37500
RANCH,19960605,10.2500,10.2500,9.9000,10.2500,25500
RANCH,19960604,10.0000,10.2500,10.0000,10.2500,28100
RANCH,19960603,9.9000,10.2500,9.9000,10.2500,15800
RANCH,19960530,9.9000,10.0000,9.9000,10.0000,5200
RANCH,19960529,9.9000,10.0000,9.8000,10.0000,16900
RANCH,19960528,9.9000,10.0000,9.8000,10.0000,6100
RANCH,19960527,10.0000,10.0000,9.8000,10.0000,12100
RANCH,19960524,9.9000,10.0000,9.8000,10.0000,11100
RANCH,19960523,9.8000,9.9000,9.8000,9.9000,38900
RANCH,19960522,10.0000,10.0000,10.0000,10.0000,5000
RANCH,19960521,9.9000,10.0000,9.6000,10.0000,33800
RANCH,19960520,9.9000,9.9000,9.8000,9.9000,59500
RANCH,19960517,10.0000,10.0000,9.8000,10.0000,30800
RANCH,19960516,9.9000,10.0000,9.9000,9.9000,12500
RANCH,19960515,10.0000,10.0000,9.9000,10.0000,12300
RANCH,19960514,9.9000,10.0000,9.9000,10.0000,12300
RANCH,19960513,10.0000,10.2500,10.0000,10.0000,32000
RANCH,19960510,9.9000,10.0000,9.9000,9.9000,39800
RANCH,19960509,9.9000,10.2500,9.9000,10.2500,30200
RANCH,19960508,10.0000,10.2500,10.0000,10.2500,30000
RANCH,19960507,10.0000,10.2500,10.0000,10.2500,17000
RANCH,19960503,10.0000,10.2500,9.9000,10.2500,66000
RANCH,19960502,10.0000,10.2500,10.0000,10.2500,24000
RANCH,19960430,9.9000,10.0000,9.9000,10.0000,8000
RANCH,19960429,10.0000,10.0000,9.9000,10.0000,9000
RANCH,19960426,10.0000,10.0000,9.9000,10.0000,14300
RANCH,19960425,10.0000,10.0000,9.9000,10.0000,27000
RANCH,19960424,10.0000,10.2500,10.0000,10.2500,18600
RANCH,19960423,10.0000,10.0000,9.9000,10.0000,12300
RANCH,19960422,10.0000,10.0000,9.9000,10.0000,16000
RANCH,19960419,10.2500,10.2500,9.9000,10.0000,22000
RANCH,19960418,10.0000,10.0000,10.0000,10.0000,21000
RANCH,19960417,10.0000,10.0000,10.0000,10.0000,26000
RANCH,19960416,10.2500,10.2500,9.9000,10.0000,33000
RANCH,19960411,10.0000,10.2500,10.0000,10.2500,12500
RANCH,19960410,10.0000,10.2500,9.9000,10.2500,14100
RANCH,19960409,10.2500,10.2500,10.0000,10.2500,41100
RANCH,19960405,10.0000,10.2500,10.0000,10.2500,43000
RANCH,19960404,10.2500,10.2500,10.0000,10.2500,15000
RANCH,19960403,10.0000,10.2500,10.0000,10.2500,24300
RANCH,19960402,10.0000,10.2500,10.0000,10.2500,69500
RANCH,19960401,10.2500,10.2500,10.0000,10.2500,15900
RANCH,19960329,10.2500,10.2500,10.0000,10.2500,15100
RANCH,19960328,10.0000,10.2500,10.0000,10.0000,9000
RANCH,19960327,10.2500,10.2500,10.0000,10.2500,10900
RANCH,19960326,10.2500,10.2500,10.0000,10.2500,36700
RANCH,19960325,10.2500,10.2500,10.2500,10.2500,10300
RANCH,19960322,10.2500,10.2500,10.0000,10.2500,27100
RANCH,19960321,10.2500,10.5000,10.0000,10.5000,43400
RANCH,19960320,10.0000,10.2500,9.7000,10.2500,47200
RANCH,19960319,10.0000,10.2500,9.9000,10.2500,34100
RANCH,19960318,10.0000,10.2500,9.9000,10.2500,33300
RANCH,19960315,9.5000,10.2500,9.5000,10.2500,45700
RANCH,19960314,9.2000,9.8000,8.9000,9.8000,71100
RANCH,19960313,10.0000,10.0000,9.1000,9.8000,92100
RANCH,19960312,11.0000,11.0000,10.7500,11.0000,64000
RANCH,19960311,11.0000,11.0000,10.7500,11.0000,58000
RANCH,19960308,11.0000,11.2500,11.0000,11.2500,51400
RANCH,19960307,11.0000,11.2500,11.0000,11.2500,20900
RANCH,19960306,11.0000,11.0000,10.7500,11.0000,28000
RANCH,19960305,11.2500,11.2500,10.7500,11.0000,30800
RANCH,19960304,11.2500,11.2500,11.0000,11.2500,19100
RANCH,19960228,11.0000,11.2500,11.0000,11.2500,39100
RANCH,19960227,10.7500,11.2500,10.7500,11.2500,24900
RANCH,19960226,11.2500,11.2500,10.5000,10.5000,19200
RANCH,19960223,10.5000,10.7500,10.5000,10.7500,23000
RANCH,19960222,10.5000,10.7500,10.5000,10.7500,16800
RANCH,19960221,10.5000,11.5000,10.5000,10.7500,11100
RANCH,19960220,10.7500,10.7500,10.5000,10.5000,4100
RANCH,19960219,10.5000,10.5000,10.5000,10.5000,7000
RANCH,19960216,10.5000,10.5000,10.5000,10.5000,1000
RANCH,19960215,10.7500,11.0000,10.7500,10.7500,30000
RANCH,19960214,10.7500,11.0000,10.7500,10.7500,12000
RANCH,19960213,10.5000,11.0000,10.5000,11.0000,20600
RANCH,19960212,10.5000,10.7500,10.2500,10.7500,49000
RANCH,19960209,10.7500,10.7500,10.5000,10.5000,32500
RANCH,19960208,10.7500,10.7500,10.7500,10.7500,60000
RANCH,19960207,11.5000,11.7500,10.7500,10.7500,168500
RANCH,19960206,11.7500,12.0000,11.2500,11.7500,245500
RANCH,19960205,11.2500,11.7500,11.0000,11.7500,105600
RANCH,19960202,11.0000,11.2500,11.0000,11.2500,31100
RANCH,19960201,11.0000,11.0000,11.0000,11.0000,22900
RANCH,19960131,11.0000,11.0000,10.7500,11.0000,13900
RANCH,19960130,10.7500,11.2500,10.7500,11.2500,62900
RANCH,19960129,10.5000,11.0000,10.2500,11.0000,129100
RANCH,19960126,10.5000,11.0000,10.5000,11.0000,18800
RANCH,19960125,10.5000,10.7500,10.5000,10.7500,76100
RANCH,19960124,10.5000,10.7500,10.5000,10.7500,34100
RANCH,19960123,10.5000,10.7500,10.5000,10.7500,36900
RANCH,19960122,10.5000,10.7500,10.2500,10.7500,30000
RANCH,19960119,10.5000,10.5000,10.5000,10.5000,40000
RANCH,19960118,10.5000,10.5000,10.2500,10.5000,20500
RANCH,19960117,10.5000,11.0000,10.5000,10.7500,46300
RANCH,19960116,10.2500,10.5000,10.2500,10.5000,21500
RANCH,19960115,10.5000,10.5000,10.2500,10.5000,92100
RANCH,19960112,10.2500,10.5000,10.2500,10.5000,13800
RANCH,19960111,10.2500,10.2500,10.2500,10.2500,20400
RANCH,19960110,10.2500,10.5000,10.0000,10.2500,12300
RANCH,19960109,10.5000,10.5000,10.2500,10.2500,10500
RANCH,19960108,10.2500,10.5000,10.0000,10.5000,67700
RANCH,19960105,10.2500,10.2500,10.0000,10.2500,61600
RANCH,19960104,10.2500,10.2500,9.5000,10.0000,49600
RANCH,19960103,10.0000,10.2500,10.0000,10.2500,6600
RANCH,19951228,10.0000,10.2500,10.0000,10.2500,4100
RANCH,19951227,10.0000,10.2500,10.0000,10.2500,1100
RANCH,19951226,10.0000,10.2500,10.0000,10.2500,19800
RANCH,19951225,10.2500,10.2500,10.0000,10.2500,15500
RANCH,19951221,10.0000,10.0000,10.0000,10.0000,15500
RANCH,19951220,10.2500,10.2500,10.0000,10.0000,25200
RANCH,19951219,10.0000,10.0000,10.0000,10.0000,5000
RANCH,19951218,10.0000,10.2500,10.0000,10.2500,1800
RANCH,19951215,9.9000,10.2500,9.7000,10.2500,36100
RANCH,19951213,10.0000,10.0000,10.0000,10.0000,10000
RANCH,19951212,9.9000,10.2500,9.9000,10.2500,15600
RANCH,19951208,10.0000,10.0000,9.9000,9.9000,7400
RANCH,19951207,9.9000,10.0000,9.9000,10.0000,5000
RANCH,19951206,10.0000,10.0000,10.0000,10.0000,6000
RANCH,19951204,10.0000,10.0000,9.9000,9.9000,9000
RANCH,19951201,10.0000,10.0000,10.0000,10.0000,5500
RANCH,19951130,10.2500,10.2500,10.2500,10.2500,100
RANCH,19951129,10.0000,10.0000,10.0000,10.0000,3000
RANCH,19951128,10.0000,10.0000,10.0000,10.0000,1000
RANCH,19951127,10.0000,10.2500,10.0000,10.2500,4000
RANCH,19951122,10.0000,10.2500,10.0000,10.2500,18100
RANCH,19951121,9.8000,10.2500,9.8000,10.2500,11900
RANCH,19951117,10.0000,10.2500,10.0000,10.2500,7100
RANCH,19951116,9.8000,10.0000,9.8000,10.0000,3400
RANCH,19951115,10.0000,10.0000,9.6000,10.0000,14100
RANCH,19951114,9.9000,10.0000,9.9000,10.0000,23700
RANCH,19951113,10.0000,10.0000,10.0000,10.0000,21000
RANCH,19951110,10.0000,10.2500,10.0000,10.2500,13900
RANCH,19951109,10.2500,10.5000,10.2500,10.5000,2100
RANCH,19951108,10.2500,10.7500,10.2500,10.7500,10100
RANCH,19951107,10.7500,10.7500,10.5000,10.7500,17600
RANCH,19951106,10.7500,11.2500,10.7500,11.2500,4600
RANCH,19951103,10.7500,11.0000,10.7500,11.0000,8100
RANCH,19951102,10.7500,11.0000,10.7500,11.0000,7100
RANCH,19951031,10.7500,11.2500,10.7500,11.2500,15000
RANCH,19951030,11.2500,11.5000,10.7500,11.0000,9100
RANCH,19951027,11.0000,11.2500,11.0000,11.2500,3900
RANCH,19951026,11.2500,11.2500,11.2500,11.2500,1000
RANCH,19951025,11.0000,11.0000,10.7500,10.7500,5000
RANCH,19951024,11.0000,11.2500,11.0000,11.2500,5100
RANCH,19951020,11.0000,11.2500,11.0000,11.2500,16000
RANCH,19951019,11.0000,11.0000,11.0000,11.0000,2000
RANCH,19951018,11.5000,11.5000,10.7500,11.2500,20600
RANCH,19951017,11.0000,11.0000,11.0000,11.0000,11000
RANCH,19951016,11.0000,11.0000,11.0000,11.0000,200
RANCH,19951013,11.0000,11.2500,11.0000,11.0000,10300
RANCH,19951012,11.0000,11.0000,11.0000,11.0000,22000
RANCH,19951010,11.0000,11.7500,11.0000,11.7500,2900
RANCH,19951009,11.5000,11.5000,11.5000,11.5000,100
RANCH,19951006,11.0000,11.0000,11.0000,11.0000,1200
RANCH,19951005,11.2500,11.2500,11.0000,11.2500,9500
RANCH,19951004,11.2500,11.2500,11.2500,11.2500,1200
RANCH,19951002,11.2500,11.2500,11.0000,11.2500,3800
RANCH,19950929,11.7500,11.7500,11.7500,11.7500,100
RANCH,19950928,11.2500,11.2500,11.2500,11.2500,1500
RANCH,19950927,11.2500,11.2500,11.2500,11.2500,6000
RANCH,19950926,11.2500,11.2500,11.0000,11.2500,16500
RANCH,19950925,11.2500,11.2500,11.2500,11.2500,2000
RANCH,19950922,11.2500,11.2500,11.2500,11.2500,6900
RANCH,19950920,11.2500,11.7500,11.2500,11.7500,5100
RANCH,19950919,11.5000,11.5000,11.5000,11.5000,1000
RANCH,19950918,11.5000,11.5000,11.5000,11.5000,6500
RANCH,19950915,11.5000,11.5000,11.5000,11.5000,10000
RANCH,19950914,11.7500,11.7500,11.5000,11.7500,15000
RANCH,19950913,11.7500,11.7500,11.5000,11.7500,14700
RANCH,19950912,11.7500,11.7500,11.7500,11.7500,1000
RANCH,19950911,11.7500,11.7500,11.7500,11.7500,8000
RANCH,19950908,11.7500,11.7500,11.7500,11.7500,3000
RANCH,19950907,11.7500,11.7500,11.7500,11.7500,21000
RANCH,19950906,11.7500,11.7500,11.7500,11.7500,5300
RANCH,19950905,11.7500,11.7500,11.7500,11.7500,1200
RANCH,19950904,12.0000,12.0000,11.7500,11.7500,35100
RANCH,19950901,12.0000,12.0000,12.0000,12.0000,10000
RANCH,19950831,12.0000,12.0000,11.7500,12.0000,27500
RANCH,19950830,12.0000,12.0000,12.0000,12.0000,15000
RANCH,19950829,12.0000,12.0000,12.0000,12.0000,5000
RANCH,19950828,12.0000,12.0000,12.0000,12.0000,75600
RANCH,19950825,12.2500,12.2500,12.0000,12.0000,29000
RANCH,19950824,12.0000,12.2500,12.0000,12.2500,87000
RANCH,19950823,12.0000,12.0000,11.7500,11.7500,9000
RANCH,19950822,12.0000,12.0000,12.0000,12.0000,36000
RANCH,19950821,12.0000,12.0000,12.0000,12.0000,5000
RANCH,19950818,12.0000,12.0000,11.7500,11.7500,7000
RANCH,19950817,12.0000,12.0000,12.0000,12.0000,17100
RANCH,19950816,12.0000,12.0000,12.0000,12.0000,13900
RANCH,19950815,12.0000,12.2500,12.0000,12.0000,8000
RANCH,19950811,12.2500,12.2500,12.0000,12.2500,28700
RANCH,19950810,12.5000,12.5000,12.0000,12.0000,38000
RANCH,19950809,12.5000,12.7500,12.2500,12.2500,92000
RANCH,19950808,12.2500,12.5000,12.2500,12.5000,6100
RANCH,19950807,12.5000,12.5000,12.2500,12.2500,12100
RANCH,19950804,12.5000,12.5000,12.5000,12.5000,13800
RANCH,19950803,12.7500,12.7500,12.2500,12.5000,57500
RANCH,19950802,12.7500,12.7500,12.5000,12.5000,62600
RANCH,19950801,12.7500,12.7500,12.5000,12.5000,20300
RANCH,19950731,12.7500,13.0000,12.7500,12.7500,47100
RANCH,19950728,12.7500,12.7500,12.5000,12.7500,28000
RANCH,19950727,12.7500,12.7500,12.7500,12.7500,4000
RANCH,19950726,13.0000,13.0000,12.7500,13.0000,31600
RANCH,19950725,13.0000,13.0000,12.7500,12.7500,15300
RANCH,19950724,13.2500,13.2500,13.2500,13.2500,100
RANCH,19950721,12.7500,13.7500,12.5000,13.0000,223600
RANCH,19950720,12.2500,12.7500,12.2500,12.7500,26900
RANCH,19950719,13.0000,13.0000,12.0000,12.2500,133100
RANCH,19950718,13.0000,13.0000,12.7500,12.7500,39300
RANCH,19950717,13.2500,13.2500,13.0000,13.0000,51200
RANCH,19950714,13.2500,13.2500,13.0000,13.2500,87900
RANCH,19950713,13.5000,13.5000,13.0000,13.2500,74000
RANCH,19950711,13.5000,13.5000,13.2500,13.2500,41500
RANCH,19950710,13.5000,13.5000,13.2500,13.2500,97700
RANCH,19950707,13.7500,13.7500,13.5000,13.7500,70600
RANCH,19950706,13.7500,13.7500,13.5000,13.7500,53600
RANCH,19950705,13.5000,14.0000,13.5000,14.0000,172600
RANCH,19950704,13.5000,13.7500,13.5000,13.5000,52300
RANCH,19950703,13.5000,13.5000,13.2500,13.2500,21300
RANCH,19950630,13.2500,13.2500,13.2500,13.2500,26100
RANCH,19950629,13.5000,13.5000,13.2500,13.2500,11800
RANCH,19950628,13.2500,13.5000,13.2500,13.5000,66100
RANCH,19950627,13.0000,13.5000,13.0000,13.2500,46200
RANCH,19950626,13.2500,13.2500,13.2500,13.2500,156100
RANCH,19950623,13.5000,13.5000,13.5000,13.5000,22000
RANCH,19950622,13.5000,13.7500,13.5000,13.7500,30100
RANCH,19950621,13.7500,13.7500,13.5000,13.5000,29300
RANCH,19950620,13.7500,13.7500,13.5000,13.7500,110000
RANCH,19950619,14.0000,14.0000,13.7500,13.7500,40900
RANCH,19950616,14.0000,14.0000,13.7500,14.0000,29600
RANCH,19950615,14.2500,14.2500,13.7500,13.7500,75500
RANCH,19950614,14.2500,14.2500,13.7500,14.2500,59500
RANCH,19950613,14.0000,14.7500,14.0000,14.2500,299300
RANCH,19950612,13.7500,14.0000,13.7500,14.0000,78300
RANCH,19950609,14.2500,14.2500,13.7500,13.7500,99100
RANCH,19950608,14.2500,14.2500,14.0000,14.0000,96600
RANCH,19950607,13.7500,14.5000,13.7500,14.2500,896500
RANCH,19950606,14.0000,14.0000,13.5000,13.7500,88300
RANCH,19950605,13.7500,14.0000,13.5000,14.0000,47700
RANCH,19950602,13.7500,14.0000,13.7500,14.0000,32500
RANCH,19950601,14.5000,14.5000,13.5000,13.5000,119500
RANCH,19950531,14.5000,14.5000,13.7500,14.0000,321600
RANCH,19950530,14.7500,15.2500,14.2500,14.5000,1942800
RANCH,19950529,13.2500,14.5000,13.0000,14.2500,871700
RANCH,19950526,13.2500,13.5000,13.2500,13.5000,71700
RANCH,19950525,13.5000,13.5000,13.2500,13.5000,124400
RANCH,19950524,13.7500,13.7500,13.2500,13.2500,301500
RANCH,19950523,13.5000,14.2500,13.2500,13.2500,413000
RANCH,19950522,13.2500,13.5000,13.0000,13.2500,16600
RANCH,19950519,13.0000,13.0000,12.5000,13.0000,7000
RANCH,19950518,13.0000,13.5000,13.0000,13.5000,5100
RANCH,19950517,13.5000,13.5000,13.2500,13.2500,7000
RANCH,19950516,13.5000,13.5000,13.5000,13.5000,800
RANCH,19950512,13.0000,13.2500,13.0000,13.2500,10000
RANCH,19950511,13.5000,13.5000,13.5000,13.5000,1000
RANCH,19950510,13.5000,14.0000,13.5000,14.0000,19300
RANCH,19950509,13.2500,13.2500,13.2500,13.2500,2000
RANCH,19950508,13.5000,13.7500,13.2500,13.2500,8400
RANCH,19950504,13.0000,13.2500,12.7500,13.2500,10600
RANCH,19950503,13.0000,13.0000,13.0000,13.0000,3000
RANCH,19950502,13.0000,13.2500,12.7500,13.0000,16300
RANCH,19950428,13.2500,13.5000,13.0000,13.5000,11100
RANCH,19950427,13.7500,13.7500,13.7500,13.7500,2100
RANCH,19950426,13.5000,13.7500,13.5000,13.7500,1000
RANCH,19950425,13.0000,14.0000,13.0000,14.0000,3600
RANCH,19950424,13.0000,13.5000,13.0000,13.5000,2100
RANCH,19950420,13.0000,13.5000,13.0000,13.5000,1600
RANCH,19950419,13.2500,13.7500,13.0000,13.7500,2600
RANCH,19950410,13.0000,14.2500,13.0000,14.2500,1200
RANCH,19950407,13.0000,14.0000,13.0000,14.0000,2100
RANCH,19950403,13.7500,14.0000,13.7500,14.0000,1000
RANCH,19950331,13.7500,14.0000,13.5000,14.0000,2600
RANCH,19950329,13.5000,14.0000,13.5000,14.0000,6100
RANCH,19950328,13.5000,13.7500,13.5000,13.5000,4000
RANCH,19950327,14.0000,14.0000,13.5000,13.5000,11000
RANCH,19950324,14.0000,14.0000,13.2500,13.2500,11000
RANCH,19950323,14.0000,14.0000,14.0000,14.0000,25000
RANCH,19950322,14.0000,14.0000,13.7500,13.7500,100500
RANCH,19950321,14.0000,14.0000,14.0000,14.0000,8000
RANCH,19950320,14.0000,14.0000,14.0000,14.0000,1000
RANCH,19950317,15.5000,15.5000,13.7500,13.7500,11100
RANCH,19950316,14.0000,14.2500,14.0000,14.2500,13300
RANCH,19950315,14.2500,14.2500,14.2500,14.2500,10000
RANCH,19950314,14.5000,14.5000,14.0000,14.5000,47800
RANCH,19950310,14.7500,15.0000,14.5000,14.7500,31900
RANCH,19950309,14.5000,15.0000,14.2500,15.0000,7400
RANCH,19950308,16.0000,16.2500,16.0000,16.2500,42100
RANCH,19950307,16.5000,16.5000,16.2500,16.2500,5500
RANCH,19950306,16.5000,16.5000,16.0000,16.0000,54500
RANCH,19950303,17.2500,17.2500,16.5000,16.5000,74400
RANCH,19950302,17.0000,17.0000,16.7500,16.7500,105000
RANCH,19950301,16.7500,17.0000,16.5000,17.0000,7100
RANCH,19950228,16.7500,17.0000,16.7500,17.0000,5200
RANCH,19950227,16.5000,16.7500,16.5000,16.5000,13500
RANCH,19950224,16.5000,17.0000,16.5000,17.0000,1300
RANCH,19950223,17.0000,17.0000,17.0000,17.0000,2500
RANCH,19950222,16.7500,17.0000,16.5000,17.0000,4600
RANCH,19950221,17.0000,17.2500,16.7500,17.0000,15100
RANCH,19950220,16.7500,17.0000,16.7500,17.0000,19000
RANCH,19950217,16.5000,16.7500,16.5000,16.5000,13000
RANCH,19950216,16.5000,16.5000,16.5000,16.5000,15600
RANCH,19950215,16.5000,17.0000,16.2500,17.0000,22000
RANCH,19950213,16.5000,17.2500,16.2500,17.0000,29400
RANCH,19950210,17.0000,17.5000,16.0000,17.2500,47700
RANCH,19950209,17.0000,17.0000,16.5000,16.7500,29500
RANCH,19950208,17.0000,17.7500,17.0000,17.7500,10500
RANCH,19950207,16.7500,18.0000,16.7500,18.0000,10200
RANCH,19950206,18.2500,18.2500,18.0000,18.0000,6000
RANCH,19950203,17.7500,18.2500,17.2500,18.2500,4900
RANCH,19950202,18.0000,18.2500,17.5000,18.2500,3700
RANCH,19950201,18.0000,18.7500,18.0000,18.7500,4800
RANCH,19950131,17.5000,17.7500,17.5000,17.5000,3200
RANCH,19950130,18.0000,18.2500,17.5000,18.2500,5600
RANCH,19950127,17.2500,17.5000,17.0000,17.5000,11400
RANCH,19950126,17.5000,17.5000,17.0000,17.5000,16000
RANCH,19950125,16.7500,17.2500,16.7500,17.2500,4300
RANCH,19950124,16.5000,17.0000,16.2500,17.0000,6100
RANCH,19950123,16.2500,17.2500,15.7500,17.2500,27900
RANCH,19950120,17.5000,17.5000,17.5000,17.5000,1000
RANCH,19950117,18.7500,18.7500,18.7500,18.7500,100
RANCH,19950116,18.5000,18.5000,18.5000,18.5000,100
RANCH,19950113,19.0000,19.0000,18.0000,18.2500,37800
RANCH,19950112,19.0000,19.0000,19.0000,19.0000,12000
RANCH,19950111,19.7500,19.7500,19.5000,19.5000,27800
RANCH,19950110,19.7500,20.2500,19.7500,20.2500,24800
RANCH,19950109,20.0000,20.0000,19.7500,20.0000,21200
RANCH,19950106,20.0000,20.5000,20.0000,20.5000,25900
RANCH,19950105,20.2500,20.5000,20.2500,20.2500,9000
RANCH,19950104,20.5000,21.0000,20.2500,21.0000,34500
RANCH,19950103,20.5000,21.0000,19.7500,21.0000,86500
RANCH,19941230,20.0000,20.7500,19.5000,20.7500,105400
RANCH,19941229,19.5000,20.0000,19.2500,20.0000,37500
RANCH,19941228,19.5000,19.7500,19.2500,19.7500,30000
RANCH,19941227,19.0000,19.5000,19.0000,19.5000,27100
RANCH,19941226,19.7500,19.7500,19.2500,19.2500,56000
RANCH,19941223,19.7500,19.7500,18.7500,19.2500,200100
RANCH,19941222,19.7500,20.0000,19.5000,19.7500,111100
RANCH,19941221,19.2500,19.5000,19.2500,19.5000,118100
RANCH,19941220,19.0000,19.2500,19.0000,19.2500,69100
RANCH,19941219,18.5000,19.7500,18.5000,18.7500,189900
RANCH,19941216,18.0000,18.0000,18.0000,18.0000,55900
RANCH,19941215,17.7500,17.7500,17.2500,17.7500,97400
RANCH,19941214,17.5000,18.2500,17.5000,17.7500,236600
RANCH,19941213,17.0000,17.5000,17.0000,17.5000,56200
RANCH,19941209,16.5000,16.5000,16.2500,16.5000,89100
RANCH,19941208,16.5000,16.5000,16.5000,16.5000,54200
RANCH,19941207,16.7500,16.7500,16.5000,16.5000,23600
RANCH,19941206,16.7500,16.7500,16.5000,16.7500,27100
RANCH,19941202,16.2500,16.2500,16.0000,16.0000,63100
RANCH,19941201,16.0000,16.5000,16.0000,16.5000,27200
RANCH,19941130,15.7500,16.2500,15.7500,16.2500,29100
RANCH,19941129,15.7500,16.0000,15.7500,16.0000,30000
RANCH,19941128,15.5000,15.7500,15.2500,15.5000,11800
RANCH,19941125,16.0000,16.0000,15.5000,15.7500,29600
RANCH,19941124,15.7500,15.7500,15.2500,15.2500,19100
RANCH,19941123,15.7500,15.7500,14.7500,15.7500,116800
RANCH,19941122,16.5000,16.5000,15.5000,16.2500,52400
RANCH,19941121,16.0000,17.0000,16.0000,16.5000,24200
RANCH,19941118,16.7500,17.0000,16.5000,16.7500,49500
RANCH,19941117,16.5000,17.7500,16.5000,17.0000,141200
RANCH,19941116,16.0000,16.2500,15.7500,16.2500,49700
RANCH,19941115,16.0000,16.2500,15.7500,16.2500,55500
RANCH,19941114,16.2500,16.5000,15.7500,15.7500,107200
RANCH,19941111,16.5000,16.5000,16.2500,16.2500,40000
RANCH,19941110,17.0000,17.0000,16.5000,16.5000,27000
RANCH,19941109,17.0000,17.2500,16.7500,16.7500,31700
RANCH,19941108,17.0000,17.0000,16.7500,16.7500,10100
RANCH,19941107,17.0000,17.0000,16.7500,16.7500,46300
RANCH,19941104,17.0000,17.7500,17.0000,17.2500,59300
RANCH,19941103,17.0000,17.2500,17.0000,17.2500,11000
RANCH,19941102,17.7500,17.7500,17.0000,17.0000,131500
RANCH,19941101,17.5000,18.2500,17.5000,18.0000,42400
RANCH,19941031,17.7500,17.7500,17.5000,17.5000,42200
RANCH,19941028,17.7500,17.7500,17.7500,17.7500,13500
RANCH,19941027,18.0000,18.0000,17.7500,17.7500,53700
RANCH,19941026,18.5000,18.7500,18.0000,18.0000,120400
RANCH,19941025,18.5000,18.5000,18.5000,18.5000,25000
RANCH,19941021,18.7500,19.0000,18.7500,18.7500,40300
RANCH,19941020,19.0000,19.0000,18.5000,18.5000,27000
RANCH,19941019,18.5000,19.0000,18.5000,19.0000,18500
RANCH,19941018,19.0000,19.0000,18.7500,18.7500,10500
RANCH,19941017,19.2500,19.2500,19.0000,19.0000,19300
RANCH,19941014,19.2500,19.2500,19.0000,19.2500,10200
RANCH,19941013,19.5000,19.5000,18.5000,19.2500,51600
RANCH,19941012,19.2500,19.7500,19.0000,19.7500,31300
RANCH,19941011,19.0000,19.5000,19.0000,19.5000,9000
RANCH,19941010,19.5000,19.5000,18.7500,19.5000,47400
RANCH,19941007,20.7500,21.0000,19.7500,20.2500,97400
RANCH,19941006,20.0000,21.5000,20.0000,21.0000,405800
RANCH,19941005,19.7500,20.2500,19.7500,20.2500,44700
RANCH,19941004,19.5000,20.7500,19.2500,20.2500,80400
RANCH,19941003,19.2500,19.2500,19.0000,19.0000,44000
RANCH,19940930,19.5000,19.5000,19.0000,19.5000,49700
RANCH,19940929,19.7500,19.7500,19.2500,19.5000,58700
RANCH,19940928,19.7500,19.7500,19.0000,19.2500,65600
RANCH,19940927,20.0000,20.0000,19.5000,19.7500,67200
RANCH,19940926,19.7500,20.0000,19.5000,20.0000,60800
RANCH,19940923,20.0000,20.0000,19.7500,20.0000,150200
RANCH,19940922,19.0000,20.0000,19.0000,20.0000,122200
RANCH,19940921,18.7500,19.2500,18.5000,19.0000,27300
RANCH,19940920,19.2500,19.2500,18.0000,19.0000,137800
RANCH,19940919,19.5000,19.7500,19.2500,19.5000,41600
RANCH,19940916,20.0000,20.2500,19.5000,19.5000,135200
RANCH,19940915,19.5000,20.0000,19.5000,20.0000,53100
RANCH,19940914,19.7500,19.7500,19.2500,19.2500,86300
RANCH,19940913,19.7500,20.0000,19.5000,20.0000,94300
RANCH,19940912,20.0000,20.0000,19.5000,19.7500,99600
RANCH,19940909,20.5000,21.0000,19.7500,20.0000,205200
RANCH,19940908,20.5000,20.5000,20.0000,20.2500,18300
RANCH,19940907,20.5000,20.5000,20.0000,20.2500,83700
RANCH,19940906,20.2500,20.7500,19.7500,20.5000,343300
RANCH,19940905,20.5000,20.5000,20.0000,20.0000,125400
RANCH,19940902,20.5000,20.5000,19.7500,20.2500,361900
RANCH,19940901,20.2500,20.5000,20.0000,20.5000,139400
RANCH,19940831,20.5000,20.5000,20.0000,20.2500,21100
RANCH,19940830,20.2500,20.2500,19.7500,20.2500,41600
RANCH,19940829,20.2500,20.2500,19.7500,20.2500,14300
RANCH,19940826,20.2500,20.2500,19.7500,20.0000,27000
RANCH,19940825,20.7500,20.7500,19.7500,20.2500,59600
RANCH,19940824,21.0000,21.0000,20.5000,20.7500,44200
RANCH,19940823,21.2500,21.5000,20.7500,21.0000,69200
RANCH,19940822,21.5000,21.5000,20.7500,21.2500,104300
RANCH,19940819,21.5000,21.7500,21.0000,21.2500,77800
RANCH,19940818,22.0000,22.0000,21.2500,21.5000,145800
RANCH,19940817,22.2500,22.2500,21.7500,22.0000,175700
RANCH,19940816,22.5000,22.7500,22.0000,22.5000,375300
RANCH,19940815,23.0000,23.0000,22.5000,22.5000,313300
RANCH,19940811,23.2500,23.7500,22.7500,23.0000,436900
RANCH,19940810,23.7500,23.7500,23.0000,23.2500,899300
RANCH,19940809,23.5000,24.7500,22.7500,23.0000,810700
RANCH,19940808,22.5000,23.7500,22.5000,22.7500,996400
RANCH,19940805,23.0000,24.5000,22.2500,22.2500,314600
RANCH,19940804,23.0000,23.5000,22.2500,22.5000,197400
RANCH,19940803,23.0000,23.0000,22.2500,22.2500,39100
RANCH,19940802,24.0000,25.0000,22.7500,23.0000,89000
RANCH,19940801,22.2500,25.0000,22.0000,25.0000,70600
RANCH,19940729,23.0000,23.2500,22.7500,22.7500,11300
RANCH,19940728,23.0000,23.5000,23.0000,23.0000,16000
RANCH,19940727,22.7500,23.0000,22.7500,23.0000,6000
RANCH,19940726,23.5000,23.5000,23.2500,23.2500,1500
RANCH,19940722,23.2500,23.5000,22.5000,23.5000,13100
RANCH,19940721,23.5000,23.5000,23.2500,23.2500,16700
RANCH,19940720,23.2500,23.5000,23.2500,23.5000,2500
RANCH,19940719,23.7500,23.7500,23.5000,23.5000,15000
RANCH,19940718,24.0000,24.0000,24.0000,24.0000,500
RANCH,19940715,23.5000,24.0000,23.2500,24.0000,38200
RANCH,19940713,23.7500,24.0000,23.7500,24.0000,1500
RANCH,19940712,25.0000,25.0000,22.0000,24.0000,12500
RANCH,19940711,23.5000,24.0000,23.5000,24.0000,2500
RANCH,19940708,23.5000,23.5000,23.5000,23.5000,1500
RANCH,19940707,23.5000,23.5000,23.5000,23.5000,3100
RANCH,19940706,23.5000,23.5000,23.5000,23.5000,1500
RANCH,19940705,24.0000,24.0000,24.0000,24.0000,800
RANCH,19940704,24.0000,24.0000,24.0000,24.0000,2500
RANCH,19940630,23.5000,24.0000,23.5000,24.0000,1100
RANCH,19940629,24.0000,24.0000,24.0000,24.0000,5500
RANCH,19940628,23.2500,24.0000,23.2500,24.0000,4700
RANCH,19940627,23.2500,23.5000,23.2500,23.2500,10000
RANCH,19940624,24.0000,24.5000,24.0000,24.0000,10000
RANCH,19940623,24.7500,24.7500,24.5000,24.5000,11000
RANCH,19940622,25.0000,25.0000,24.5000,24.5000,3700
RANCH,19940621,25.7500,25.7500,25.2500,25.2500,15300
RANCH,19940620,26.0000,26.0000,25.7500,25.7500,8900
RANCH,19940617,26.5000,26.7500,26.0000,26.0000,18200
RANCH,19940616,26.0000,26.0000,26.0000,26.0000,7000
RANCH,19940615,26.2500,26.2500,26.0000,26.0000,16500
RANCH,19940614,26.7500,26.7500,26.0000,26.0000,37400
RANCH,19940613,26.0000,26.7500,26.0000,26.5000,15500
RANCH,19940610,26.5000,26.5000,26.0000,26.0000,52900
RANCH,19940609,26.5000,26.7500,26.5000,26.7500,21900
RANCH,19940608,26.7500,26.7500,26.5000,26.5000,29900
RANCH,19940607,27.2500,28.0000,26.5000,26.5000,271100
RANCH,19940606,26.7500,28.2500,26.7500,27.0000,132100
RANCH,19940603,26.7500,27.5000,26.7500,26.7500,21800
RANCH,19940602,27.0000,27.5000,27.0000,27.0000,13400
RANCH,19940601,27.5000,27.5000,27.0000,27.2500,11900
RANCH,19940531,27.2500,27.2500,26.7500,27.2500,5700
RANCH,19940530,27.5000,27.5000,27.0000,27.0000,8300
RANCH,19940527,27.5000,27.5000,26.5000,26.5000,41900
RANCH,19940526,28.2500,28.5000,27.5000,27.5000,27700
RANCH,19940525,28.2500,28.7500,28.0000,28.2500,57400
RANCH,19940523,26.5000,28.0000,26.5000,28.0000,14400
RANCH,19940520,26.2500,26.2500,26.2500,26.2500,300
RANCH,19940519,27.5000,27.5000,25.0000,27.0000,25400
RANCH,19940518,28.0000,28.0000,27.7500,27.7500,5100
RANCH,19940517,28.0000,28.5000,27.5000,28.5000,8500
RANCH,19940516,28.2500,28.5000,28.2500,28.2500,6500
RANCH,19940513,28.5000,28.5000,28.2500,28.5000,4400
RANCH,19940512,28.0000,29.0000,28.0000,29.0000,1000
RANCH,19940511,29.0000,29.0000,28.5000,28.5000,4200
RANCH,19940510,29.0000,29.2500,28.7500,28.7500,58400
RANCH,19940509,29.0000,29.0000,28.5000,29.0000,3500
RANCH,19940506,26.2500,29.0000,26.0000,29.0000,8200
RANCH,19940504,29.5000,29.7500,28.0000,28.0000,37500
RANCH,19940503,31.0000,31.0000,29.5000,29.5000,97700
RANCH,19940429,28.9102,29.2503,28.4000,28.4000,69093
RANCH,19940428,28.5701,29.2503,28.5701,29.2503,13524
RANCH,19940427,29.5904,29.5904,29.5904,29.5904,4998
RANCH,19940426,29.2503,29.5904,28.5701,29.5904,12642
RANCH,19940425,28.7401,30.2707,28.7401,29.5904,13818
RANCH,19940422,30.2707,30.9509,29.5904,29.5904,33811
RANCH,19940421,30.2707,30.2707,29.9305,29.9305,9702
RANCH,19940420,29.4204,30.6108,28.9102,30.6108,32341
RANCH,19940419,29.4204,29.5904,28.9102,28.9102,16170
RANCH,19940418,29.9305,29.9305,29.2503,29.9305,21169
RANCH,19940415,28.2299,28.9102,28.2299,28.9102,5292
RANCH,19940411,28.7401,28.7401,27.8898,27.8898,3528
RANCH,19940408,28.0599,28.2299,27.8898,27.8898,8232
RANCH,19940407,27.2096,28.5701,27.2096,28.5701,2646
RANCH,19940405,27.0395,28.4000,27.0395,28.2299,14112
RANCH,19940404,29.2503,29.2503,26.3593,26.5293,17346
RANCH,19940401,30.2707,30.6108,30.1006,30.4407,16464
RANCH,19940331,30.2707,30.4407,30.1006,30.2707,23521
RANCH,19940330,30.4407,30.7808,30.1006,30.2707,37633
RANCH,19940329,29.9305,30.7808,29.9305,30.7808,32047
RANCH,19940328,32.1413,32.3114,29.9305,29.9305,245207
RANCH,19940325,31.1210,34.0120,30.7808,30.7808,397507
RANCH,19940324,31.2910,31.2910,31.2910,31.2910,4704
RANCH,19940323,31.2910,31.4611,31.2910,31.2910,12348
RANCH,19940321,29.9305,29.9305,29.9305,29.9305,5880
RANCH,19940318,31.1210,31.1210,30.9509,30.9509,7056
RANCH,19940317,31.8012,31.8012,31.4611,31.4611,17640
RANCH,19940316,31.6311,31.6311,31.6311,31.6311,15876
RANCH,19940315,32.1413,32.1413,31.4611,31.8012,38809
RANCH,19940314,32.6515,32.6515,31.9713,31.9713,25579
RANCH,19940311,32.6515,32.9916,32.4814,32.4814,21463
RANCH,19940310,32.8216,32.8216,32.8216,32.8216,6468
RANCH,19940309,32.8216,32.9916,32.8216,32.9916,8820
RANCH,19940308,33.3317,33.3317,33.3317,33.3317,2352
RANCH,19940307,32.8216,33.3317,32.8216,33.3317,7938
RANCH,19940304,31.8012,33.3317,31.8012,33.3317,16170
RANCH,19940303,32.9916,32.9916,32.9916,32.9916,294
RANCH,19940302,32.4814,32.4814,31.6311,31.6311,14700
RANCH,19940301,32.6515,33.3317,32.4814,33.3317,4998
RANCH,19940228,32.6515,32.9916,32.3114,32.9916,9702
RANCH,19940224,32.9916,32.9916,32.9916,32.9916,6762
RANCH,19940223,32.6515,32.9916,32.6515,32.9916,23815
RANCH,19940222,32.3114,32.6515,31.9713,31.9713,3528
RANCH,19940221,32.3114,32.6515,31.9713,31.9713,24109
RANCH,19940218,30.6108,31.9713,30.6108,31.6311,25873
RANCH,19940217,29.4204,29.7605,29.4204,29.7605,14112
RANCH,19940216,29.4204,29.4204,29.4204,29.4204,4410
RANCH,19940215,29.2503,29.2503,29.2503,29.2503,2940
RANCH,19940214,29.4204,29.4204,27.5497,27.5497,7350
RANCH,19940211,28.2299,29.4204,28.2299,29.4204,1176
RANCH,19940210,30.6108,30.6108,30.6108,30.6108,294
RANCH,19940209,27.5497,29.4204,27.5497,29.4204,2352
RANCH,19940208,26.8695,26.8695,26.8695,26.8695,294
RANCH,19940203,28.7401,29.2503,28.7401,29.2503,2940
RANCH,19940202,28.5701,28.5701,28.5701,28.5701,294
RANCH,19940201,29.2503,29.2503,28.9102,28.9102,209338
RANCH,19940131,29.2503,29.2503,29.2503,29.2503,882
RANCH,19940128,29.2503,29.4204,29.2503,29.4204,2352
RANCH,19940127,29.9305,29.9305,29.9305,29.9305,17640
RANCH,19940125,29.9305,29.9305,29.2503,29.2503,17640
RANCH,19940124,29.9305,29.9305,29.9305,29.9305,882
RANCH,19940121,30.6108,30.6108,30.6108,30.6108,5880
RANCH,19940120,30.6108,30.6108,30.2707,30.6108,3234
RANCH,19940119,30.9509,30.9509,30.6108,30.6108,8820
RANCH,19940118,30.6108,30.6108,29.9305,29.9305,20580
RANCH,19940117,30.6108,30.6108,30.6108,30.6108,14406
RANCH,19940112,30.9509,31.2910,30.2707,31.1210,7350
RANCH,19940107,30.9509,30.9509,30.6108,30.9509,31165
RANCH,19940106,30.9509,30.9509,30.7808,30.9509,49982
RANCH,19940105,30.9509,31.2910,30.9509,31.2910,17934
RANCH,19940104,31.6311,31.6311,30.6108,31.6311,35869
RANCH,19931230,31.6311,32.4814,30.6108,30.6108,19110
RANCH,19931229,31.9713,32.4814,31.6311,32.4814,25873
RANCH,19931228,31.6311,32.3114,31.6311,31.9713,12348
RANCH,19931227,31.4611,31.8012,31.4611,31.8012,37633
RANCH,19931224,30.6108,32.9916,30.6108,31.9713,16170
RANCH,19931223,30.6108,31.9713,30.4407,31.9713,2646
RANCH,19931222,31.4611,31.9713,31.4611,31.9713,8820
RANCH,19931221,31.6311,31.6311,31.6311,31.6311,5586
RANCH,19931220,31.6311,31.9713,31.6311,31.6311,16170
RANCH,19931216,31.9713,31.9713,31.6311,31.6311,2058
RANCH,19931215,32.6515,32.6515,31.9713,31.9713,38221
RANCH,19931214,32.3114,32.9916,32.3114,32.6515,30577
RANCH,19931213,33.6719,33.6719,32.9916,32.9916,30871
RANCH,19931209,32.6515,32.6515,32.3114,32.3114,14700
RANCH,19931208,34.6922,34.6922,34.0120,34.6922,226684
RANCH,19931207,34.6922,34.6922,34.0120,34.3521,212278
RANCH,19931203,32.3114,33.6719,32.3114,33.6719,71445
RANCH,19931202,33.3317,33.3317,32.3114,32.3114,4704
RANCH,19931201,33.5018,34.0120,33.3317,33.3317,17346
RANCH,19931130,34.6922,34.6922,33.6719,33.6719,77325
RANCH,19931129,33.6719,36.0527,33.6719,34.3521,314301
RANCH,19931126,32.6515,33.5018,32.6515,33.3317,78501
RANCH,19931125,32.8216,32.9916,32.6515,32.8216,22639
RANCH,19931124,32.6515,33.3317,32.4814,32.4814,40867
RANCH,19931123,31.4611,32.3114,31.4611,32.3114,26167
RANCH,19931122,32.3114,32.3114,31.2910,31.2910,41749
RANCH,19931119,32.3114,32.8216,32.3114,32.8216,79383
RANCH,19931118,32.3114,32.6515,32.1413,32.6515,37633
RANCH,19931117,32.3114,32.4814,32.1413,32.1413,54098
RANCH,19931116,31.2910,32.1413,31.2910,31.9713,21757
RANCH,19931115,32.6515,32.6515,31.6311,31.6311,31165
RANCH,19931112,32.3114,32.6515,31.9713,32.3114,60272
RANCH,19931111,32.8216,32.8216,31.9713,32.3114,163765
RANCH,19931110,32.8216,32.9916,32.6515,32.8216,121133
RANCH,19931109,33.3317,33.3317,32.6515,32.9916,145536
RANCH,19931108,33.3317,34.3521,32.6515,33.3317,102316
RANCH,19931105,32.6515,33.3317,32.6515,33.3317,21169
RANCH,19931104,34.0120,34.0120,31.4611,33.3317,113489
RANCH,19931103,34.6922,35.0323,32.6515,33.6719,66447
RANCH,19931102,35.3725,36.7329,34.3521,35.7126,601846
RANCH,19931101,33.5018,35.3725,31.9713,35.0323,660649
RANCH,19931029,33.8419,33.8419,33.1617,33.3317,168470
RANCH,19931028,32.6515,33.8419,32.3114,33.6719,1067859
RANCH,19931027,32.9916,33.3317,32.6515,32.6515,139068
RANCH,19931026,32.3114,33.5018,32.1413,32.9916,391332
RANCH,19931022,32.3114,32.8216,32.1413,32.6515,648595
RANCH,19931021,32.4814,32.9916,32.3114,32.6515,736799
RANCH,19931020,31.8012,32.6515,31.8012,32.4814,306950
RANCH,19931019,31.9713,32.3114,31.8012,32.3114,201693
RANCH,19931018,31.9713,32.3114,31.9713,32.1413,432200
RANCH,19931015,32.4814,32.6515,31.9713,32.3114,575091
RANCH,19931014,33.6719,33.6719,32.1413,32.4814,3290605
RANCH,19931013,30.7808,31.6311,30.7808,31.4611,526873
RANCH,19931012,30.9509,31.2910,30.1006,30.6108,555098
RANCH,19931011,30.6108,30.7808,30.1006,30.7808,176702
RANCH,19931008,30.6108,30.9509,30.1006,30.2707,428966
RANCH,19931007,30.1006,31.1210,30.1006,30.6108,2394156
RANCH,19931006,28.5701,28.9102,28.4000,28.9102,179936
RANCH,19931005,28.0599,28.2299,28.0599,28.2299,59096
RANCH,19931004,27.2096,27.5497,27.2096,27.5497,24991
RANCH,19931001,27.2096,28.0599,27.2096,27.5497,76443
RANCH,19930930,26.5293,27.0395,26.5293,27.0395,25579
RANCH,19930929,26.6994,26.6994,26.5293,26.5293,232271
RANCH,19930928,27.3796,27.3796,26.6994,26.6994,149359
RANCH,19930927,27.3796,27.7198,27.2096,27.7198,43220
RANCH,19930924,28.0599,28.2299,27.3796,27.3796,205809
RANCH,19930923,27.5497,28.4000,27.3796,28.2299,270492
RANCH,19930922,27.8898,27.8898,27.3796,27.5497,133482
RANCH,19930921,28.5701,28.7401,27.8898,27.8898,80853
RANCH,19930920,28.7401,29.0802,28.5701,28.5701,269610
RANCH,19930917,28.5701,28.7401,28.4000,28.7401,189639
RANCH,19930916,28.2299,28.7401,28.2299,28.5701,245501
RANCH,19930915,28.5701,28.5701,28.2299,28.2299,237563
RANCH,19930914,28.4000,29.0802,28.2299,28.2299,191403
RANCH,19930913,27.8898,28.5701,27.5497,28.4000,652123
RANCH,19930910,29.7605,29.7605,28.5701,28.9102,449547
RANCH,19930909,29.9305,30.1006,29.5904,29.7605,552746
RANCH,19930908,30.4407,30.7808,29.5904,29.5904,980830
RANCH,19930907,29.5904,30.7808,29.5904,30.6108,1307774
RANCH,19930906,29.5904,29.9305,29.4204,29.7605,972304
RANCH,19930903,29.0802,29.7605,29.0802,29.4204,1314830
RANCH,19930902,28.0599,28.9102,28.0599,28.9102,1531225
RANCH,19930901,27.8898,28.2299,27.8898,28.0599,416911
RANCH,19930831,28.5701,28.7401,27.5497,27.7198,2095438
RANCH,19930830,27.8898,29.2503,27.8898,28.5701,1431554
RANCH,19930827,28.9102,29.0802,27.7198,27.7198,676820
RANCH,19930826,27.2096,29.0802,27.2096,28.7401,1883454
RANCH,19930825,27.0395,27.2096,26.6994,26.8695,597142
RANCH,19930824,26.8695,27.3796,26.1892,27.0395,1186346
RANCH,19930823,27.8898,27.8898,26.8695,26.8695,1046102
RANCH,19930820,26.3593,28.2299,26.3593,27.8898,3883632
RANCH,19930819,25.1689,26.8695,25.1689,26.1892,2175410
RANCH,19930818,23.1281,24.9988,23.1281,24.9988,2121605
RANCH,19930817,23.1281,23.1281,22.6180,22.7880,241679
RANCH,19930816,23.9784,23.9784,23.1281,23.1281,300188
RANCH,19930813,23.8084,24.6587,23.4683,23.9784,1214278
RANCH,19930811,22.7880,23.4683,22.7880,23.4683,1176056
RANCH,19930810,21.9377,22.7880,21.9377,22.7880,384276
RANCH,19930809,23.1281,23.4683,21.7677,21.9377,972892
RANCH,19930806,22.1078,23.6383,22.1078,23.1281,3680762
RANCH,19930805,20.9174,21.9377,20.9174,21.5976,944373
RANCH,19930804,21.0874,21.4275,20.9174,20.9174,102316
RANCH,19930802,21.0874,21.4275,21.0874,21.0874,22345
RANCH,19930730,21.0874,21.0874,20.9174,20.9174,30577
RANCH,19930729,21.0874,21.2575,21.0874,21.0874,51158
RANCH,19930728,21.0874,21.0874,20.7473,20.7473,45866
RANCH,19930727,21.2575,21.2575,21.0874,21.0874,170822
RANCH,19930726,20.9174,21.5976,20.9174,21.0874,72915
RANCH,19930723,20.7473,21.0874,20.7473,20.7473,82323
RANCH,19930722,20.9174,21.0874,20.5772,20.7473,291955
RANCH,19930721,21.2575,21.2575,20.9174,20.9174,6468
RANCH,19930720,21.7677,21.7677,21.0874,21.4275,166117
RANCH,19930719,21.5976,22.1078,21.4275,21.9377,335176
RANCH,19930716,20.7473,21.7677,20.5772,21.4275,933494
RANCH,19930715,20.4072,20.7473,20.4072,20.7473,335470
RANCH,19930714,20.7473,20.7473,20.2371,20.4072,42632
RANCH,19930713,21.0874,21.2575,20.4072,20.4072,117311
RANCH,19930712,22.1078,22.1078,21.0874,21.2575,222568
RANCH,19930709,21.4275,22.1078,21.4275,22.1078,485711
RANCH,19930708,20.4072,20.9174,20.2371,20.7473,383982
RANCH,19930707,19.7269,20.0671,19.7269,20.0671,24403
RANCH,19930706,20.0671,20.0671,19.8970,19.8970,12642
RANCH,19930705,20.0671,20.0671,19.7269,19.7269,7350
RANCH,19930702,20.0671,20.2371,20.0671,20.2371,61742
RANCH,19930630,19.8970,19.8970,19.7269,19.7269,19110
RANCH,19930629,19.8970,19.8970,19.7269,19.7269,70563
RANCH,19930628,20.4072,20.7473,19.8970,19.8970,67623
RANCH,19930625,19.8970,20.5772,19.5569,20.5772,48512
RANCH,19930624,19.8970,20.9174,19.7269,20.2371,233153
RANCH,19930623,19.5569,19.8970,19.5569,19.8970,52628
RANCH,19930622,19.3868,19.5569,19.2168,19.3868,39985
RANCH,19930621,19.7269,19.7269,19.3868,19.3868,104374
RANCH,19930618,19.7269,20.2371,19.5569,19.7269,65271
RANCH,19930617,19.5569,19.7269,19.3868,19.7269,43808
RANCH,19930616,19.7269,19.8970,19.5569,19.5569,45278
RANCH,19930615,19.5569,19.5569,19.3868,19.3868,78207
RANCH,19930614,19.7269,19.7269,19.2168,19.7269,130836
RANCH,19930611,19.8970,19.8970,19.3868,19.8970,36457
RANCH,19930610,19.8970,20.0671,19.7269,20.0671,7056
RANCH,19930609,20.0671,20.0671,19.5569,20.0671,27343
RANCH,19930608,19.5569,20.2371,19.5569,20.2371,5880
RANCH,19930607,19.7269,20.2371,19.0467,20.2371,54392
RANCH,19930603,19.8970,19.8970,19.3868,19.7269,9702
RANCH,19930602,19.5569,19.7269,19.5569,19.7269,29989
RANCH,19930601,19.8970,19.8970,19.7269,19.8970,27637
RANCH,19930531,20.7473,20.7473,19.8970,19.8970,28519
RANCH,19930528,21.4275,21.4275,20.9174,21.0874,59684
RANCH,19930527,21.5976,21.5976,21.0874,21.4275,34399
RANCH,19930526,21.7677,21.7677,21.2575,21.7677,82029
RANCH,19930525,21.2575,21.9377,21.0874,21.7677,114371
RANCH,19930524,21.5976,22.1078,20.7473,21.5976,746207
RANCH,19930521,20.2371,21.4275,20.2371,21.4275,333411
RANCH,19930520,20.4072,20.4072,19.8970,19.8970,86146
RANCH,19930519,19.8970,20.2371,19.8970,20.2371,205809
RANCH,19930518,20.0671,20.4072,19.5569,20.0671,30871
RANCH,19930517,20.0671,20.2371,19.7269,19.8970,87322
RANCH,19930514,20.7473,21.4275,19.7269,20.4072,107903
RANCH,19930513,19.8970,21.4275,19.7269,20.7473,137892
RANCH,19930512,19.3868,20.5772,19.2168,19.8970,83205
RANCH,19930511,19.5569,19.7269,19.3868,19.7269,3528
RANCH,19930510,20.4072,20.4072,19.3868,20.0671,18522
RANCH,19930507,19.3868,20.5772,19.3868,20.2371,49394
RANCH,19930506,21.7677,21.7677,20.2371,20.5772,37927
RANCH,19930504,21.2575,21.4275,19.8970,21.4275,23815
RANCH,19930430,20.7473,22.1078,20.4072,22.1078,12936
RANCH,19930428,21.9377,22.2778,21.7677,22.2778,13818
RANCH,19930427,22.1078,22.6180,20.9174,22.6180,44984
RANCH,19930426,23.1281,23.1281,22.1078,22.9581,1764
RANCH,19930423,22.4479,23.2982,22.1078,23.1281,26461
RANCH,19930422,23.1281,23.1281,22.4479,22.9581,18522
RANCH,19930421,23.4683,23.4683,22.7880,22.7880,15582
RANCH,19930420,23.2982,23.4683,23.1281,23.2982,7644
RANCH,19930419,23.6383,23.8084,23.2982,23.2982,19698
RANCH,19930416,23.6383,23.8084,23.1281,23.8084,16758
RANCH,19930415,22.6180,24.1485,22.6180,23.6383,38809
RANCH,19930409,23.8084,23.9784,23.4683,23.8084,105257
RANCH,19930408,23.1281,23.4683,22.9581,23.2982,56744
RANCH,19930407,23.8084,24.1485,21.4275,21.4275,55568
RANCH,19930405,23.8084,23.9784,23.2982,23.8084,8232
RANCH,19930402,24.1485,24.1485,23.6383,23.9784,123191
RANCH,19930401,24.1485,24.1485,23.1281,24.1485,92320
RANCH,19930331,24.1485,24.3186,23.4683,23.6383,2111021
RANCH,19930330,24.8287,25.1689,24.1485,24.4886,777667
RANCH,19930329,23.4683,24.6587,23.1281,24.6587,1094614
RANCH,19930326,23.4683,23.4683,22.7880,23.1281,169646
RANCH,19930325,23.4683,23.6383,22.9581,23.4683,104374
RANCH,19930324,23.6383,23.8084,22.9581,23.4683,26167
RANCH,19930323,22.6180,23.8084,22.6180,23.6383,27343
RANCH,19930322,23.6383,23.6383,22.7880,23.6383,13524
RANCH,19930319,23.8084,23.9784,23.1281,23.1281,57626
RANCH,19930318,24.1485,24.4886,23.4683,23.8084,287545
RANCH,19930317,23.2982,24.1485,22.1078,23.4683,794132
RANCH,19930316,23.4683,23.4683,22.9581,23.2982,1973716
RANCH,19930315,24.3186,24.3186,23.1281,23.9784,23227
RANCH,19930312,23.8084,24.6587,23.8084,24.3186,26755
RANCH,19930311,24.8287,25.1689,24.3186,24.3186,137010
RANCH,19930310,24.1485,24.8287,23.6383,24.4886,109961
RANCH,19930309,23.9784,24.1485,23.1281,24.1485,11172
RANCH,19930305,24.3186,24.4886,23.8084,24.4886,44102
RANCH,19930304,24.3186,24.4886,24.1485,24.3186,38809
RANCH,19930303,24.8287,24.8287,24.3186,24.6587,48218
RANCH,19930302,23.9784,25.6790,23.9784,24.8287,197871
RANCH,19930301,25.5090,25.5090,24.1485,24.3186,38809
RANCH,19930226,25.5090,25.5090,24.4886,24.9988,33811
RANCH,19930225,25.3389,25.5090,24.4886,24.8287,19110
RANCH,19930224,25.1689,25.1689,24.6587,24.8287,28225
RANCH,19930223,24.9988,26.0192,24.9988,25.5090,24403
RANCH,19930222,26.5293,27.2096,25.8491,25.8491,1095202
RANCH,19930219,23.1281,26.5293,22.7880,26.5293,1413619
RANCH,19930218,24.8287,24.8287,23.8084,24.8287,48218
RANCH,19930217,24.1485,26.0192,24.1485,25.5090,96436
RANCH,19930216,26.5293,26.5293,25.5090,26.5293,121427
RANCH,19930215,26.1892,26.8695,26.1892,26.8695,171410
RANCH,19930212,25.3389,27.0395,24.9988,26.8695,518052
RANCH,19930211,27.2096,27.5497,25.5090,25.6790,501588
RANCH,19930210,27.7198,28.0599,26.1892,27.0395,428966
RANCH,19930209,28.7401,28.7401,27.2096,27.2096,231977
RANCH,19930208,28.5701,28.9102,28.2299,28.9102,1333353
RANCH,19930205,28.5701,29.0802,27.7198,28.5701,3097732
RANCH,19930204,29.2503,29.4204,27.5497,27.7198,4067684
RANCH,19930203,28.7401,29.2503,27.8898,29.2503,9086211
RANCH,19930202,26.5293,28.4000,26.3593,28.4000,13701056
RANCH,19930201,25.5090,27.2096,24.1485,27.2096,8280906