TWZ,20051118,0.396,0.408,0.324,0.324,1452889000
TWZ,20051121,0.33,0.334,0.306,0.314,226801000
TWZ,20051122,0.316,0.322,0.308,0.312,270000
TWZ,20051123,0.314,0.322,0.288,0.292,5530000
TWZ,20051124,0.294,0.306,0.29,0.304,430000
TWZ,20051125,0.304,0.316,0.304,0.308,3195000
TWZ,20051128,0.31,0.316,0.298,0.306,1810000
TWZ,20051129,0.31,0.314,0.294,0.296,308000
TWZ,20051130,0.298,0.306,0.294,0.296,538000
TWZ,20051201,0.298,0.306,0.288,0.292,191184000
TWZ,20051202,0.296,0.296,0.28,0.28,1477000
TWZ,20051206,0.282,0.296,0.282,0.29,531000
TWZ,20051207,0.292,0.296,0.284,0.292,79868000
TWZ,20051208,0.292,0.308,0.29,0.3,1661000
TWZ,20051209,0.302,0.304,0.298,0.298,70530000
TWZ,20051213,0.3,0.306,0.298,0.3,42168000
TWZ,20051214,0.3,0.332,0.3,0.326,708406000
TWZ,20051215,0.328,0.338,0.32,0.334,482000
TWZ,20051216,0.338,0.356,0.338,0.354,460894000
TWZ,20051219,0.36,0.386,0.36,0.37,3697000
TWZ,20051220,0.374,0.394,0.352,0.358,668295000
TWZ,20051221,0.36,0.364,0.354,0.354,1805000
TWZ,20051222,0.354,0.376,0.354,0.364,353784000
TWZ,20051223,0.368,0.374,0.364,0.37,286488000
TWZ,20051226,0.372,0.38,0.37,0.37,1172000
TWZ,20051227,0.372,0.376,0.368,0.37,117520000
TWZ,20051228,0.372,0.39,0.372,0.382,501492000
TWZ,20051229,0.384,0.392,0.382,0.384,358231000
TWZ,20051230,0.39,0.394,0.382,0.386,256065000
TWZ,20060103,0.388,0.4,0.388,0.398,null
TWZ,20060104,0.402,0.406,0.396,0.398,null
TWZ,20060105,0.4,0.4,0.386,0.39,null
TWZ,20060106,0.392,0.408,0.39,0.396,7411000
TWZ,20060109,0.398,0.402,0.392,0.392,null
TWZ,20060110,0.396,0.396,0.386,0.39,null
TWZ,20060111,0.394,0.404,0.392,0.404,814000
TWZ,20060112,0.408,0.42,0.406,0.418,930000
TWZ,20060113,0.422,0.43,0.418,0.428,3886000
TWZ,20060116,0.428,0.446,0.428,0.436,1293000
TWZ,20060117,0.442,0.442,0.418,0.42,null
TWZ,20060118,0.424,0.44,0.42,0.422,8130000
TWZ,20060119,0.428,0.494,0.426,0.462,7485000
TWZ,20060120,0.47,0.47,0.446,0.454,null
TWZ,20060123,0.442,0.456,0.442,0.444,null
TWZ,20060124,0.452,0.48,0.45,0.456,null
TWZ,20060125,0.46,0.466,0.458,0.462,null
TWZ,20060126,0.466,0.468,0.46,0.464,null
TWZ,20060127,0.466,0.484,0.444,0.444,1710000
TWZ,20060130,0.446,0.45,0.426,0.442,null
TWZ,20060131,0.448,0.448,0.438,0.442,915000
TWZ,20060201,0.438,0.448,0.414,0.414,null
TWZ,20060202,0.42,0.428,0.414,0.42,null
TWZ,20060203,0.416,0.43,0.416,0.43,null
TWZ,20060206,0.434,0.45,0.43,0.448,null
TWZ,20060207,0.454,0.47,0.454,0.47,null
TWZ,20060208,0.472,0.48,0.472,0.472,null
TWZ,20060209,0.476,0.482,0.472,0.472,1401000
TWZ,20060210,0.472,0.476,0.468,0.476,null
TWZ,20060214,0.478,0.478,0.466,0.466,5205000
TWZ,20060215,0.466,0.48,0.464,0.474,2329000
TWZ,20060216,0.474,0.49,0.47,0.482,91000
TWZ,20060217,0.484,0.49,0.476,0.476,526000
TWZ,20060220,0.476,0.48,0.472,0.478,null
TWZ,20060221,0.478,0.48,0.476,0.48,532000
TWZ,20060222,0.48,0.482,0.48,0.482,131000
TWZ,20060223,0.48,0.496,0.48,0.484,249000
TWZ,20060224,0.486,0.49,0.484,0.484,459000
TWZ,20060227,0.49,0.49,0.484,0.484,1749000
TWZ,20060228,0.482,0.49,0.482,0.486,null
TWZ,20060301,0.484,0.488,0.484,0.488,40000
TWZ,20060302,0.488,0.49,0.484,0.484,null
TWZ,20060303,0.484,0.486,0.476,0.486,2652000
TWZ,20060306,0.482,0.482,0.478,0.48,null
TWZ,20060307,0.48,0.486,0.48,0.484,4768000
TWZ,20060308,0.48,0.484,0.478,0.484,1660000
TWZ,20060309,0.484,0.488,0.48,0.486,416000
TWZ,20060310,0.484,0.5,0.484,0.5,null
TWZ,20060313,0.5,0.515,0.49,0.498,714000
TWZ,20060314,0.496,0.498,0.496,0.498,null
TWZ,20060315,0.498,0.498,0.49,0.494,null
TWZ,20060316,0.496,0.498,0.49,0.496,225000
TWZ,20060317,0.494,0.496,0.49,0.496,679000
TWZ,20060320,0.49,0.496,0.48,0.496,416000
TWZ,20060321,0.496,0.545,0.496,0.505,511000
TWZ,20060322,0.505,0.51,0.498,0.498,null
TWZ,20060323,0.5,0.515,0.5,0.505,null
TWZ,20060324,0.51,0.53,0.51,0.51,null
TWZ,20060327,0.52,0.54,0.515,0.525,1089000
TWZ,20060328,0.525,0.525,0.515,0.525,2960000
TWZ,20060329,0.54,0.67,0.535,0.6,null
TWZ,20060330,0.59,0.61,0.57,0.58,4912000
TWZ,20060331,0.585,0.585,0.56,0.57,2554000
TWZ,20060403,0.57,0.58,0.56,0.575,null
TWZ,20060404,0.58,0.58,0.545,0.545,1710000
TWZ,20060405,0.56,0.59,0.56,0.57,3278000
TWZ,20060407,0.575,0.605,0.575,0.6,null
TWZ,20060410,0.6,0.625,0.6,0.625,433000
TWZ,20060411,0.63,0.73,0.63,0.675,267000
TWZ,20060412,0.685,0.715,0.685,0.705,null
TWZ,20060417,0.715,0.735,0.71,0.735,null
TWZ,20060418,0.74,0.79,0.735,0.785,null
TWZ,20060420,0.8,0.88,0.795,0.88,null
TWZ,20060421,0.91,1,0.87,0.875,null
TWZ,20060424,0.9,0.925,0.895,0.9,1866000
TWZ,20060425,0.91,0.93,0.905,0.92,null
TWZ,20060426,0.94,0.95,0.925,0.925,null
TWZ,20060427,0.935,0.95,0.91,0.94,null
TWZ,20060428,0.94,0.945,0.925,0.925,null
TWZ,20060502,0.94,0.95,0.935,0.94,null
TWZ,20060503,0.95,0.965,0.94,0.945,null
TWZ,20060504,0.955,0.97,0.95,0.96,1867000
TWZ,20060508,0.98,1,0.975,0.98,2839000
TWZ,20060509,0.99,1,0.96,0.97,2700000
TWZ,20060510,0.975,0.98,0.955,0.96,null
TWZ,20060511,0.97,0.97,0.945,0.95,null
TWZ,20060515,0.94,0.965,0.935,0.94,773000
TWZ,20060516,0.95,1.12,0.95,1.12,1422000
TWZ,20060517,1.14,1.16,1.09,1.14,null
TWZ,20060518,1.11,1.14,1.07,1.12,1087000
TWZ,20060519,1.14,1.17,1.12,1.13,607000
TWZ,20060522,1.14,1.15,1.03,1.03,null
TWZ,20060523,1.05,1.1,1.04,1.08,null
TWZ,20060524,1.08,1.11,1.07,1.08,260000
TWZ,20060525,1.09,1.09,1.06,1.07,4529000
TWZ,20060526,1.08,1.19,1.07,1.19,null
TWZ,20060529,1.2,1.2,1.17,1.18,1167000
TWZ,20060530,1.18,1.19,1.16,1.18,1648000
TWZ,20060531,1.2,1.25,1.12,1.13,2655000
TWZ,20060601,1.15,1.18,1.15,1.16,269000
TWZ,20060602,1.17,1.17,1.14,1.16,null
TWZ,20060605,1.17,1.18,1.15,1.15,1002000
TWZ,20060606,1.15,1.15,1.13,1.15,null
TWZ,20060607,1.14,1.15,1.12,1.12,1347000
TWZ,20060608,1.11,1.13,1.1,1.13,2875000
TWZ,20060609,1.14,1.16,1.13,1.13,1330000
TWZ,20060614,1.13,1.13,1.11,1.12,1007000
TWZ,20060615,1.13,1.14,1.12,1.13,1790000
TWZ,20060616,1.14,1.14,1.11,1.13,1949000
TWZ,20060619,1.12,1.13,1.11,1.11,1033000
TWZ,20060620,1.11,1.11,1.08,1.08,18000
TWZ,20060621,1.09,1.14,1.09,1.1,null
TWZ,20060622,1.12,1.15,1.11,1.12,742000
TWZ,20060623,1.12,1.14,1.12,1.12,338000
TWZ,20060626,1.12,1.12,1.09,1.09,532000
TWZ,20060627,1.09,1.14,1.08,1.09,267000
TWZ,20060628,1.1,1.13,1.07,1.07,71000
TWZ,20060629,1.09,1.11,1.05,1.05,1453000
TWZ,20060630,1.07,1.1,1.07,1.1,null
TWZ,20060703,1.11,1.11,1.07,1.11,1772000
TWZ,20060704,1.11,1.17,1.1,1.15,null
TWZ,20060705,1.15,1.17,1.13,1.13,1847000
TWZ,20060706,1.13,1.15,1.13,1.14,null
TWZ,20060707,1.13,1.14,1.13,1.14,348000
TWZ,20060710,1.14,1.14,1.12,1.13,72000
TWZ,20060712,1.14,1.16,1.05,1.07,118000
TWZ,20060713,1.07,1.08,1.04,1.05,413000
TWZ,20060714,1.05,1.05,1.04,1.05,1629000
TWZ,20060717,1.04,1.08,1.04,1.08,null
TWZ,20060718,1.08,1.08,1.05,1.06,2180000
TWZ,20060719,1.07,1.07,1.06,1.07,880000
TWZ,20060720,1.08,1.08,1.06,1.06,629000
TWZ,20060721,1.06,1.07,1.06,1.07,413000
TWZ,20060724,1.07,1.08,1.06,1.07,278000
TWZ,20060725,1.07,1.08,1.06,1.07,null
TWZ,20060726,1.07,1.1,1.07,1.1,436000
TWZ,20060727,1.1,1.12,1.1,1.11,null
TWZ,20060728,1.11,1.12,1.09,1.1,564000
TWZ,20060731,1.1,1.11,1.09,1.1,147000
TWZ,20060801,1.1,1.1,1.08,1.1,229000
TWZ,20060802,1.1,1.1,1.09,1.1,1200000
TWZ,20060803,1.09,1.12,1.09,1.11,943000
TWZ,20060804,1.11,1.11,1.1,1.11,4308000
TWZ,20060807,1.09,1.09,1.08,1.09,3926000
TWZ,20060808,1.09,1.09,1.08,1.09,null
TWZ,20060809,1.09,1.1,1.09,1.1,null
TWZ,20060810,1.1,1.1,1.09,1.1,null
TWZ,20060811,1.1,1.12,1.09,1.12,3425000
TWZ,20060815,1.12,1.16,1.12,1.13,null
TWZ,20060816,1.14,1.14,1.1,1.1,null
TWZ,20060817,1.11,1.13,1.05,1.05,null
TWZ,20060818,1.05,1.07,1.05,1.06,1374000
TWZ,20060821,1.06,1.06,1.04,1.04,null
TWZ,20060822,1.04,1.06,1.04,1.06,null
TWZ,20060823,1.06,1.06,1.04,1.04,1113000
TWZ,20060824,1.04,1.05,1.04,1.05,406000
TWZ,20060825,1.05,1.06,1.04,1.04,218000
TWZ,20060828,1.05,1.05,1.04,1.05,361000
TWZ,20060829,1.05,1.06,1.04,1.04,null
TWZ,20060830,1.04,1.05,1.04,1.05,580000
TWZ,20060831,1.05,1.06,1.04,1.04,null
TWZ,20060901,1.05,1.06,1.05,1.05,2099000
TWZ,20060904,1.05,1.06,1.05,1.06,1101000
TWZ,20060905,1.06,1.08,1.04,1.05,265000
TWZ,20060906,1.05,1.06,1.02,1.05,138000
TWZ,20060907,1.05,1.06,1.05,1.06,394000
TWZ,20060908,1.06,1.06,1.04,1.06,53000
TWZ,20060911,1.06,1.06,1.04,1.05,178000
TWZ,20060912,1.05,1.06,1.05,1.06,138000
TWZ,20060913,1.06,1.06,1.05,1.06,730000
TWZ,20060914,1.05,1.06,1.05,1.06,394000
TWZ,20060915,1.06,1.06,1.05,1.06,290000
TWZ,20060918,1.04,1.06,1.04,1.04,72000
TWZ,20060919,1.06,1.06,1.05,1.05,292000
TWZ,20060921,0.99,1.03,0.99,1.02,null
TWZ,20060922,1.02,1.03,1,1,1424000
TWZ,20060925,1.02,1.02,1,1.02,281000
TWZ,20060926,1.02,1.05,1,1.03,8014000
TWZ,20060927,1.02,1.05,1.02,1.05,null
TWZ,20060928,1.04,1.05,1.04,1.05,213000
TWZ,20060929,1.05,1.05,1.04,1.05,39000
TWZ,20061002,1.05,1.1,1.04,1.1,null
TWZ,20061003,1.12,1.15,1.12,1.13,965000
TWZ,20061004,1.15,1.2,1.15,1.2,101000
TWZ,20061005,1.22,1.3,1.22,1.3,103000
TWZ,20061006,1.34,1.44,1.33,1.44,712000
TWZ,20061009,1.48,1.48,1.43,1.43,120000
TWZ,20061010,1.44,1.5,1.44,1.49,230000
TWZ,20061011,1.51,1.52,1.47,1.47,1028000
TWZ,20061012,1.5,1.51,1.48,1.49,1717000
TWZ,20061013,1.5,1.6,1.5,1.56,null
TWZ,20061016,1.59,1.59,1.55,1.56,null
TWZ,20061017,1.56,1.57,1.53,1.54,704000
TWZ,20061018,1.54,1.55,1.54,1.55,374000
TWZ,20061019,1.54,1.56,1.53,1.53,2249000
TWZ,20061020,1.54,1.54,1.51,1.54,322000
TWZ,20061024,1.54,1.54,1.53,1.54,null
TWZ,20061025,1.54,1.54,1.54,1.54,1289000
TWZ,20061026,1.54,1.57,1.53,1.57,null
TWZ,20061027,1.59,1.63,1.57,1.59,42000
TWZ,20061030,1.6,1.6,1.58,1.6,539000
TWZ,20061031,1.6,1.61,1.59,1.59,192000
TWZ,20061101,1.6,1.62,1.59,1.62,557000
TWZ,20061102,1.62,1.63,1.61,1.63,null
TWZ,20061103,1.62,1.65,1.62,1.64,null
TWZ,20061106,1.65,1.68,1.64,1.64,1621000
TWZ,20061107,1.65,1.7,1.65,1.68,null
TWZ,20061108,1.7,1.72,1.64,1.64,null
TWZ,20061109,1.66,1.67,1.63,1.65,null
TWZ,20061110,1.65,1.67,1.65,1.67,null
TWZ,20061113,1.66,1.68,1.63,1.64,503000
TWZ,20061114,1.64,1.66,1.64,1.64,672000
TWZ,20061115,1.64,1.67,1.63,1.67,3271000
TWZ,20061116,1.67,1.67,1.64,1.67,293000
TWZ,20061117,1.66,1.66,1.64,1.64,261000
TWZ,20061120,1.64,1.64,1.6,1.63,665000
TWZ,20061121,1.62,1.65,1.62,1.64,null
TWZ,20061122,1.65,1.65,1.64,1.65,1978000
TWZ,20061123,1.65,1.65,1.64,1.65,null
TWZ,20061124,1.65,1.65,1.64,1.64,934000
TWZ,20061127,1.63,1.64,1.61,1.64,519000
TWZ,20061128,1.64,1.64,1.61,1.61,794000
TWZ,20061129,1.61,1.64,1.6,1.63,501000
TWZ,20061130,1.64,1.66,1.6,1.66,null
TWZ,20061201,1.67,1.73,1.67,1.72,111000
TWZ,20061204,1.72,1.75,1.7,1.7,243000
TWZ,20061206,1.7,1.74,1.7,1.73,96000
TWZ,20061207,1.72,1.73,1.69,1.71,71000
TWZ,20061208,1.7,1.71,1.7,1.7,191000
TWZ,20061212,1.7,1.73,1.7,1.72,null
TWZ,20061213,1.72,1.73,1.71,1.73,541000
TWZ,20061214,1.73,1.73,1.7,1.73,115000
TWZ,20061215,1.73,1.73,1.71,1.73,169000
TWZ,20061218,1.73,1.73,1.71,1.72,791000
TWZ,20061219,1.68,1.7,1.63,1.7,5666000
TWZ,20061220,1.7,1.75,1.7,1.74,null
TWZ,20061221,1.74,1.74,1.73,1.73,856000
TWZ,20061222,1.73,1.77,1.72,1.75,350000
TWZ,20061225,1.75,1.76,1.73,1.76,null
TWZ,20061226,1.76,1.77,1.76,1.77,198000
TWZ,20061227,1.77,1.8,1.75,1.8,14009000
TWZ,20061228,1.8,1.82,1.78,1.78,4351000
TWZ,20061229,1.78,1.78,1.76,1.78,5413000
TWZ,20070103,1.75,1.76,1.72,1.72,3453000
TWZ,20070104,1.73,1.73,1.68,1.71,3592000
TWZ,20070105,1.7,1.7,1.65,1.66,1945000
TWZ,20070108,1.68,1.7,1.67,1.7,949000
TWZ,20070109,1.68,1.69,1.67,1.67,2051000
TWZ,20070110,1.67,1.68,1.67,1.68,1190000
TWZ,20070111,1.68,1.7,1.64,1.64,4807000
TWZ,20070112,1.65,1.66,1.63,1.66,2742000
TWZ,20070115,1.67,1.69,1.66,1.68,1144000
TWZ,20070116,1.68,1.7,1.68,1.7,2781000
TWZ,20070117,1.7,1.72,1.69,1.7,2886000
TWZ,20070118,1.7,1.7,1.68,1.68,1162000
TWZ,20070119,1.68,1.68,1.68,1.68,533000
TWZ,20070122,1.67,1.7,1.67,1.69,2214000
TWZ,20070123,1.68,1.77,1.68,1.75,6725000
TWZ,20070124,1.77,1.78,1.7,1.7,7525000
TWZ,20070125,1.73,1.73,1.7,1.7,2504000
TWZ,20070126,1.71,1.71,1.7,1.71,996000
TWZ,20070129,1.71,1.76,1.69,1.7,6650000
TWZ,20070130,1.7,1.71,1.69,1.7,466000
TWZ,20070131,1.7,1.7,1.69,1.69,810000
TWZ,20070201,1.7,1.73,1.68,1.69,1669000
TWZ,20070202,1.69,1.7,1.68,1.7,1459000
TWZ,20070205,1.7,1.7,1.69,1.69,355000
TWZ,20070206,1.7,1.7,1.69,1.7,221000
TWZ,20070207,1.69,1.69,1.67,1.67,397000
TWZ,20070208,1.68,1.69,1.67,1.67,788000
TWZ,20070209,1.68,1.72,1.68,1.69,3131000
TWZ,20070212,1.69,1.69,1.68,1.68,258000
TWZ,20070213,1.68,1.69,1.68,1.69,1579000
TWZ,20070214,1.69,1.69,1.68,1.69,950000
TWZ,20070215,1.68,1.69,1.68,1.68,1274000
TWZ,20070216,1.69,1.69,1.66,1.66,2025000
TWZ,20070219,1.66,1.69,1.66,1.69,4690000
TWZ,20070220,1.69,1.71,1.69,1.71,3131000
TWZ,20070221,1.7,1.71,1.69,1.7,1405000
TWZ,20070222,1.7,1.7,1.68,1.68,2913000
TWZ,20070223,1.68,1.69,1.67,1.69,1235000
TWZ,20070226,1.69,1.72,1.67,1.72,2355000
TWZ,20070227,1.71,1.72,1.69,1.72,2999000
TWZ,20070228,1.67,1.7,1.67,1.7,540000
TWZ,20070301,1.7,1.7,1.69,1.7,1234000
TWZ,20070302,1.69,1.7,1.68,1.69,1013000
TWZ,20070306,1.7,1.7,1.68,1.7,970000
TWZ,20070307,1.69,1.7,1.67,1.68,1675000
TWZ,20070308,1.69,1.69,1.68,1.69,465000
TWZ,20070309,1.68,1.69,1.68,1.69,1090000
TWZ,20070312,1.69,1.7,1.68,1.68,2034000
TWZ,20070313,1.66,1.7,1.65,1.7,1783000
TWZ,20070314,1.7,1.7,1.68,1.7,630000
TWZ,20070315,1.7,1.7,1.69,1.7,360000
TWZ,20070316,1.7,1.7,1.68,1.68,181000
TWZ,20070319,1.7,1.7,1.68,1.69,256000
TWZ,20070320,1.68,1.69,1.68,1.69,252000
TWZ,20070321,1.68,1.69,1.68,1.69,1120000
TWZ,20070322,1.68,1.69,1.68,1.69,530000
TWZ,20070323,1.67,1.68,1.67,1.68,448000
TWZ,20070326,1.68,1.69,1.67,1.69,820000
TWZ,20070327,1.67,1.68,1.67,1.68,240000
TWZ,20070328,1.68,1.69,1.65,1.66,605000
TWZ,20070329,1.67,1.67,1.64,1.66,1485000
TWZ,20070330,1.65,1.66,1.65,1.66,25000
TWZ,20070402,1.66,1.67,1.66,1.67,149000
TWZ,20070403,1.66,1.67,1.66,1.67,535000
TWZ,20070404,1.66,1.68,1.65,1.68,1460000
TWZ,20070405,1.67,1.71,1.67,1.71,10331000
TWZ,20070409,1.71,1.81,1.71,1.81,15955000
TWZ,20070410,1.85,1.93,1.81,1.9,33792000
TWZ,20070411,1.9,1.95,1.89,1.89,14867000
TWZ,20070412,1.89,1.9,1.86,1.89,2888000
TWZ,20070417,1.89,1.89,1.85,1.85,924000
TWZ,20070418,1.85,1.9,1.83,1.9,3878000
TWZ,20070419,1.89,1.89,1.86,1.88,4173000
TWZ,20070420,1.88,1.88,1.86,1.87,1460000
TWZ,20070423,1.86,1.86,1.84,1.85,1620000
TWZ,20070424,1.85,1.85,1.82,1.85,590000
TWZ,20070425,1.85,1.85,1.84,1.85,635000
TWZ,20070426,1.85,1.85,1.84,1.84,154000
TWZ,20070427,1.84,1.85,1.84,1.85,280000
TWZ,20070430,1.84,1.84,1.81,1.82,527000
TWZ,20070502,1.82,1.84,1.82,1.82,730000
TWZ,20070503,1.82,1.83,1.81,1.82,2417000
TWZ,20070504,1.82,1.83,1.8,1.81,969000
TWZ,20070508,1.81,1.81,1.78,1.8,1627000
TWZ,20070509,1.8,1.8,1.78,1.8,580000
TWZ,20070510,1.79,1.79,1.74,1.75,1668000
TWZ,20070511,1.75,1.75,1.73,1.75,1768000
TWZ,20070514,1.75,1.75,1.72,1.73,1213000
TWZ,20070515,1.7,1.82,1.7,1.82,4538000
TWZ,20070516,1.81,1.83,1.8,1.81,2662000
TWZ,20070517,1.81,1.82,1.78,1.82,2979000
TWZ,20070518,1.79,1.79,1.7,1.73,5306000
TWZ,20070521,1.71,1.75,1.69,1.7,1096000
TWZ,20070522,1.71,1.72,1.71,1.71,673000
TWZ,20070523,1.71,1.72,1.69,1.7,956000
TWZ,20070524,1.69,1.7,1.67,1.7,388000
TWZ,20070525,1.68,1.7,1.67,1.69,310000
TWZ,20070528,1.67,1.71,1.67,1.7,667000
TWZ,20070529,1.7,1.72,1.69,1.69,460000
TWZ,20070530,1.68,1.69,1.67,1.68,811000
TWZ,20070601,1.69,1.7,1.66,1.7,1917000
TWZ,20070604,1.69,1.7,1.67,1.67,565000
TWZ,20070605,1.67,1.69,1.67,1.68,322000
TWZ,20070606,1.67,1.68,1.65,1.67,1444000
TWZ,20070607,1.66,1.66,1.64,1.65,1695000
TWZ,20070608,1.65,1.65,1.64,1.65,252000
TWZ,20070611,1.66,1.67,1.64,1.67,269000
TWZ,20070612,1.65,1.65,1.64,1.65,260000
TWZ,20070613,1.65,1.65,1.63,1.64,90000
TWZ,20070614,1.64,1.65,1.6,1.6,649000
TWZ,20070615,1.6,1.63,1.6,1.63,815000
TWZ,20070618,1.63,1.71,1.63,1.7,6244000
TWZ,20070619,1.7,1.74,1.66,1.67,5738000
TWZ,20070620,1.67,1.67,1.63,1.66,2936000
TWZ,20070621,1.66,1.68,1.66,1.68,718000
TWZ,20070622,1.67,1.69,1.65,1.66,2185000
TWZ,20070625,1.67,1.67,1.64,1.67,1304000
TWZ,20070626,1.67,1.68,1.65,1.68,2073000
TWZ,20070627,1.68,1.69,1.67,1.68,430000
TWZ,20070628,1.68,1.68,1.63,1.64,3192000
TWZ,20070629,1.64,1.65,1.62,1.65,2245000
TWZ,20070702,1.65,1.65,1.63,1.65,654000
TWZ,20070703,1.66,1.66,1.65,1.66,1773000
TWZ,20070704,1.66,1.66,1.62,1.64,1867000
TWZ,20070705,1.63,1.65,1.58,1.6,6923000
TWZ,20070706,1.59,1.62,1.57,1.6,6606000
TWZ,20070709,1.59,1.59,1.54,1.56,12749000
TWZ,20070710,1.59,1.6,1.55,1.55,12385000
TWZ,20070711,1.57,1.59,1.5,1.5,11044000
TWZ,20070712,1.51,1.52,1.48,1.51,2818000
TWZ,20070713,1.52,1.52,1.49,1.5,4960000
TWZ,20070716,1.5,1.5,1.49,1.5,1142000
TWZ,20070717,1.5,1.5,1.49,1.5,657000
TWZ,20070718,1.5,1.5,1.49,1.5,1274000
TWZ,20070719,1.5,1.5,1.48,1.5,531000
TWZ,20070720,1.5,1.5,1.49,1.5,1275000
TWZ,20070723,1.5,1.56,1.49,1.54,5552000
TWZ,20070724,1.58,1.65,1.58,1.64,12199000
TWZ,20070725,1.65,1.69,1.6,1.6,12609000
TWZ,20070726,1.63,1.64,1.6,1.6,1845000
TWZ,20070727,1.6,1.6,1.57,1.59,1529000
TWZ,20070731,1.6,1.63,1.6,1.63,3948000
TWZ,20070801,1.63,1.63,1.59,1.59,2184000
TWZ,20070802,1.6,1.64,1.6,1.62,3540000
TWZ,20070803,1.62,1.62,1.6,1.6,318000
TWZ,20070806,1.61,1.61,1.59,1.59,1615000
TWZ,20070807,1.59,1.59,1.59,1.59,495000
TWZ,20070808,1.59,1.63,1.58,1.58,4860000
TWZ,20070809,1.59,1.6,1.58,1.59,1505000
TWZ,20070810,1.56,1.58,1.56,1.58,37000
TWZ,20070814,1.58,1.6,1.58,1.58,180000
TWZ,20070815,1.6,1.6,1.55,1.55,1001000
TWZ,20070816,1.54,1.56,1.52,1.54,2647000
TWZ,20070817,1.53,1.53,1.5,1.52,2039000
TWZ,20070820,1.53,1.53,1.52,1.52,1455000
TWZ,20070821,1.52,1.53,1.51,1.51,1066000
TWZ,20070822,1.51,1.52,1.46,1.47,23647000
TWZ,20070823,1.47,1.5,1.44,1.47,9962000
TWZ,20070824,1.48,1.49,1.44,1.46,10451000
TWZ,20070827,1.46,1.47,1.44,1.46,12748000
TWZ,20070828,1.44,1.44,1.41,1.44,3879000
TWZ,20070829,1.43,1.43,1.39,1.42,14829000
TWZ,20070830,1.4,1.41,1.31,1.31,31765000
TWZ,20070831,1.36,1.36,1.3,1.3,8330000
TWZ,20070903,1.31,1.32,1.27,1.31,12784000
TWZ,20070904,1.3,1.31,1.29,1.31,4581000
TWZ,20070905,1.34,1.34,1.3,1.3,9020000
TWZ,20070906,1.31,1.34,1.31,1.32,2172000
TWZ,20070907,1.33,1.33,1.3,1.32,727000
TWZ,20070910,1.31,1.33,1.3,1.3,2017000
TWZ,20070911,1.3,1.32,1.3,1.31,835000
TWZ,20070912,1.31,1.32,1.3,1.3,1146000
TWZ,20070913,1.3,1.3,1.3,1.3,232000
TWZ,20070914,1.3,1.3,1.29,1.3,404000
TWZ,20070917,1.3,1.3,1.29,1.29,259000
TWZ,20070918,1.3,1.32,1.29,1.29,1431000
TWZ,20070919,1.3,1.3,1.28,1.28,775000
TWZ,20070920,1.28,1.28,1.26,1.27,3268000
TWZ,20070921,1.27,1.27,1.25,1.27,1692000
TWZ,20070924,1.27,1.27,1.25,1.27,695000
TWZ,20070925,1.26,1.26,1.25,1.26,698000
TWZ,20070926,1.26,1.27,1.26,1.26,409000
TWZ,20070927,1.26,1.26,1.25,1.25,482000
TWZ,20070928,1.26,1.35,1.26,1.35,4265000
TWZ,20071001,1.36,1.4,1.36,1.38,13813000
TWZ,20071002,1.39,1.41,1.36,1.36,10909000
TWZ,20071003,1.38,1.4,1.36,1.37,4267000
TWZ,20071004,1.37,1.4,1.35,1.37,10938000
TWZ,20071005,1.37,1.39,1.35,1.37,6331000
TWZ,20071008,1.38,1.38,1.36,1.38,4685000
TWZ,20071009,1.38,1.38,1.35,1.35,8054000
TWZ,20071010,1.37,1.41,1.36,1.38,21392000
TWZ,20071011,1.38,1.43,1.38,1.38,18954000
TWZ,20071012,1.4,1.47,1.38,1.46,23218000
TWZ,20071015,1.48,1.5,1.46,1.48,16309000
TWZ,20071016,1.49,1.5,1.45,1.46,10949000
TWZ,20071017,1.46,1.51,1.45,1.5,11846000
TWZ,20071018,1.52,1.58,1.51,1.52,29738000
TWZ,20071019,1.52,1.54,1.5,1.51,17633000
TWZ,20071022,1.5,1.54,1.5,1.53,5770000
TWZ,20071024,1.53,1.65,1.53,1.6,34672000
TWZ,20071025,1.62,1.64,1.59,1.59,12007000
TWZ,20071026,1.59,1.64,1.59,1.61,13082000
TWZ,20071029,1.62,1.62,1.54,1.55,7533000
TWZ,20071030,1.54,1.59,1.53,1.54,10401000
TWZ,20071031,1.55,1.57,1.52,1.53,2581000
TWZ,20071101,1.53,1.57,1.53,1.55,5564000
TWZ,20071102,1.54,1.56,1.54,1.56,914000
TWZ,20071105,1.57,1.6,1.51,1.51,5256000
TWZ,20071106,1.5,1.53,1.48,1.52,1690000
TWZ,20071107,1.52,1.52,1.5,1.52,870000
TWZ,20071108,1.52,1.52,1.5,1.51,575000
TWZ,20071109,1.5,1.53,1.5,1.53,4051000
TWZ,20071112,1.52,1.53,1.48,1.48,2646000
TWZ,20071113,1.49,1.51,1.49,1.5,414000
TWZ,20071114,1.5,1.51,1.45,1.45,2173000
TWZ,20071115,1.47,1.47,1.39,1.39,2137000
TWZ,20071116,1.45,1.47,1.43,1.46,1771000
TWZ,20071119,1.44,1.44,1.43,1.43,272000
TWZ,20071120,1.43,1.45,1.4,1.45,335000
TWZ,20071121,1.44,1.46,1.44,1.45,256000
TWZ,20071122,1.45,1.46,1.43,1.46,90000
TWZ,20071123,1.46,1.49,1.45,1.48,570000
TWZ,20071126,1.51,1.51,1.5,1.51,145000
TWZ,20071127,1.5,1.53,1.46,1.46,1050000
TWZ,20071128,1.48,1.5,1.47,1.47,49000
TWZ,20071129,1.5,1.5,1.47,1.5,265000
TWZ,20071130,1.51,1.52,1.49,1.5,245000
TWZ,20071203,1.51,1.52,1.47,1.47,300000
TWZ,20071204,1.49,1.49,1.43,1.46,816000
TWZ,20071206,1.45,1.47,1.42,1.45,447000
TWZ,20071207,1.44,1.44,1.41,1.44,1629000
TWZ,20071211,1.43,1.45,1.42,1.44,962000
TWZ,20071212,1.44,1.45,1.4,1.41,863000
TWZ,20071214,1.4,1.44,1.4,1.44,457000
TWZ,20071217,1.45,1.45,1.4,1.44,205000
TWZ,20071218,1.45,1.45,1.4,1.41,537000
TWZ,20071219,1.41,1.45,1.41,1.44,525000
TWZ,20071220,1.43,1.48,1.43,1.47,2850000
TWZ,20071221,1.47,1.51,1.43,1.43,2424000
TWZ,20071225,1.45,1.49,1.41,1.42,3635000
TWZ,20071226,1.43,1.46,1.4,1.4,6365000
TWZ,20071227,1.41,1.45,1.4,1.43,14524000
TWZ,20071228,1.43,1.48,1.39,1.42,23139000
TWZ,20080102,1.42,1.44,1.39,1.41,11936000
TWZ,20080103,1.4,1.42,1.37,1.39,8484000
TWZ,20080104,1.38,1.43,1.36,1.36,16406000
TWZ,20080107,1.36,1.39,1.36,1.39,1280000
TWZ,20080108,1.39,1.43,1.38,1.38,12312000
TWZ,20080109,1.39,1.42,1.37,1.37,4325000
TWZ,20080110,1.38,1.38,1.36,1.36,1109000
TWZ,20080111,1.37,1.37,1.35,1.37,802000
TWZ,20080114,1.37,1.39,1.35,1.36,1965000
TWZ,20080115,1.37,1.38,1.35,1.36,1257000
TWZ,20080116,1.35,1.37,1.3,1.3,4093000
TWZ,20080117,1.31,1.32,1.3,1.3,2935000
TWZ,20080118,1.31,1.32,1.3,1.31,2360000
TWZ,20080121,1.31,1.33,1.28,1.28,1381000
TWZ,20080122,1.3,1.3,1.27,1.27,321000
TWZ,20080123,1.28,1.29,1.26,1.27,584000
TWZ,20080124,1.28,1.29,1.25,1.25,558000
TWZ,20080125,1.27,1.31,1.27,1.31,1360000
TWZ,20080128,1.31,1.35,1.31,1.32,1012000
TWZ,20080129,1.33,1.35,1.33,1.35,603000
TWZ,20080130,1.35,1.4,1.35,1.38,2664000
TWZ,20080131,1.39,1.4,1.39,1.39,301000
TWZ,20080201,1.38,1.4,1.31,1.35,4181000
TWZ,20080204,1.36,1.38,1.35,1.36,908000
TWZ,20080205,1.37,1.37,1.34,1.36,563000
TWZ,20080206,1.35,1.36,1.32,1.34,582000
TWZ,20080207,1.34,1.34,1.31,1.34,260000
TWZ,20080208,1.34,1.35,1.32,1.33,375000
TWZ,20080211,1.34,1.35,1.33,1.35,245000
TWZ,20080212,1.35,1.36,1.34,1.36,233000
TWZ,20080213,1.36,1.37,1.34,1.35,555000
TWZ,20080214,1.35,1.36,1.32,1.34,2072000
TWZ,20080215,1.34,1.34,1.3,1.31,1647000
TWZ,20080218,1.31,1.31,1.28,1.3,904000
TWZ,20080219,1.3,1.3,1.28,1.3,501000
TWZ,20080220,1.29,1.3,1.29,1.3,121000
TWZ,20080222,1.3,1.3,1.29,1.3,45000
TWZ,20080225,1.3,1.3,1.29,1.3,40000
TWZ,20080226,1.3,1.3,1.27,1.27,574000
TWZ,20080227,1.28,1.28,1.26,1.26,316000
TWZ,20080228,1.27,1.27,1.25,1.25,454000
TWZ,20080229,1.25,1.25,1.24,1.25,439000
TWZ,20080303,1.25,1.26,1.23,1.23,720000
TWZ,20080304,1.23,1.25,1.2,1.2,2211000
TWZ,20080305,1.21,1.22,1.19,1.2,1412000
TWZ,20080306,1.2,1.23,1.2,1.21,349000
TWZ,20080307,1.2,1.21,1.19,1.2,153000
TWZ,20080310,1.2,1.25,1.18,1.2,4896000
TWZ,20080311,1.22,1.24,1.19,1.2,2123000
TWZ,20080312,1.21,1.22,1.19,1.2,805000
TWZ,20080313,1.2,1.2,1.2,1.2,121000
TWZ,20080314,1.2,1.21,1.19,1.2,657000
TWZ,20080317,1.2,1.2,1.15,1.17,1315000
TWZ,20080318,1.19,1.2,1.19,1.2,78000
TWZ,20080319,1.2,1.2,1.17,1.17,299000
TWZ,20080320,1.18,1.2,1.17,1.18,228000
TWZ,20080321,1.18,1.19,1.17,1.18,742000
TWZ,20080324,1.18,1.18,1.17,1.18,414000
TWZ,20080325,1.18,1.18,1.16,1.16,1256000
TWZ,20080326,1.16,1.16,1.15,1.16,177000
TWZ,20080327,1.16,1.16,1.12,1.13,869000
TWZ,20080328,1.14,1.16,1.13,1.15,4312000
TWZ,20080331,1.15,1.15,1.13,1.13,573000
TWZ,20080401,1.14,1.14,1.13,1.14,74000
TWZ,20080402,1.12,1.12,1.12,1.12,105000
TWZ,20080403,1.13,1.13,1.11,1.12,95000
TWZ,20080404,1.12,1.12,1.11,1.12,60000
TWZ,20080408,1.12,1.12,1.1,1.1,1102000
TWZ,20080409,1.11,1.11,1.1,1.1,240000
TWZ,20080410,1.1,1.1,1.09,1.1,118000
TWZ,20080411,1.1,1.15,1.1,1.13,2327000
TWZ,20080416,1.14,1.16,1.14,1.14,2993000
TWZ,20080417,1.15,1.18,1.13,1.13,6093000
TWZ,20080418,1.14,1.16,1.12,1.13,4429000
TWZ,20080421,1.14,1.15,1.1,1.1,4325000
TWZ,20080422,1.11,1.11,1.09,1.09,1734000
TWZ,20080423,1.1,1.11,1.1,1.1,3652000
TWZ,20080424,1.11,1.14,1.1,1.1,11581000
TWZ,20080425,1.12,1.16,1.11,1.13,22349000
TWZ,20080428,1.15,1.38,1.15,1.3,131555000
TWZ,20080429,1.32,1.41,1.32,1.4,94213000
TWZ,20080430,1.42,1.44,1.35,1.36,73209000
TWZ,20080502,1.39,1.5,1.38,1.49,58416000
TWZ,20080506,1.5,1.53,1.49,1.51,23694000
TWZ,20080507,1.52,1.55,1.5,1.52,13296000
TWZ,20080508,1.52,1.6,1.52,1.6,34483000
TWZ,20080509,1.6,1.62,1.59,1.6,11724000
TWZ,20080512,1.61,1.64,1.59,1.6,11123000
TWZ,20080513,1.61,1.63,1.59,1.59,10714000
TWZ,20080514,1.61,1.63,1.59,1.61,12889000
TWZ,20080515,1.61,1.65,1.61,1.64,13928000
TWZ,20080516,1.66,1.68,1.56,1.56,34495000
TWZ,20080520,1.59,1.63,1.55,1.56,30163000
TWZ,20080521,1.57,1.6,1.56,1.57,8413000
TWZ,20080522,1.58,1.61,1.55,1.56,21556000
TWZ,20080523,1.57,1.58,1.54,1.54,4328000
TWZ,20080526,1.55,1.55,1.52,1.53,2545000
TWZ,20080527,1.53,1.53,1.5,1.5,1636000
TWZ,20080528,1.51,1.51,1.47,1.47,1182000
TWZ,20080529,1.47,1.49,1.44,1.46,1451000
TWZ,20080530,1.46,1.53,1.46,1.48,6918000
TWZ,20080602,1.49,1.49,1.47,1.47,1019000
TWZ,20080603,1.48,1.48,1.46,1.47,90000
TWZ,20080604,1.47,1.47,1.46,1.47,480000
TWZ,20080605,1.47,1.49,1.46,1.47,268000
TWZ,20080606,1.47,1.47,1.46,1.47,314000
TWZ,20080609,1.47,1.47,1.46,1.47,53000
TWZ,20080610,1.47,1.47,1.46,1.47,159000
TWZ,20080611,1.43,1.47,1.3,1.32,6859000
TWZ,20080612,1.33,1.36,1.33,1.35,830000
TWZ,20080613,1.36,1.38,1.35,1.36,1531000
TWZ,20080616,1.37,1.37,1.28,1.3,1133000
TWZ,20080617,1.31,1.31,1.29,1.3,403000
TWZ,20080618,1.3,1.3,1.24,1.25,2220000
TWZ,20080619,1.24,1.24,1.2,1.2,2737000
TWZ,20080620,1.2,1.21,1.2,1.21,3133000
TWZ,20080623,1.22,1.57,1.21,1.55,16210000
TWZ,20080624,1.59,1.67,1.54,1.54,28346000
TWZ,20080625,1.55,1.6,1.49,1.5,9317000
TWZ,20080626,1.5,1.58,1.48,1.5,5493000
TWZ,20080627,1.51,1.55,1.49,1.49,6991000
TWZ,20080630,1.51,1.52,1.48,1.49,1648000
TWZ,20080702,1.49,1.52,1.47,1.48,2576000
TWZ,20080703,1.5,1.51,1.46,1.5,3453000
TWZ,20080704,1.51,1.55,1.49,1.51,6732000
TWZ,20080707,1.53,1.53,1.46,1.49,1044800
TWZ,20080708,1.49,1.5,1.4,1.42,1256800
TWZ,20080709,1.42,1.5,1.42,1.42,5370600
TWZ,20080710,1.43,1.45,1.4,1.42,3039000
TWZ,20080711,1.43,1.44,1.35,1.36,2556400
TWZ,20080714,1.36,1.38,1.35,1.38,549600
TWZ,20080715,1.39,1.39,1.36,1.37,1190700
TWZ,20080716,1.37,1.37,1.33,1.34,1148200
TWZ,20080718,1.36,1.37,1.27,1.28,2194500
TWZ,20080721,1.3,1.3,1.28,1.3,132400
TWZ,20080722,1.31,1.31,1.28,1.28,670100
TWZ,20080723,1.3,1.35,1.29,1.35,494000
TWZ,20080724,1.32,1.36,1.32,1.33,221100
TWZ,20080725,1.34,1.34,1.3,1.3,121000
TWZ,20080728,1.31,1.34,1.27,1.27,334900
TWZ,20080729,1.3,1.3,1.25,1.27,315600
TWZ,20080730,1.29,1.29,1.23,1.26,402000
TWZ,20080731,1.27,1.28,1.25,1.28,84600
TWZ,20080801,1.26,1.3,1.24,1.29,388700
TWZ,20080804,1.3,1.44,1.29,1.44,7108700
TWZ,20080805,1.45,1.51,1.43,1.45,24686500
TWZ,20080806,1.45,1.55,1.41,1.41,18357600
TWZ,20080807,1.42,1.5,1.41,1.48,12431800
TWZ,20080808,1.49,1.49,1.46,1.46,1939700
TWZ,20080811,1.47,1.49,1.46,1.47,3126400
TWZ,20080813,1.47,1.47,1.45,1.46,1865300
TWZ,20080814,1.47,1.5,1.46,1.47,14370600
TWZ,20080815,1.47,1.48,1.46,1.46,2652300
TWZ,20080818,1.47,1.47,1.45,1.45,3831200
TWZ,20080819,1.45,1.47,1.44,1.45,3427700
TWZ,20080820,1.46,1.47,1.44,1.46,5655900
TWZ,20080821,1.47,1.5,1.45,1.47,9107400
TWZ,20080822,1.47,1.49,1.45,1.47,3555200
TWZ,20080825,1.48,1.48,1.46,1.47,3308600
TWZ,20080826,1.44,1.44,1.42,1.44,765500
TWZ,20080827,1.44,1.44,1.42,1.44,3917900
TWZ,20080828,1.44,1.44,1.43,1.44,2117400
TWZ,20080829,1.43,1.43,1.41,1.41,1320000
TWZ,20080901,1.41,1.44,1.41,1.41,856000
TWZ,20080902,1.41,1.42,1.4,1.41,370000
TWZ,20080903,1.41,1.42,1.39,1.41,1431000
TWZ,20080904,1.41,1.51,1.4,1.44,24043300
TWZ,20080905,1.43,1.44,1.37,1.4,4280700
TWZ,20080908,1.4,1.41,1.39,1.41,252400
TWZ,20080909,1.41,1.42,1.41,1.42,183500
TWZ,20080910,1.41,1.42,1.39,1.4,713700
TWZ,20080911,1.41,1.43,1.4,1.41,796800
TWZ,20080912,1.41,1.42,1.39,1.39,74900
TWZ,20080915,1.39,1.41,1.37,1.41,93300
TWZ,20080916,1.4,1.4,1.39,1.4,8200
TWZ,20080917,1.4,1.4,1.35,1.35,295700
TWZ,20080918,1.36,1.38,1.32,1.37,1125900
TWZ,20080919,1.37,1.39,1.36,1.37,1241100
TWZ,20080922,1.38,1.38,1.34,1.34,294200
TWZ,20080923,1.35,1.37,1.35,1.37,91300
TWZ,20080924,1.37,1.38,1.35,1.38,1453200
TWZ,20080925,1.38,1.38,1.35,1.36,280500
TWZ,20080926,1.36,1.36,1.31,1.36,242000
TWZ,20080929,1.36,1.36,1.34,1.36,228000
TWZ,20080930,1.34,1.35,1.33,1.35,30500
TWZ,20081001,1.36,1.37,1.35,1.37,1186500
TWZ,20081002,1.37,1.4,1.35,1.38,1472500
TWZ,20081003,1.37,1.4,1.36,1.4,1473500
TWZ,20081006,1.37,1.39,1.35,1.35,385500
TWZ,20081007,1.32,1.35,1.29,1.29,716300
TWZ,20081008,1.3,1.33,1.24,1.27,447600
TWZ,20081009,1.28,1.3,1.25,1.27,347800
TWZ,20081010,1.25,1.27,1.21,1.21,401600
TWZ,20081013,1.25,1.25,1.21,1.22,522800
TWZ,20081014,1.23,1.23,1.2,1.21,244000
TWZ,20081015,1.21,1.23,1.2,1.22,201200
TWZ,20081016,1.21,1.22,1.21,1.21,64900
TWZ,20081017,1.22,1.22,1.2,1.21,316100
TWZ,20081020,1.23,1.25,1.21,1.22,160200
TWZ,20081021,1.22,1.26,1.22,1.26,933900
TWZ,20081022,1.27,1.32,1.25,1.32,2822900
TWZ,20081024,1.33,1.35,1.29,1.3,2920000
TWZ,20081027,1.29,1.29,1.24,1.25,164000
TWZ,20081028,1.26,1.29,1.25,1.28,4462800
TWZ,20081029,1.28,1.29,1.19,1.19,1243000
TWZ,20081030,1.21,1.28,1.21,1.26,4016600
TWZ,20081031,1.27,1.33,1.25,1.3,8333900
TWZ,20081103,1.3,1.4,1.3,1.33,8615900
TWZ,20081104,1.35,1.43,1.35,1.41,4556700
TWZ,20081105,1.42,1.45,1.4,1.4,4083100
TWZ,20081106,1.41,1.41,1.39,1.39,1352700
TWZ,20081107,1.4,1.4,1.37,1.37,2133600
TWZ,20081110,1.4,1.4,1.38,1.39,386500
TWZ,20081111,1.4,1.4,1.38,1.38,321000
TWZ,20081112,1.39,1.4,1.36,1.39,1543600
TWZ,20081113,1.39,1.48,1.39,1.45,4006700
TWZ,20081114,1.45,1.45,1.41,1.41,844600
TWZ,20081117,1.42,1.42,1.4,1.42,220500
TWZ,20081118,1.42,1.43,1.4,1.4,120300
TWZ,20081119,1.41,1.41,1.38,1.39,150000
TWZ,20081120,1.39,1.4,1.38,1.4,13000
TWZ,20081121,1.4,1.42,1.39,1.4,208000
TWZ,20081124,1.4,1.4,1.37,1.4,52500
TWZ,20081125,1.4,1.4,1.35,1.38,290400
TWZ,20081126,1.37,1.38,1.35,1.38,719500
TWZ,20081127,1.38,1.4,1.35,1.35,922800
TWZ,20081128,1.36,1.38,1.36,1.38,159700
TWZ,20081201,1.38,1.38,1.38,1.38,25000
TWZ,20081202,1.38,1.38,1.35,1.37,163000
TWZ,20081203,1.37,1.37,1.32,1.33,662400
TWZ,20081204,1.34,1.36,1.33,1.36,105700
TWZ,20081208,1.36,1.41,1.36,1.38,405200
TWZ,20081209,1.39,1.4,1.38,1.38,325000
TWZ,20081211,1.38,1.38,1.36,1.37,313600
TWZ,20081212,1.41,1.44,1.38,1.39,1221900
TWZ,20081215,1.39,1.39,1.37,1.38,77100
TWZ,20081216,1.38,1.4,1.38,1.38,179100
TWZ,20081217,1.38,1.39,1.37,1.37,84100
TWZ,20081218,1.38,1.39,1.37,1.38,143000
TWZ,20081219,1.38,1.39,1.37,1.38,254600
TWZ,20081222,1.37,1.4,1.35,1.36,584500
TWZ,20081223,1.36,1.37,1.36,1.37,20500
TWZ,20081224,1.37,1.37,1.36,1.37,30300
TWZ,20081225,1.37,1.37,1.3,1.3,2688200
TWZ,20081226,1.31,1.33,1.3,1.3,2029000
TWZ,20081229,1.31,1.32,1.3,1.3,1805500
TWZ,20081230,1.31,1.33,1.3,1.31,768500
TWZ,20090105,1.31,1.32,1.3,1.32,343700
TWZ,20090106,1.32,1.33,1.3,1.32,1269200
TWZ,20090107,1.32,1.32,1.29,1.29,1268000
TWZ,20090108,1.28,1.31,1.2,1.25,2199100
TWZ,20090109,1.24,1.29,1.23,1.23,1782400
TWZ,20090112,1.25,1.25,1.24,1.24,104800
TWZ,20090113,1.25,1.27,1.24,1.24,454400
TWZ,20090114,1.25,1.41,1.23,1.3,50898700
TWZ,20090115,1.31,1.37,1.29,1.3,35546500
TWZ,20090116,1.32,1.33,1.3,1.32,3353100
TWZ,20090119,1.32,1.36,1.32,1.33,3786200
TWZ,20090120,1.33,1.35,1.31,1.31,2194300
TWZ,20090121,1.32,1.35,1.29,1.3,6260100
TWZ,20090122,1.31,1.32,1.29,1.3,2648900
TWZ,20090123,1.31,1.32,1.21,1.21,3508600
TWZ,20090126,1.22,1.27,1.22,1.27,10894300
TWZ,20090127,1.27,1.3,1.24,1.24,10315500
TWZ,20090128,1.26,1.3,1.23,1.24,12722300
TWZ,20090129,1.25,1.27,1.21,1.21,18344100
TWZ,20090130,1.21,1.25,1.21,1.23,4787900
TWZ,20090202,1.24,1.24,1.21,1.23,1958600
TWZ,20090203,1.23,1.24,1.22,1.23,1273600
TWZ,20090204,1.23,1.25,1.21,1.21,2510900
TWZ,20090205,1.21,1.23,1.21,1.22,263000
TWZ,20090206,1.22,1.23,1.2,1.21,7838300
TWZ,20090210,1.22,1.23,1.2,1.2,783900
TWZ,20090211,1.2,1.23,1.2,1.2,2267400
TWZ,20090212,1.22,1.23,1.2,1.21,1086700
TWZ,20090213,1.21,1.23,1.2,1.21,3302100
TWZ,20090216,1.22,1.22,1.2,1.21,276400
TWZ,20090217,1.22,1.22,1.2,1.2,258900
TWZ,20090218,1.2,1.41,1.19,1.39,26181500
TWZ,20090219,1.41,1.53,1.39,1.41,22204500
TWZ,20090220,1.4,1.41,1.29,1.29,9405400
TWZ,20090223,1.3,1.31,1.25,1.25,1876900
TWZ,20090224,1.25,1.26,1.22,1.22,309000
TWZ,20090225,1.23,1.24,1.21,1.21,328400
TWZ,20090226,1.22,1.23,1.19,1.2,472500
TWZ,20090227,1.21,1.22,1.2,1.21,402600
TWZ,20090302,1.2,1.23,1.2,1.2,80400
TWZ,20090303,1.21,1.22,1.21,1.22,163600
TWZ,20090304,1.22,1.23,1.21,1.21,200700
TWZ,20090305,1.21,1.23,1.21,1.21,650400
TWZ,20090306,1.22,1.22,1.2,1.2,110000
TWZ,20090309,1.21,1.22,1.2,1.21,477100
TWZ,20090310,1.21,1.27,1.21,1.24,7428900
TWZ,20090311,1.25,1.29,1.21,1.21,6227700
TWZ,20090312,1.23,1.25,1.21,1.24,6800800
TWZ,20090313,1.24,1.27,1.23,1.23,4893000
TWZ,20090316,1.24,1.26,1.23,1.23,3113800
TWZ,20090317,1.25,1.25,1.23,1.23,5379100
TWZ,20090318,1.24,1.25,1.22,1.23,1156500
TWZ,20090319,1.23,1.24,1.22,1.22,1083900
TWZ,20090320,1.23,1.23,1.21,1.22,323800
TWZ,20090323,1.22,1.24,1.22,1.22,1596000
TWZ,20090324,1.23,1.23,1.22,1.22,527900
TWZ,20090325,1.22,1.23,1.2,1.2,1765500
TWZ,20090326,1.21,1.23,1.21,1.23,4843200
TWZ,20090327,1.23,1.25,1.2,1.2,8027100
TWZ,20090330,1.21,1.23,1.19,1.2,5735400
TWZ,20090331,1.21,1.22,1.21,1.21,918600
TWZ,20090401,1.21,1.23,1.21,1.22,10087600
TWZ,20090402,1.22,1.23,1.2,1.21,4244000
TWZ,20090403,1.22,1.23,1.2,1.21,3735200
TWZ,20090407,1.21,1.21,1.2,1.2,674800
TWZ,20090408,1.19,1.21,1.19,1.2,736400
TWZ,20090409,1.2,1.23,1.19,1.19,4553500
TWZ,20090410,1.2,1.22,1.2,1.2,1893600
TWZ,20090416,1.2,1.2,1.19,1.2,213400
TWZ,20090417,1.2,1.21,1.19,1.2,1968900
TWZ,20090420,1.21,1.21,1.2,1.2,1856000
TWZ,20090421,1.2,1.21,1.19,1.2,192700
TWZ,20090422,1.2,1.2,1.19,1.19,935000
TWZ,20090423,1.2,1.2,1.19,1.2,876600
TWZ,20090424,1.2,1.21,1.19,1.21,9240000
TWZ,20090427,1.21,1.22,1.2,1.2,4090400
TWZ,20090428,1.21,1.21,1.19,1.21,2231100
TWZ,20090429,1.21,1.23,1.2,1.23,14237000
TWZ,20090430,1.23,1.25,1.2,1.21,11931700
TWZ,20090504,1.21,1.23,1.21,1.21,4182900
TWZ,20090506,1.21,1.22,1.2,1.21,1628000
TWZ,20090507,1.21,1.22,1.19,1.2,5516200
TWZ,20090511,1.2,1.21,1.19,1.19,2556500
TWZ,20090512,1.19,1.2,1.19,1.2,2115000
TWZ,20090513,1.2,1.22,1.2,1.21,4777600
TWZ,20090514,1.21,1.21,1.15,1.15,1580700
TWZ,20090515,1.17,1.17,1.12,1.13,2204400
TWZ,20090518,1.15,1.16,1.14,1.16,440000
TWZ,20090519,1.17,1.19,1.17,1.18,2585700
TWZ,20090520,1.18,1.2,1.17,1.18,2211000
TWZ,20090521,1.18,1.2,1.16,1.16,3654100
TWZ,20090522,1.17,1.18,1.16,1.18,882200
TWZ,20090525,1.18,1.18,1.16,1.16,255900
TWZ,20090526,1.16,1.18,1.15,1.15,433500
TWZ,20090527,1.17,1.18,1.15,1.15,2115200
TWZ,20090528,1.16,1.16,1.15,1.16,202200
TWZ,20090529,1.17,1.19,1.16,1.18,4936800
TWZ,20090601,1.18,1.2,1.17,1.19,3472000
TWZ,20090602,1.2,1.2,1.17,1.19,6960600
TWZ,20090603,1.19,1.22,1.18,1.2,7048800
TWZ,20090604,1.21,1.23,1.2,1.22,6290300
TWZ,20090605,1.21,1.23,1.19,1.2,3716000
TWZ,20090608,1.2,1.21,1.18,1.18,1994800
TWZ,20090609,1.18,1.19,1.18,1.19,578600
TWZ,20090610,1.2,1.2,1.18,1.19,725000
TWZ,20090611,1.2,1.2,1.18,1.2,442300
TWZ,20090612,1.2,1.2,1.18,1.18,601600
TWZ,20090615,1.19,1.19,1.17,1.18,327300
TWZ,20090616,1.18,1.18,1.15,1.16,564100
TWZ,20090617,1.17,1.17,1.15,1.15,705100
TWZ,20090618,1.16,1.16,1.14,1.14,543100
TWZ,20090619,1.15,1.15,1.14,1.14,460000
TWZ,20090622,1.15,1.15,1.14,1.14,320500
TWZ,20090623,1.14,1.15,1.13,1.14,322800
TWZ,20090624,1.15,1.15,1.14,1.15,136500
TWZ,20090625,1.14,1.16,1.14,1.14,246000
TWZ,20090626,1.14,1.15,1.13,1.14,80000
TWZ,20090629,1.14,1.15,1.13,1.14,187200
TWZ,20090630,1.14,1.15,1.14,1.15,30800
TWZ,20090702,1.15,1.15,1.14,1.14,143200
TWZ,20090703,1.14,1.14,1.13,1.14,94700
TWZ,20090708,1.14,1.14,1.12,1.13,231000
TWZ,20090709,1.12,1.14,1.12,1.13,648200
TWZ,20090710,1.13,1.13,1.12,1.13,163500
TWZ,20090713,1.12,1.12,1.11,1.12,89500
TWZ,20090714,1.12,1.12,1.12,1.12,39600
TWZ,20090715,1.11,1.14,1.11,1.13,686900
TWZ,20090716,1.14,1.14,1.13,1.14,648300
TWZ,20090717,1.14,1.14,1.13,1.14,658000
TWZ,20090720,1.14,1.14,1.13,1.14,200900
TWZ,20090721,1.14,1.15,1.13,1.13,142900
TWZ,20090722,1.14,1.14,1.12,1.13,1416100
TWZ,20090723,1.13,1.18,1.13,1.18,6854200
TWZ,20090724,1.18,1.22,1.17,1.18,12603300
TWZ,20090727,1.2,1.21,1.17,1.19,9901400
TWZ,20090728,1.2,1.21,1.19,1.19,4645400
TWZ,20090729,1.19,1.22,1.18,1.19,9443600
TWZ,20090730,1.2,1.2,1.19,1.19,1726800
TWZ,20090731,1.2,1.2,1.18,1.18,6963000
TWZ,20090803,1.2,1.22,1.19,1.21,6401500
TWZ,20090804,1.21,1.26,1.21,1.24,8358000
TWZ,20090805,1.25,1.27,1.23,1.23,4911200
TWZ,20090806,1.24,1.25,1.23,1.24,1571500
TWZ,20090807,1.23,1.25,1.23,1.24,3628900
TWZ,20090810,1.24,1.26,1.24,1.24,2903700
TWZ,20090811,1.24,1.24,1.19,1.22,5173800
TWZ,20090813,1.22,1.48,1.22,1.4,56916800
TWZ,20090814,1.45,1.49,1.4,1.46,52962900
TWZ,20090817,1.46,1.48,1.46,1.46,9114700
TWZ,20090818,1.48,1.59,1.47,1.58,36808400
TWZ,20090819,1.57,1.57,1.44,1.51,29881400
TWZ,20090820,1.56,1.56,1.5,1.5,32110300
TWZ,20090821,1.52,1.53,1.49,1.49,11575900
TWZ,20090824,1.5,1.54,1.48,1.49,15904600
TWZ,20090825,1.5,1.51,1.47,1.48,3500100
TWZ,20090826,1.5,1.52,1.47,1.47,7376400
TWZ,20090827,1.48,1.5,1.46,1.46,16390200
TWZ,20090828,1.46,1.5,1.44,1.47,13550800
TWZ,20090831,1.48,1.48,1.46,1.46,2064000
TWZ,20090901,1.47,1.48,1.44,1.47,6680200
TWZ,20090902,1.47,1.47,1.46,1.47,489900
TWZ,20090903,1.47,1.48,1.47,1.48,3702200
TWZ,20090904,1.49,1.51,1.48,1.51,11555000
TWZ,20090907,1.52,1.53,1.49,1.49,8258800
TWZ,20090908,1.51,1.53,1.48,1.5,6106600
TWZ,20090909,1.5,1.52,1.47,1.5,5702800
TWZ,20090910,1.5,1.51,1.48,1.48,6435100
TWZ,20090911,1.49,1.5,1.47,1.49,2832100
TWZ,20090914,1.5,1.5,1.47,1.47,1463800
TWZ,20090915,1.47,1.48,1.46,1.47,1807200
TWZ,20090916,1.48,1.5,1.46,1.49,6924000
TWZ,20090917,1.5,1.53,1.45,1.45,25280800
TWZ,20090918,1.46,1.47,1.45,1.46,2239000
TWZ,20090921,1.46,1.48,1.45,1.46,2529900
TWZ,20090922,1.47,1.47,1.45,1.46,1126700
TWZ,20090923,1.47,1.47,1.45,1.47,1836900
TWZ,20090924,1.47,1.47,1.46,1.46,1119000
TWZ,20090925,1.46,1.47,1.45,1.46,2578000
TWZ,20090928,1.47,1.47,1.44,1.45,1226300
TWZ,20090929,1.46,1.46,1.44,1.44,3384800
TWZ,20090930,1.45,1.46,1.43,1.44,2994300
TWZ,20091001,1.45,1.45,1.4,1.43,2565900
TWZ,20091002,1.42,1.43,1.41,1.43,79800
TWZ,20091005,1.43,1.46,1.42,1.42,4572600
TWZ,20091006,1.43,1.44,1.42,1.43,1244800
TWZ,20091007,1.43,1.43,1.41,1.42,1250600
TWZ,20091008,1.42,1.42,1.4,1.41,3370300
TWZ,20091009,1.41,1.41,1.39,1.4,1478300
TWZ,20091012,1.41,1.42,1.39,1.42,990300
TWZ,20091013,1.42,1.43,1.4,1.4,542100
TWZ,20091014,1.41,1.41,1.34,1.37,2843800
TWZ,20091015,1.38,1.39,1.29,1.29,1375500
TWZ,20091016,1.3,1.34,1.29,1.33,674100
TWZ,20091019,1.33,1.4,1.33,1.39,647900
TWZ,20091020,1.4,1.41,1.38,1.39,667100
TWZ,20091021,1.37,1.4,1.37,1.4,626100
TWZ,20091022,1.4,1.4,1.37,1.39,297200
TWZ,20091026,1.39,1.4,1.38,1.4,391400
TWZ,20091027,1.4,1.41,1.38,1.4,432900
TWZ,20091028,1.4,1.4,1.38,1.38,699400
TWZ,20091029,1.39,1.4,1.36,1.38,734000
TWZ,20091030,1.38,1.39,1.37,1.39,640000
TWZ,20091102,1.39,1.39,1.36,1.37,433300
TWZ,20091103,1.37,1.38,1.35,1.37,237200
TWZ,20091104,1.37,1.38,1.37,1.38,217300
TWZ,20091105,1.38,1.38,1.35,1.36,234800
TWZ,20091106,1.37,1.38,1.35,1.37,550200
TWZ,20091109,1.38,1.38,1.37,1.37,983300
TWZ,20091110,1.38,1.42,1.38,1.4,2716300
TWZ,20091111,1.4,1.47,1.4,1.43,22461900
TWZ,20091112,1.43,1.45,1.35,1.37,8684300
TWZ,20091113,1.38,1.41,1.36,1.4,21104300
TWZ,20091116,1.41,1.42,1.37,1.37,8572200
TWZ,20091117,1.37,1.38,1.34,1.34,2079800
TWZ,20091118,1.36,1.36,1.3,1.31,3615800
TWZ,20091119,1.32,1.32,1.29,1.3,2190200
TWZ,20091120,1.3,1.33,1.29,1.3,3115400
TWZ,20091123,1.31,1.33,1.29,1.3,1265600
TWZ,20091124,1.31,1.31,1.26,1.26,1661100
TWZ,20091125,1.25,1.3,1.25,1.26,4048300
TWZ,20091126,1.27,1.28,1.25,1.26,1057200
TWZ,20091127,1.25,1.26,1.19,1.22,2280400
TWZ,20091130,1.23,1.24,1.21,1.23,281200
TWZ,20091201,1.24,1.24,1.18,1.21,2155000
TWZ,20091202,1.2,1.2,1.15,1.15,1502300
TWZ,20091203,1.17,1.19,1.17,1.18,948900
TWZ,20091204,1.19,1.21,1.17,1.19,3700600
TWZ,20091208,1.2,1.21,1.18,1.2,760500
TWZ,20091209,1.19,1.19,1.17,1.18,554500
TWZ,20091211,1.19,1.19,1.18,1.18,226500
TWZ,20091214,1.18,1.19,1.17,1.18,696700
TWZ,20091215,1.19,1.21,1.19,1.2,2263000
TWZ,20091216,1.2,1.24,1.2,1.24,8900100
TWZ,20091217,1.25,1.27,1.24,1.26,4560200
TWZ,20091218,1.26,1.29,1.19,1.2,15413800
TWZ,20091221,1.21,1.21,1.19,1.2,2237900
TWZ,20091222,1.2,1.21,1.19,1.21,388900
TWZ,20091223,1.21,1.21,1.19,1.2,935400
TWZ,20091224,1.21,1.21,1.18,1.2,1143300
TWZ,20091225,1.2,1.2,1.19,1.2,1030400
TWZ,20091228,1.2,1.21,1.2,1.2,290700
TWZ,20091229,1.19,1.22,1.18,1.21,1508100
TWZ,20091230,1.21,1.22,1.19,1.21,1103600
TWZ,20100104,1.21,1.21,1.2,1.21,654600
TWZ,20100105,1.21,1.21,1.2,1.2,774800
TWZ,20100106,1.19,1.21,1.17,1.21,1351400
TWZ,20100107,1.19,1.21,1.19,1.2,869100
TWZ,20100108,1.2,1.2,1.18,1.2,1474100
TWZ,20100111,1.2,1.2,1.19,1.2,578000
TWZ,20100112,1.19,1.2,1.18,1.19,1784100
TWZ,20100113,1.19,1.2,1.18,1.2,1421600
TWZ,20100114,1.2,1.24,1.18,1.19,10852200
TWZ,20100115,1.19,1.2,1.18,1.19,2846800
TWZ,20100118,1.19,1.19,1.18,1.18,519800
TWZ,20100119,1.18,1.19,1.16,1.17,1312900
TWZ,20100120,1.17,1.17,1.15,1.17,437000
TWZ,20100121,1.17,1.17,1.11,1.11,1298100
TWZ,20100122,1.11,1.13,1.11,1.11,509000
TWZ,20100125,1.11,1.11,1.09,1.09,673200
TWZ,20100126,1.1,1.11,1.09,1.1,257100
TWZ,20100127,1.11,1.11,1.06,1.06,448600
TWZ,20100128,1.08,1.12,1.06,1.1,3609400
TWZ,20100129,1.11,1.12,1.1,1.1,1075500
TWZ,20100201,1.11,1.12,1.09,1.11,592200
TWZ,20100202,1.11,1.12,1.09,1.09,398000
TWZ,20100203,1.1,1.11,1.09,1.1,347200
TWZ,20100204,1.1,1.1,1.09,1.1,178500
TWZ,20100205,1.1,1.1,1.08,1.1,259300
TWZ,20100208,1.1,1.1,1.07,1.1,260900
TWZ,20100209,1.08,1.11,1.07,1.11,439500
TWZ,20100210,1.12,1.12,1.1,1.12,452100
TWZ,20100211,1.12,1.12,1.1,1.11,405400
TWZ,20100212,1.11,1.12,1.09,1.11,130400
TWZ,20100215,1.11,1.11,1.09,1.1,196000
TWZ,20100216,1.1,1.1,1.09,1.1,82700
TWZ,20100217,1.1,1.1,1.08,1.1,1712600
TWZ,20100218,1.1,1.1,1.09,1.1,541000
TWZ,20100219,1.1,1.1,1.08,1.09,638400
TWZ,20100222,1.1,1.11,1.09,1.1,673500
TWZ,20100223,1.1,1.1,1.09,1.1,447800
TWZ,20100224,1.1,1.1,1.09,1.1,298600
TWZ,20100225,1.1,1.11,1.09,1.09,779700
TWZ,20100226,1.1,1.11,1.09,1.1,1064600
TWZ,20100302,1.1,1.36,1.1,1.27,84798000
TWZ,20100303,1.28,1.28,1.23,1.25,18237500
TWZ,20100304,1.24,1.27,1.21,1.21,7284200
TWZ,20100305,1.22,1.22,1.12,1.12,7615100
TWZ,20100308,1.13,1.14,1.11,1.11,3816000
TWZ,20100309,1.12,1.15,1.1,1.12,8874000
TWZ,20100310,1.12,1.13,1.11,1.11,1136200
TWZ,20100311,1.12,1.13,1.1,1.11,3052800
TWZ,20100312,1.1,1.12,1.09,1.1,1235600
TWZ,20100315,1.09,1.12,1.09,1.12,4665600
TWZ,20100316,1.1,1.1,1.09,1.1,2488700
TWZ,20100317,1.1,1.12,1.1,1.12,3586300
TWZ,20100318,1.12,1.12,1.09,1.09,1915000
TWZ,20100319,1.1,1.11,1.09,1.1,2759900
TWZ,20100322,1.11,1.11,1.1,1.1,767900
TWZ,20100323,1.1,1.11,1.09,1.1,727700
TWZ,20100324,1.1,1.11,1.09,1.09,1100600
TWZ,20100325,1.1,1.11,1.08,1.08,1374600
TWZ,20100326,1.1,1.1,1.08,1.09,506100
TWZ,20100329,1.09,1.1,1.08,1.09,502000
TWZ,20100330,1.08,1.1,1.08,1.1,524000
TWZ,20100331,1.1,1.1,1.09,1.1,216000
TWZ,20100401,1.09,1.13,1.09,1.1,7966800
TWZ,20100402,1.1,1.11,1.1,1.11,2140400
TWZ,20100405,1.1,1.11,1.09,1.1,987100
TWZ,20100407,1.1,1.11,1.09,1.1,1231300
TWZ,20100408,1.09,1.1,1.07,1.08,1054400
TWZ,20100409,1.08,1.08,1.06,1.08,490200
TWZ,20100412,1.06,1.08,1.05,1.08,671200
TWZ,20100416,1.08,1.08,1.06,1.08,770800
TWZ,20100419,1.06,1.1,1.06,1.1,1391700
TWZ,20100420,1.1,1.1,1.09,1.1,945600
TWZ,20100421,1.1,1.1,1.08,1.09,1086400
TWZ,20100422,1.08,1.09,1.08,1.09,915000
TWZ,20100423,1.09,1.09,1.08,1.09,511700
TWZ,20100426,1.09,1.1,1.09,1.09,635400
TWZ,20100427,1.09,1.1,1.08,1.09,361200
TWZ,20100428,1.09,1.09,1.08,1.09,522700
TWZ,20100429,1.09,1.1,1.08,1.09,626800
TWZ,20100430,1.09,1.1,1.09,1.1,587100
TWZ,20100504,1.1,1.11,1.09,1.1,1142000
TWZ,20100506,1.1,1.11,1.09,1.11,2328300
TWZ,20100507,1.11,1.11,1.1,1.11,762500
TWZ,20100510,1.11,1.13,1.11,1.12,1593900
TWZ,20100511,1.12,1.14,1.1,1.1,6253500
TWZ,20100512,1.07,1.08,1.05,1.08,4907400
TWZ,20100513,1.08,1.09,1.06,1.08,1371100
TWZ,20100514,1.08,1.09,1.08,1.09,555000
TWZ,20100517,1.06,1.09,1.06,1.07,431500
TWZ,20100518,1.07,1.07,1.06,1.06,362200
TWZ,20100519,1.07,1.07,1.05,1.07,146500
TWZ,20100524,1.08,1.08,1.07,1.07,387400
TWZ,20100525,1.07,1.08,1.05,1.06,597800
TWZ,20100526,1.06,1.07,1.05,1.06,1187700
TWZ,20100527,1.05,1.08,1.04,1.08,3177200
TWZ,20100531,1.07,1.08,1.05,1.05,2142900
TWZ,20100601,1.05,1.08,1.03,1.05,20330800
TWZ,20100602,1.05,1.08,1.03,1.04,39945200
TWZ,20100603,1.05,1.06,1.04,1.04,31561900
TWZ,20100604,1.04,1.05,1.02,1.02,22928900
TWZ,20100607,1.03,1.05,1.01,1.01,96998900
TWZ,20100608,1.02,1.02,0.96,0.97,76295900
TWZ,20100609,0.97,0.99,0.95,0.97,43727200
TWZ,20100610,0.97,0.99,0.95,0.95,35353000
TWZ,20100611,0.96,0.99,0.92,0.95,101093400
TWZ,20100614,0.95,0.96,0.93,0.93,43051000
TWZ,20100615,0.94,0.97,0.91,0.94,80421700
TWZ,20100616,0.94,0.95,0.91,0.91,51648300
TWZ,20100617,0.92,0.93,0.88,0.9,28573700
TWZ,20100618,0.9,0.91,0.89,0.91,30018000
TWZ,20100621,0.92,0.92,0.89,0.9,23860300
TWZ,20100622,0.9,0.91,0.9,0.9,17779600
TWZ,20100623,0.9,0.91,0.89,0.9,8110400
TWZ,20100624,0.9,0.91,0.89,0.89,43365400
TWZ,20100625,0.89,0.89,0.87,0.89,14964600
TWZ,20100628,0.89,0.89,0.88,0.89,41309200
TWZ,20100629,0.89,0.89,0.86,0.88,31396500
TWZ,20100630,0.88,0.89,0.87,0.89,16512600
TWZ,20100702,0.89,0.9,0.88,0.9,16553300
TWZ,20100705,0.9,0.91,0.89,0.9,17578900
TWZ,20100706,0.89,0.91,0.89,0.9,8509900
TWZ,20100707,0.9,0.9,0.88,0.88,16063400
TWZ,20100708,0.88,0.89,0.86,0.86,8759100
TWZ,20100709,0.87,0.87,0.86,0.87,7088800
TWZ,20100712,0.88,0.88,0.85,0.86,11518700
TWZ,20100713,0.87,0.87,0.82,0.84,28089600
TWZ,20100714,0.84,0.86,0.82,0.84,56924300
TWZ,20100715,0.84,0.85,0.83,0.85,42782900
TWZ,20100716,0.84,0.85,0.83,0.83,12477400
TWZ,20100719,0.83,0.84,0.8,0.81,20211700
TWZ,20100720,0.81,0.82,0.79,0.81,20557400
TWZ,20100721,0.81,0.82,0.8,0.81,16945000
TWZ,20100722,0.81,0.82,0.8,0.8,17328100
TWZ,20100723,0.81,0.82,0.79,0.8,26495900
TWZ,20100727,0.8,0.81,0.8,0.8,13347000
TWZ,20100728,0.8,0.83,0.8,0.8,85333600
TWZ,20100729,0.8,0.81,0.79,0.8,28763400
TWZ,20100730,0.8,0.81,0.79,0.8,20799700
TWZ,20100802,0.8,0.81,0.79,0.8,9306000
TWZ,20100803,0.8,0.81,0.79,0.81,7544900
TWZ,20100804,0.81,0.82,0.79,0.8,73357000
TWZ,20100805,0.81,0.85,0.81,0.83,368059500
TWZ,20100806,0.85,0.88,0.85,0.87,469790300
TWZ,20100809,0.87,0.9,0.84,0.84,345476200
TWZ,20100810,0.85,0.85,0.8,0.81,125659900
TWZ,20100811,0.81,0.83,0.8,0.81,73279400
TWZ,20100816,0.81,0.82,0.81,0.81,20725200
TWZ,20100817,0.81,0.84,0.81,0.82,98693300
TWZ,20100818,0.83,0.84,0.82,0.82,55605500
TWZ,20100819,0.82,0.83,0.81,0.82,62884800
TWZ,20100820,0.82,0.85,0.82,0.83,148973700
TWZ,20100823,0.84,0.86,0.84,0.84,125516900
TWZ,20100824,0.85,0.88,0.85,0.88,273002700
TWZ,20100825,0.88,0.94,0.87,0.89,583991300
TWZ,20100826,0.91,0.92,0.88,0.9,158464600
TWZ,20100827,0.91,0.93,0.9,0.92,221559200
TWZ,20100830,0.93,0.94,0.9,0.9,234894200
TWZ,20100831,0.91,0.91,0.85,0.87,140853800
TWZ,20100901,0.87,0.88,0.85,0.85,112200600
TWZ,20100902,0.85,0.86,0.84,0.85,68148600
TWZ,20100903,0.85,0.87,0.84,0.87,114720200
TWZ,20100906,0.87,0.87,0.84,0.84,25018300
TWZ,20100907,0.85,0.87,0.84,0.85,89637500
TWZ,20100908,0.84,0.86,0.83,0.83,71751500
TWZ,20100909,0.83,0.84,0.79,0.8,168683600
TWZ,20100910,0.81,0.81,0.78,0.8,39993000
TWZ,20100913,0.8,0.81,0.79,0.8,34075200
TWZ,20100914,0.8,0.8,0.76,0.77,175706900
TWZ,20100915,0.77,0.79,0.77,0.77,103675600
TWZ,20100916,0.78,0.78,0.76,0.78,61987800
TWZ,20100917,0.76,0.77,0.74,0.74,56179800
TWZ,20100920,0.74,0.75,0.71,0.72,39859700
TWZ,20100921,0.72,0.72,0.68,0.68,57065200
TWZ,20100922,0.68,0.7,0.67,0.7,71619500
TWZ,20100923,0.68,0.69,0.67,0.68,27186300
TWZ,20100924,0.68,0.72,0.68,0.7,221052600
TWZ,20100927,0.71,0.76,0.71,0.73,260412200
TWZ,20100928,0.73,0.74,0.7,0.7,99319200
TWZ,20100929,0.71,0.71,0.69,0.7,28410300
TWZ,20100930,0.7,0.71,0.69,0.69,18003000
TWZ,20101001,0.7,0.7,0.69,0.69,12085300
TWZ,20101004,0.69,0.72,0.68,0.68,59250100
TWZ,20101005,0.69,0.69,0.67,0.68,17816400
TWZ,20101006,0.69,0.69,0.68,0.68,13372100
TWZ,20101007,0.68,0.69,0.67,0.67,5978100
TWZ,20101008,0.67,0.7,0.67,0.67,43166900
TWZ,20101011,0.67,0.71,0.65,0.67,281774900
TWZ,20101012,0.67,0.67,0.62,0.62,255143000
TWZ,20101013,0.63,0.64,0.59,0.59,181049800
TWZ,20101014,0.59,0.6,0.58,0.59,31305500
TWZ,20101015,0.59,0.6,0.58,0.58,29208800
TWZ,20101018,0.58,0.58,0.52,0.52,83080600
TWZ,20101019,0.52,0.55,0.51,0.54,45821400
TWZ,20101020,0.53,0.55,0.53,0.54,8037800
TWZ,20101021,0.54,0.55,0.54,0.54,13970700
TWZ,20101022,0.54,0.57,0.52,0.52,119162900
TWZ,20101026,0.52,0.53,0.52,0.52,10781800
TWZ,20101027,0.53,0.54,0.52,0.53,16241600
TWZ,20101028,0.53,0.54,0.52,0.52,11912900
TWZ,20101029,0.52,0.53,0.51,0.52,13320500
TWZ,20101101,0.52,0.52,0.49,0.49,36041800
TWZ,20101102,0.5,0.5,0.48,0.48,17645300
TWZ,20101103,0.48,0.5,0.48,0.49,15708300
TWZ,20101104,0.49,0.5,0.48,0.48,7779100
TWZ,20101105,0.49,0.5,0.47,0.47,20000500
TWZ,20101108,0.47,0.48,0.46,0.47,20151600
TWZ,20101109,0.46,0.47,0.45,0.46,17931200
TWZ,20101110,0.46,0.47,0.45,0.45,10564200
TWZ,20101111,0.45,0.46,0.44,0.44,15974900
TWZ,20101112,0.44,0.46,0.43,0.46,45519900
TWZ,20101115,0.47,0.52,0.46,0.52,129441800
TWZ,20101116,0.52,0.54,0.51,0.54,178290700
TWZ,20101117,0.54,0.54,0.51,0.52,28905200
TWZ,20101118,0.52,0.55,0.51,0.55,114383000
TWZ,20101119,0.56,0.59,0.55,0.55,165738400
TWZ,20101122,0.56,0.56,0.53,0.54,29790600
TWZ,20101123,0.54,0.55,0.52,0.52,19755300
TWZ,20101124,0.52,0.54,0.52,0.52,17912700
TWZ,20101125,0.53,0.53,0.52,0.52,9295600
TWZ,20101126,0.53,0.55,0.52,0.53,42947900
TWZ,20101129,0.53,0.56,0.53,0.55,21386100
TWZ,20101130,0.55,0.6,0.55,0.57,184020500
TWZ,20101201,0.57,0.61,0.57,0.57,220621400
TWZ,20101202,0.58,0.59,0.56,0.56,31822400
TWZ,20101203,0.57,0.57,0.55,0.56,9129200
TWZ,20101207,0.56,0.57,0.55,0.56,10911200
TWZ,20101208,0.56,0.56,0.54,0.55,10421500
TWZ,20101209,0.55,0.56,0.55,0.55,8355600
TWZ,20101213,0.55,0.57,0.51,0.53,87464100
TWZ,20101214,0.52,0.54,0.5,0.5,107168400
TWZ,20101215,0.5,0.51,0.47,0.47,119136400
TWZ,20101216,0.48,0.48,0.47,0.47,15945300
TWZ,20101217,0.48,0.49,0.47,0.48,21027400
TWZ,20101220,0.48,0.49,0.47,0.48,10438400
TWZ,20101221,0.49,0.49,0.47,0.47,4914100
TWZ,20101222,0.48,0.49,0.47,0.49,4363000
TWZ,20101223,0.48,0.49,0.48,0.48,2787300
TWZ,20101224,0.48,0.49,0.48,0.48,4732500
TWZ,20101227,0.48,0.5,0.48,0.49,17848400
TWZ,20101228,0.5,0.5,0.49,0.49,5819400
TWZ,20101229,0.49,0.5,0.48,0.48,4533400
TWZ,20101230,0.49,0.5,0.48,0.49,3857000
TWZ,20110104,0.49,0.5,0.49,0.49,3951000
TWZ,20110105,0.49,0.51,0.48,0.48,99261700
TWZ,20110106,0.49,0.49,0.47,0.47,28671200
TWZ,20110107,0.47,0.48,0.46,0.46,15466200
TWZ,20110110,0.46,0.47,0.45,0.46,12512900
TWZ,20110111,0.45,0.46,0.45,0.46,11890900
TWZ,20110112,0.46,0.46,0.45,0.45,11990300
TWZ,20110113,0.45,0.46,0.45,0.46,12765100
TWZ,20110114,0.45,0.46,0.45,0.45,10363400
TWZ,20110117,0.45,0.46,0.45,0.45,3240200
TWZ,20110118,0.45,0.46,0.44,0.45,4176600
TWZ,20110119,0.45,0.46,0.45,0.45,4708700
TWZ,20110120,0.45,0.45,0.44,0.45,5529600
TWZ,20110121,0.44,0.45,0.44,0.44,9069600
TWZ,20110124,0.44,0.44,0.41,0.41,21398200
TWZ,20110125,0.41,0.42,0.39,0.39,16078600
TWZ,20110126,0.4,0.42,0.39,0.41,14549000
TWZ,20110127,0.42,0.42,0.41,0.41,2878800
TWZ,20110128,0.41,0.43,0.4,0.43,16809800
TWZ,20110131,0.42,0.42,0.41,0.41,5129200
TWZ,20110201,0.41,0.41,0.4,0.4,9403800
TWZ,20110202,0.4,0.41,0.4,0.4,5742400
TWZ,20110203,0.4,0.42,0.4,0.41,6900600
TWZ,20110204,0.41,0.42,0.4,0.4,21732500
TWZ,20110207,0.4,0.4,0.4,0.4,5410200
TWZ,20110208,0.4,0.4,0.39,0.4,13220400
TWZ,20110209,0.4,0.41,0.39,0.39,7029400
TWZ,20110210,0.39,0.4,0.38,0.39,7783100
TWZ,20110211,0.39,0.4,0.39,0.39,3354600
TWZ,20110214,0.4,0.4,0.39,0.4,7466500
TWZ,20110215,0.4,0.4,0.39,0.4,2473200
TWZ,20110216,0.4,0.4,0.39,0.39,11438700
TWZ,20110217,0.39,0.4,0.39,0.39,7952200
TWZ,20110221,0.39,0.4,0.38,0.39,3517200
TWZ,20110222,0.39,0.4,0.38,0.39,4195700
TWZ,20110223,0.39,0.4,0.39,0.39,3032500
TWZ,20110224,0.39,0.39,0.38,0.38,6316400
TWZ,20110225,0.38,0.39,0.38,0.38,4317500
TWZ,20110228,0.38,0.39,0.38,0.38,3305000
TWZ,20110301,0.39,0.39,0.38,0.38,6758000
TWZ,20110302,0.39,0.39,0.37,0.38,6148800
TWZ,20110303,0.38,0.39,0.38,0.39,2780700
TWZ,20110304,0.38,0.39,0.38,0.38,12825100
TWZ,20110307,0.39,0.39,0.38,0.38,2140400
TWZ,20110308,0.39,0.41,0.38,0.39,35558200
TWZ,20110309,0.39,0.4,0.39,0.4,4985500
TWZ,20110310,0.4,0.4,0.39,0.4,3879500
TWZ,20110311,0.4,0.4,0.39,0.39,39305200
TWZ,20110314,0.39,0.4,0.39,0.39,1251900
TWZ,20110315,0.39,0.4,0.38,0.4,14576900
TWZ,20110316,0.4,0.41,0.39,0.4,14734200
TWZ,20110317,0.4,0.41,0.39,0.39,18850800
TWZ,20110318,0.4,0.41,0.38,0.4,38496000
TWZ,20110321,0.4,0.4,0.39,0.4,12070200
TWZ,20110322,0.38,0.39,0.38,0.39,7848800
TWZ,20110323,0.39,0.39,0.39,0.39,6713600
TWZ,20110324,0.39,0.39,0.37,0.38,39749000
TWZ,20110325,0.38,0.39,0.37,0.37,10800600
TWZ,20110328,0.38,0.39,0.37,0.38,10655100
TWZ,20110329,0.38,0.39,0.38,0.38,3525200
TWZ,20110330,0.39,0.39,0.38,0.38,2912700
TWZ,20110331,0.38,0.39,0.38,0.38,14706300
TWZ,20110401,0.39,0.39,0.38,0.38,21879000
TWZ,20110404,0.38,0.39,0.38,0.38,43775600
TWZ,20110405,0.39,0.39,0.38,0.38,5319700
TWZ,20110407,0.38,0.39,0.38,0.38,10399400
TWZ,20110408,0.38,0.39,0.38,0.38,5720800
TWZ,20110411,0.39,0.39,0.38,0.38,3442500
TWZ,20110412,0.38,0.39,0.38,0.38,3313400
TWZ,20110418,0.38,0.4,0.38,0.39,33052100
TWZ,20110419,0.4,0.42,0.39,0.41,96565900
TWZ,20110420,0.42,0.47,0.41,0.45,235021200
TWZ,20110421,0.47,0.48,0.45,0.45,126558400
TWZ,20110422,0.46,0.47,0.43,0.43,67416900
TWZ,20110425,0.44,0.45,0.43,0.44,53871300
TWZ,20110426,0.45,0.45,0.43,0.43,45893200
TWZ,20110427,0.43,0.44,0.43,0.43,49962500
TWZ,20110428,0.44,0.44,0.42,0.42,20432600
TWZ,20110429,0.42,0.43,0.41,0.42,12084700
TWZ,20110503,0.42,0.42,0.39,0.4,34133400
TWZ,20110504,0.39,0.41,0.39,0.4,10368500
TWZ,20110506,0.4,0.41,0.39,0.4,15031700
TWZ,20110509,0.4,0.41,0.4,0.41,5017000
TWZ,20110510,0.41,0.41,0.4,0.4,7964600
TWZ,20110511,0.41,0.42,0.4,0.41,13411600
TWZ,20110512,0.41,0.42,0.41,0.41,6002700
TWZ,20110513,0.41,0.42,0.41,0.41,6234900
TWZ,20110518,0.41,0.41,0.4,0.4,6276900
TWZ,20110519,0.4,0.41,0.4,0.4,11928900
TWZ,20110520,0.4,0.42,0.4,0.41,14198500
TWZ,20110523,0.41,0.42,0.41,0.41,13411200
TWZ,20110524,0.41,0.41,0.4,0.41,7757400
TWZ,20110525,0.41,0.41,0.4,0.4,9463600
TWZ,20110526,0.41,0.41,0.39,0.39,5645400
TWZ,20110527,0.39,0.41,0.39,0.4,7053700
TWZ,20110530,0.4,0.4,0.39,0.39,3137400
TWZ,20110531,0.4,0.4,0.39,0.4,2278300
TWZ,20110601,0.4,0.41,0.39,0.39,8473200
TWZ,20110602,0.39,0.41,0.39,0.4,7994500
TWZ,20110603,0.4,0.4,0.39,0.4,2442000
TWZ,20110606,0.4,0.4,0.39,0.39,21954900
TWZ,20110607,0.39,0.4,0.38,0.38,7487700
TWZ,20110608,0.38,0.39,0.37,0.38,11593300
TWZ,20110609,0.38,0.38,0.37,0.38,8112900
TWZ,20110610,0.38,0.39,0.37,0.38,4596800
TWZ,20110613,0.38,0.38,0.37,0.37,9661300
TWZ,20110614,0.37,0.38,0.37,0.37,1818700
TWZ,20110615,0.38,0.38,0.37,0.38,5492900
TWZ,20110616,0.37,0.38,0.37,0.37,7266200
TWZ,20110617,0.38,0.38,0.37,0.37,7259800
TWZ,20110620,0.38,0.38,0.37,0.37,2925600
TWZ,20110621,0.37,0.38,0.37,0.37,2751600
TWZ,20110622,0.37,0.38,0.37,0.37,4532900
TWZ,20110623,0.37,0.4,0.37,0.38,39368000
TWZ,20110624,0.38,0.39,0.37,0.37,11076000
TWZ,20110627,0.38,0.38,0.36,0.36,27983800
TWZ,20110628,0.36,0.38,0.36,0.36,17469200
TWZ,20110629,0.37,0.38,0.37,0.37,9733100
TWZ,20110630,0.37,0.4,0.37,0.38,40136700
TWZ,20110704,0.4,0.43,0.4,0.41,109165900
TWZ,20110705,0.42,0.42,0.4,0.4,37665700
TWZ,20110706,0.4,0.41,0.39,0.39,17965300
TWZ,20110707,0.39,0.41,0.39,0.4,19467700
TWZ,20110708,0.4,0.41,0.39,0.4,6100600
TWZ,20110711,0.4,0.41,0.4,0.4,9433900
TWZ,20110712,0.4,0.4,0.39,0.39,7228500
TWZ,20110713,0.39,0.41,0.39,0.4,8149200
TWZ,20110714,0.4,0.41,0.4,0.4,7829400
TWZ,20110718,0.4,0.41,0.4,0.4,7345500
TWZ,20110719,0.4,0.41,0.39,0.41,15755100
TWZ,20110720,0.41,0.41,0.4,0.4,14099500
TWZ,20110721,0.4,0.41,0.4,0.4,6143400
TWZ,20110722,0.41,0.41,0.4,0.4,3934200
TWZ,20110725,0.4,0.41,0.4,0.4,8716400
TWZ,20110726,0.4,0.41,0.39,0.39,5372100
TWZ,20110727,0.4,0.41,0.39,0.4,9567600
TWZ,20110728,0.4,0.41,0.4,0.4,5999000
TWZ,20110729,0.4,0.43,0.4,0.41,125474400
TWZ,20110801,0.42,0.43,0.41,0.41,13150700
TWZ,20110802,0.41,0.46,0.41,0.46,263085800
TWZ,20110803,0.46,0.49,0.46,0.47,357828800
TWZ,20110804,0.48,0.49,0.46,0.46,123327900
TWZ,20110805,0.44,0.45,0.43,0.44,86536500
TWZ,20110808,0.43,0.45,0.43,0.44,40437100
TWZ,20110809,0.43,0.44,0.41,0.41,53693200
TWZ,20110810,0.43,0.43,0.41,0.41,48369000
TWZ,20110811,0.42,0.43,0.42,0.42,38809500
TWZ,20110815,0.42,0.43,0.41,0.42,29095000
TWZ,20110816,0.42,0.43,0.41,0.41,18749700
TWZ,20110817,0.41,0.44,0.41,0.43,40598300
TWZ,20110818,0.43,0.44,0.42,0.42,22183100
TWZ,20110819,0.42,0.46,0.41,0.45,190183600
TWZ,20110822,0.46,0.46,0.39,0.4,258430800
TWZ,20110823,0.41,0.42,0.37,0.38,224786200
TWZ,20110824,0.38,0.39,0.37,0.37,43757700
TWZ,20110825,0.38,0.38,0.32,0.33,133118100
TWZ,20110826,0.32,0.34,0.31,0.33,46388600
TWZ,20110829,0.34,0.34,0.33,0.33,13842300
TWZ,20110830,0.34,0.35,0.33,0.33,34720900
TWZ,20110831,0.33,0.34,0.33,0.34,10217200
TWZ,20110901,0.34,0.35,0.33,0.33,8830500
TWZ,20110902,0.34,0.35,0.33,0.34,9470300
TWZ,20110905,0.34,0.35,0.33,0.34,10438100
TWZ,20110906,0.34,0.35,0.33,0.34,9354600
TWZ,20110907,0.34,0.36,0.34,0.36,36994000
TWZ,20110908,0.36,0.36,0.33,0.34,82576200
TWZ,20110909,0.34,0.35,0.33,0.33,12193400
TWZ,20110912,0.34,0.34,0.33,0.33,6805200
TWZ,20110913,0.33,0.34,0.32,0.32,16536500
TWZ,20110914,0.33,0.33,0.32,0.32,7231300
TWZ,20110915,0.33,0.33,0.32,0.33,5517100
TWZ,20110916,0.33,0.34,0.32,0.33,12289000
TWZ,20110919,0.33,0.33,0.32,0.32,2316600
TWZ,20110920,0.32,0.33,0.31,0.32,17037500
TWZ,20110921,0.32,0.33,0.31,0.32,3051800
TWZ,20110922,0.32,0.32,0.29,0.29,31426900
TWZ,20110923,0.28,0.29,0.27,0.28,46684700
TWZ,20110926,0.28,0.28,0.24,0.26,35279300
TWZ,20110927,0.26,0.27,0.25,0.27,11586100
TWZ,20110928,0.27,0.28,0.25,0.27,45859500
TWZ,20110929,0.26,0.28,0.26,0.27,9671400
TWZ,20110930,0.27,0.29,0.26,0.27,25922000
TWZ,20111003,0.27,0.27,0.23,0.23,51522700
TWZ,20111004,0.23,0.25,0.22,0.24,25541600
TWZ,20111005,0.24,0.25,0.23,0.24,12126900
TWZ,20111006,0.24,0.26,0.24,0.25,19163400
TWZ,20111007,0.26,0.26,0.24,0.25,8434000
TWZ,20111010,0.24,0.25,0.24,0.24,5047200
TWZ,20111011,0.25,0.26,0.25,0.25,13157700
TWZ,20111012,0.25,0.26,0.24,0.26,1531800
TWZ,20111013,0.25,0.26,0.25,0.25,5937300
TWZ,20111014,0.25,0.26,0.25,0.26,638700
TWZ,20111017,0.26,0.27,0.26,0.26,20959800
TWZ,20111018,0.26,0.26,0.25,0.25,2310900
TWZ,20111019,0.25,0.26,0.24,0.25,7160200
TWZ,20111020,0.25,0.25,0.23,0.24,6231700
TWZ,20111021,0.23,0.25,0.23,0.24,887100
TWZ,20111025,0.24,0.25,0.24,0.25,1701500
TWZ,20111026,0.24,0.25,0.24,0.24,2042800
TWZ,20111027,0.24,0.25,0.24,0.25,2157700
TWZ,20111028,0.25,0.26,0.25,0.25,14625000
TWZ,20111031,0.25,0.26,0.25,0.25,914300
TWZ,20111101,0.25,0.26,0.25,0.25,5833200
TWZ,20111102,0.25,0.26,0.25,0.25,5371500
TWZ,20111103,0.26,0.26,0.25,0.26,3985300
TWZ,20111104,0.26,0.26,0.25,0.25,4546800
TWZ,20111107,0.25,0.26,0.25,0.25,1087600
TWZ,20111108,0.26,0.26,0.25,0.26,1653800
TWZ,20111109,0.25,0.27,0.24,0.25,47207000
TWZ,20111110,0.25,0.26,0.24,0.26,10417500
TWZ,20111111,0.25,0.26,0.25,0.25,784300
TWZ,20111114,0.26,0.26,0.25,0.25,1103500
TWZ,20111115,0.25,0.26,0.25,0.25,2884000
TWZ,20111116,0.26,0.26,0.25,0.25,3364500
TWZ,20111117,0.25,0.27,0.25,0.27,32743000
TWZ,20111118,0.26,0.27,0.26,0.26,2766400
TWZ,20111121,0.26,0.27,0.25,0.26,6987600
TWZ,20111122,0.26,0.26,0.25,0.26,7481000
TWZ,20111123,0.26,0.26,0.25,0.26,1109400
TWZ,20111124,0.26,0.26,0.25,0.26,13085100
TWZ,20111125,0.26,0.27,0.25,0.26,4623500
TWZ,20111128,0.26,0.26,0.26,0.26,1785000
TWZ,20111129,0.26,0.27,0.25,0.27,1402600
TWZ,20111130,0.27,0.27,0.26,0.27,7810000
TWZ,20111201,0.27,0.27,0.26,0.27,752700
TWZ,20111202,0.27,0.27,0.26,0.27,9192800
TWZ,20111206,0.26,0.27,0.26,0.27,1541700
TWZ,20111207,0.26,0.27,0.26,0.26,5299900
TWZ,20111208,0.26,0.27,0.26,0.27,12130200
TWZ,20111209,0.27,0.29,0.27,0.27,36559900
TWZ,20111213,0.28,0.28,0.27,0.27,4495900
TWZ,20111214,0.27,0.28,0.26,0.27,14701100
TWZ,20111215,0.26,0.27,0.26,0.27,3922000
TWZ,20111216,0.27,0.27,0.27,0.27,7562800
TWZ,20111219,0.27,0.27,0.27,0.27,3726100
TWZ,20111220,0.27,0.28,0.27,0.27,3962200
TWZ,20111221,0.27,0.28,0.26,0.27,4261500
TWZ,20111222,0.27,0.28,0.27,0.27,4504300
TWZ,20111223,0.27,0.28,0.27,0.28,2185100
TWZ,20111226,0.28,0.31,0.28,0.29,91969900
TWZ,20111227,0.29,0.29,0.28,0.28,7466000
TWZ,20111228,0.28,0.29,0.27,0.28,8433000
TWZ,20111229,0.28,0.29,0.28,0.28,7277200
TWZ,20111230,0.28,0.28,0.27,0.28,3278500
TWZ,20120104,0.28,0.29,0.27,0.28,6124800
TWZ,20120105,0.28,0.28,0.28,0.28,2843000
TWZ,20120106,0.28,0.28,0.28,0.28,1791300
TWZ,20120109,0.29,0.29,0.28,0.28,2768300
TWZ,20120110,0.28,0.29,0.28,0.28,4569900
TWZ,20120111,0.28,0.29,0.27,0.27,3667300
TWZ,20120112,0.28,0.29,0.27,0.27,8187300
TWZ,20120113,0.28,0.3,0.28,0.29,59774700
TWZ,20120116,0.29,0.3,0.28,0.29,3589400
TWZ,20120117,0.29,0.31,0.29,0.29,16861600
TWZ,20120118,0.3,0.3,0.29,0.29,4981400
TWZ,20120119,0.29,0.3,0.29,0.29,7718300
TWZ,20120120,0.3,0.3,0.29,0.29,4823200
TWZ,20120123,0.3,0.3,0.29,0.29,2717200
TWZ,20120124,0.29,0.3,0.28,0.28,2933600
TWZ,20120125,0.29,0.29,0.28,0.28,3581700
TWZ,20120126,0.28,0.29,0.28,0.29,1962600
TWZ,20120127,0.29,0.29,0.28,0.29,4234000
TWZ,20120130,0.3,0.3,0.28,0.29,3828700
TWZ,20120131,0.29,0.31,0.29,0.29,15197300
TWZ,20120201,0.3,0.31,0.29,0.3,25410600
TWZ,20120202,0.31,0.32,0.3,0.31,24852900
TWZ,20120203,0.31,0.32,0.3,0.31,13094200
TWZ,20120206,0.31,0.32,0.3,0.31,17001200
TWZ,20120207,0.32,0.33,0.31,0.32,63825000
TWZ,20120208,0.32,0.32,0.31,0.31,24615400
TWZ,20120209,0.32,0.32,0.31,0.31,4093200
TWZ,20120210,0.31,0.33,0.31,0.32,24375400
TWZ,20120213,0.32,0.33,0.32,0.32,9237900
TWZ,20120214,0.32,0.33,0.31,0.32,21362500
TWZ,20120215,0.33,0.34,0.32,0.33,62431300
TWZ,20120216,0.34,0.34,0.32,0.33,11649900
TWZ,20120217,0.33,0.34,0.32,0.33,22605300
TWZ,20120220,0.33,0.35,0.33,0.33,47167800
TWZ,20120221,0.34,0.35,0.33,0.34,11563300
TWZ,20120222,0.35,0.35,0.34,0.34,21732800
TWZ,20120223,0.34,0.35,0.33,0.34,10866100
TWZ,20120224,0.34,0.34,0.33,0.34,18876400
TWZ,20120227,0.34,0.36,0.34,0.35,33747200
TWZ,20120228,0.35,0.36,0.35,0.35,15972100
TWZ,20120229,0.35,0.36,0.35,0.35,25265200
TWZ,20120301,0.35,0.37,0.35,0.36,34522200
TWZ,20120302,0.36,0.39,0.36,0.39,114635300
TWZ,20120305,0.39,0.4,0.38,0.38,32175500
TWZ,20120306,0.38,0.39,0.38,0.38,9570900
TWZ,20120308,0.38,0.41,0.38,0.4,103337500
TWZ,20120309,0.4,0.4,0.38,0.38,104188000
TWZ,20120312,0.38,0.39,0.37,0.38,16036900
TWZ,20120313,0.37,0.38,0.37,0.37,6148800
TWZ,20120314,0.37,0.38,0.37,0.37,2849600
TWZ,20120315,0.37,0.38,0.37,0.37,6334300
TWZ,20120316,0.37,0.38,0.37,0.37,8718800
TWZ,20120319,0.37,0.38,0.37,0.38,6762300
TWZ,20120320,0.37,0.38,0.37,0.37,12662900
TWZ,20120321,0.37,0.38,0.37,0.37,6111000
TWZ,20120322,0.37,0.38,0.37,0.37,5161900
TWZ,20120323,0.37,0.38,0.37,0.38,14732800
TWZ,20120326,0.38,0.38,0.37,0.37,3126800
TWZ,20120327,0.37,0.38,0.37,0.37,810900
TWZ,20120328,0.37,0.38,0.36,0.36,20619600
TWZ,20120329,0.36,0.36,0.35,0.35,10222500
TWZ,20120330,0.36,0.37,0.35,0.37,35905800
TWZ,20120402,0.36,0.37,0.36,0.37,3760100
TWZ,20120403,0.36,0.36,0.36,0.36,1348700
TWZ,20120404,0.37,0.39,0.34,0.38,97023400
TWZ,20120405,0.37,0.39,0.37,0.38,24962600
TWZ,20120410,0.37,0.39,0.37,0.37,53013900
TWZ,20120411,0.38,0.38,0.37,0.37,1342200
TWZ,20120412,0.38,0.39,0.38,0.38,6290800
TWZ,20120417,0.38,0.39,0.38,0.38,14446100
TWZ,20120418,0.39,0.4,0.39,0.39,39895600
TWZ,20120419,0.4,0.4,0.39,0.39,8554200
TWZ,20120420,0.39,0.4,0.38,0.39,8986400
TWZ,20120423,0.4,0.4,0.39,0.39,46873900
TWZ,20120424,0.39,0.4,0.39,0.39,1768200
TWZ,20120425,0.4,0.4,0.39,0.39,2408400
TWZ,20120426,0.4,0.4,0.39,0.4,4728600
TWZ,20120427,0.39,0.4,0.39,0.4,6942700
TWZ,20120430,0.39,0.39,0.38,0.39,22452900
TWZ,20120502,0.39,0.39,0.37,0.38,8141900
TWZ,20120503,0.38,0.38,0.37,0.37,3788200
TWZ,20120504,0.37,0.37,0.36,0.37,5042900
TWZ,20120508,0.36,0.38,0.36,0.38,10100100
TWZ,20120509,0.38,0.38,0.37,0.37,4316500
TWZ,20120510,0.37,0.38,0.36,0.37,22079100
TWZ,20120511,0.37,0.38,0.37,0.37,7227200
TWZ,20120514,0.37,0.39,0.36,0.37,63173000
TWZ,20120515,0.37,0.38,0.36,0.37,9720400
TWZ,20120516,0.38,0.38,0.34,0.34,46451900
TWZ,20120517,0.35,0.35,0.34,0.34,4239800
TWZ,20120518,0.34,0.36,0.34,0.35,17699300
TWZ,20120521,0.35,0.36,0.35,0.35,3429400
TWZ,20120522,0.35,0.36,0.35,0.35,5542400
TWZ,20120523,0.35,0.35,0.34,0.34,8239700
TWZ,20120524,0.34,0.36,0.34,0.34,14231200
TWZ,20120525,0.36,0.36,0.35,0.35,7519000
TWZ,20120528,0.34,0.37,0.34,0.36,40463200
TWZ,20120529,0.37,0.38,0.36,0.37,26452800
TWZ,20120530,0.37,0.38,0.36,0.36,20093400
TWZ,20120531,0.36,0.38,0.36,0.36,12723900
TWZ,20120601,0.36,0.36,0.35,0.35,9246500
TWZ,20120605,0.36,0.36,0.35,0.36,2324600
TWZ,20120606,0.36,0.37,0.34,0.35,13420600
TWZ,20120607,0.35,0.35,0.34,0.34,5042400
TWZ,20120608,0.34,0.35,0.34,0.35,1809600
TWZ,20120611,0.36,0.37,0.34,0.36,27948200
TWZ,20120612,0.35,0.36,0.35,0.36,1209400
TWZ,20120613,0.36,0.36,0.35,0.36,1137300
TWZ,20120614,0.36,0.36,0.35,0.36,1552400
TWZ,20120615,0.36,0.36,0.35,0.35,754800
TWZ,20120618,0.35,0.36,0.35,0.35,703500
TWZ,20120619,0.36,0.38,0.34,0.35,56375200
TWZ,20120620,0.34,0.35,0.33,0.34,42785700
TWZ,20120621,0.34,0.35,0.34,0.34,5105400
TWZ,20120622,0.34,0.35,0.33,0.34,2757800
TWZ,20120625,0.35,0.35,0.34,0.34,1817000
TWZ,20120626,0.34,0.35,0.34,0.34,2044100
TWZ,20120627,0.34,0.35,0.34,0.34,3796300
TWZ,20120628,0.35,0.35,0.33,0.34,32320100
TWZ,20120629,0.34,0.34,0.33,0.34,2856100
TWZ,20120702,0.34,0.35,0.34,0.34,3159000
TWZ,20120703,0.33,0.33,0.31,0.32,67708600
TWZ,20120704,0.32,0.33,0.32,0.32,4213300
TWZ,20120705,0.33,0.33,0.31,0.32,2475000
TWZ,20120706,0.32,0.33,0.31,0.33,14328300
TWZ,20120709,0.32,0.33,0.32,0.33,9376700
TWZ,20120710,0.33,0.34,0.33,0.33,1477700
TWZ,20120711,0.33,0.34,0.33,0.33,4298200
TWZ,20120712,0.33,0.34,0.33,0.33,4070100
TWZ,20120713,0.33,0.35,0.33,0.33,30243100
TWZ,20120716,0.34,0.34,0.33,0.33,6124500
TWZ,20120717,0.33,0.35,0.33,0.33,7589200
TWZ,20120718,0.33,0.34,0.33,0.34,249500
TWZ,20120719,0.33,0.34,0.33,0.33,6457800
TWZ,20120720,0.34,0.34,0.33,0.33,9171400
TWZ,20120723,0.33,0.34,0.33,0.33,3945900
TWZ,20120724,0.33,0.34,0.33,0.33,11915000
TWZ,20120725,0.34,0.34,0.33,0.33,30501000
TWZ,20120726,0.33,0.34,0.33,0.33,2383700
TWZ,20120727,0.33,0.35,0.33,0.33,26186900
TWZ,20120730,0.33,0.33,0.32,0.32,31007700
TWZ,20120731,0.32,0.32,0.31,0.32,9055100
TWZ,20120801,0.31,0.32,0.31,0.32,4022000
TWZ,20120803,0.32,0.34,0.32,0.32,56984900
TWZ,20120806,0.32,0.33,0.32,0.32,3144600
TWZ,20120807,0.33,0.33,0.32,0.32,1197300
TWZ,20120808,0.32,0.33,0.32,0.33,12981600
TWZ,20120809,0.33,0.33,0.32,0.32,28650800
TWZ,20120810,0.33,0.33,0.32,0.32,9608100
TWZ,20120814,0.32,0.34,0.32,0.32,15302100
TWZ,20120815,0.33,0.34,0.33,0.33,20903800
TWZ,20120816,0.33,0.37,0.33,0.36,74734100
TWZ,20120817,0.36,0.37,0.35,0.36,25759600
TWZ,20120820,0.36,0.36,0.35,0.35,2489300
TWZ,20120821,0.35,0.35,0.34,0.34,1622400
TWZ,20120822,0.34,0.35,0.34,0.35,4349900
TWZ,20120823,0.35,0.35,0.34,0.34,5470000
TWZ,20120824,0.34,0.35,0.34,0.34,13305500
TWZ,20120827,0.35,0.36,0.35,0.36,9509200
TWZ,20120828,0.36,0.36,0.35,0.35,6362200
TWZ,20120829,0.36,0.36,0.34,0.35,8586400
TWZ,20120830,0.35,0.35,0.34,0.35,1264200
TWZ,20120831,0.35,0.36,0.35,0.35,2624200
TWZ,20120903,0.35,0.36,0.35,0.36,4469200
TWZ,20120904,0.35,0.36,0.35,0.35,2970700
TWZ,20120905,0.35,0.36,0.35,0.35,1335200
TWZ,20120906,0.35,0.36,0.35,0.35,1593700
TWZ,20120907,0.35,0.35,0.33,0.33,37051600
TWZ,20120910,0.33,0.33,0.32,0.33,34765500
TWZ,20120911,0.33,0.33,0.31,0.32,35938300
TWZ,20120912,0.32,0.33,0.32,0.32,15117700
TWZ,20120913,0.33,0.33,0.32,0.32,15736100
TWZ,20120914,0.32,0.33,0.32,0.32,8180800
TWZ,20120917,0.33,0.33,0.32,0.32,4259400
TWZ,20120918,0.33,0.33,0.32,0.32,5483200
TWZ,20120919,0.33,0.33,0.32,0.33,2844400
TWZ,20120920,0.33,0.33,0.32,0.32,2549800
TWZ,20120921,0.33,0.33,0.32,0.33,3757300
TWZ,20120924,0.33,0.33,0.32,0.32,1831700
TWZ,20120925,0.32,0.33,0.32,0.32,1097300
TWZ,20120926,0.33,0.33,0.32,0.32,2934300
TWZ,20120927,0.32,0.33,0.32,0.33,1377100
TWZ,20120928,0.33,0.33,0.32,0.32,4500900
TWZ,20121001,0.32,0.33,0.32,0.33,3035200
TWZ,20121002,0.32,0.33,0.32,0.32,1870500
TWZ,20121003,0.33,0.33,0.32,0.32,9660100
TWZ,20121004,0.32,0.33,0.32,0.32,9618400
TWZ,20121005,0.32,0.33,0.32,0.32,2549900
TWZ,20121008,0.33,0.34,0.32,0.33,57480000
TWZ,20121009,0.33,0.34,0.33,0.33,24045500
TWZ,20121010,0.34,0.36,0.33,0.36,91292900
TWZ,20121011,0.35,0.36,0.35,0.35,44734700
TWZ,20121012,0.36,0.36,0.34,0.34,13741900
TWZ,20121015,0.34,0.35,0.34,0.35,21215600
TWZ,20121016,0.35,0.38,0.35,0.37,356210400
TWZ,20121017,0.37,0.38,0.35,0.35,111294200
TWZ,20121018,0.35,0.36,0.35,0.35,16825400
TWZ,20121019,0.36,0.36,0.34,0.35,15432900
TWZ,20121022,0.35,0.36,0.35,0.36,9714600
TWZ,20121024,0.35,0.36,0.34,0.34,16545700
TWZ,20121025,0.34,0.36,0.34,0.35,33664700
TWZ,20121026,0.36,0.36,0.34,0.35,26243400
TWZ,20121029,0.35,0.36,0.34,0.35,18388900
TWZ,20121030,0.34,0.35,0.34,0.35,3814300
TWZ,20121031,0.35,0.35,0.34,0.34,2999400
TWZ,20121101,0.34,0.35,0.34,0.35,25404700
TWZ,20121102,0.35,0.36,0.34,0.35,48644000
TWZ,20121105,0.35,0.37,0.35,0.36,26639600
TWZ,20121106,0.36,0.37,0.35,0.35,19635900
TWZ,20121107,0.36,0.36,0.35,0.36,9700600
TWZ,20121108,0.36,0.36,0.35,0.35,4315200
TWZ,20121109,0.35,0.36,0.35,0.36,16471000
TWZ,20121112,0.35,0.36,0.35,0.35,13164400
TWZ,20121113,0.35,0.36,0.34,0.35,4216000
TWZ,20121114,0.36,0.36,0.34,0.34,12984500
TWZ,20121115,0.34,0.34,0.33,0.34,11961900
TWZ,20121116,0.33,0.35,0.33,0.35,7068800
TWZ,20121119,0.35,0.35,0.34,0.34,3584600
TWZ,20121120,0.35,0.35,0.33,0.34,4588200
TWZ,20121121,0.34,0.35,0.33,0.35,8799600
TWZ,20121122,0.34,0.35,0.34,0.35,2432100
TWZ,20121123,0.34,0.35,0.33,0.34,4543300
TWZ,20121126,0.34,0.34,0.33,0.34,3103300
TWZ,20121127,0.34,0.35,0.33,0.34,3703100
TWZ,20121128,0.34,0.35,0.34,0.34,2163700
TWZ,20121129,0.34,0.35,0.34,0.35,2787500
TWZ,20121130,0.34,0.37,0.34,0.35,49681600
TWZ,20121203,0.36,0.37,0.35,0.36,11411300
TWZ,20121204,0.36,0.37,0.36,0.36,11305600
TWZ,20121206,0.36,0.37,0.35,0.36,11573100
TWZ,20121207,0.36,0.38,0.36,0.37,99014900
TWZ,20121211,0.38,0.41,0.35,0.36,336693400
TWZ,20121212,0.37,0.37,0.36,0.36,11543900
TWZ,20121213,0.36,0.37,0.35,0.36,20732100
TWZ,20121214,0.36,0.37,0.35,0.36,25402000
TWZ,20121217,0.36,0.37,0.35,0.36,10305000
TWZ,20121218,0.36,0.37,0.35,0.36,14937500
TWZ,20121219,0.37,0.37,0.36,0.37,22324700
TWZ,20121220,0.37,0.37,0.36,0.36,14224900
TWZ,20121221,0.37,0.37,0.36,0.37,11973000
TWZ,20121224,0.37,0.38,0.37,0.38,23391600
TWZ,20121225,0.38,0.43,0.37,0.4,438199600
TWZ,20121226,0.42,0.42,0.4,0.4,125384200
TWZ,20121227,0.4,0.42,0.4,0.41,101368100
TWZ,20121228,0.42,0.44,0.39,0.41,181692200
TWZ,20130102,0.41,0.42,0.4,0.41,50970100
TWZ,20130103,0.4,0.42,0.4,0.41,36132100
TWZ,20130104,0.41,0.41,0.39,0.4,70402000
TWZ,20130107,0.4,0.41,0.39,0.4,31570800
TWZ,20130108,0.41,0.41,0.39,0.4,33900900
TWZ,20130109,0.42,0.43,0.41,0.41,299137800
TWZ,20130110,0.42,0.43,0.4,0.4,153107900
TWZ,20130111,0.4,0.41,0.39,0.4,60779900
TWZ,20130114,0.4,0.41,0.4,0.4,13859400
TWZ,20130115,0.41,0.44,0.4,0.43,261410000
TWZ,20130116,0.44,0.54,0.44,0.52,1084046500
TWZ,20130117,0.54,0.55,0.48,0.48,376736500
TWZ,20130118,0.49,0.52,0.48,0.51,268333500
TWZ,20130121,0.48,0.49,0.45,0.47,108908600
TWZ,20130122,0.47,0.47,0.43,0.44,61984500
TWZ,20130123,0.44,0.44,0.39,0.41,89616400
TWZ,20130124,0.41,0.43,0.4,0.43,44152200
TWZ,20130125,0.42,0.43,0.42,0.42,31702300
TWZ,20130128,0.43,0.44,0.42,0.44,27767200
TWZ,20130129,0.44,0.47,0.43,0.47,79145400
TWZ,20130130,0.47,0.47,0.44,0.45,27512500
TWZ,20130131,0.44,0.46,0.44,0.44,29911900
TWZ,20130201,0.45,0.46,0.44,0.46,21742800
TWZ,20130204,0.46,0.48,0.46,0.47,70092200
TWZ,20130205,0.46,0.48,0.45,0.48,41297700
TWZ,20130206,0.48,0.49,0.47,0.48,52435900
TWZ,20130207,0.49,0.5,0.46,0.48,68042500
TWZ,20130208,0.48,0.52,0.48,0.51,77870900
TWZ,20130211,0.51,0.51,0.49,0.49,76671500
TWZ,20130212,0.5,0.5,0.48,0.49,28331100
TWZ,20130213,0.49,0.5,0.46,0.46,46411000
TWZ,20130214,0.47,0.48,0.46,0.46,82836300
TWZ,20130215,0.47,0.47,0.45,0.47,23167500
TWZ,20130218,0.47,0.47,0.45,0.46,22143500
TWZ,20130219,0.45,0.46,0.45,0.46,9244800
TWZ,20130220,0.46,0.46,0.44,0.45,49440200
TWZ,20130221,0.45,0.46,0.44,0.46,32497000
TWZ,20130222,0.46,0.46,0.44,0.45,40561900
TWZ,20130226,0.45,0.45,0.41,0.42,118431000
TWZ,20130227,0.42,0.43,0.41,0.41,37489700
TWZ,20130228,0.41,0.42,0.4,0.41,32221300
TWZ,20130301,0.4,0.4,0.38,0.38,87379800
TWZ,20130304,0.38,0.4,0.38,0.39,33127400
TWZ,20130305,0.39,0.4,0.38,0.39,19959100
TWZ,20130306,0.4,0.4,0.38,0.38,25170200
TWZ,20130307,0.39,0.39,0.37,0.39,30635000
TWZ,20130308,0.39,0.4,0.38,0.39,28452800
TWZ,20130311,0.39,0.44,0.39,0.44,162513000
TWZ,20130312,0.44,0.45,0.42,0.43,83997300
TWZ,20130313,0.44,0.45,0.43,0.44,42126700
TWZ,20130314,0.44,0.46,0.44,0.45,68238400
TWZ,20130315,0.46,0.49,0.46,0.48,236827400
TWZ,20130318,0.49,0.5,0.48,0.48,133088900
TWZ,20130319,0.49,0.5,0.46,0.47,106887100
TWZ,20130320,0.47,0.49,0.46,0.47,89831300
TWZ,20130321,0.47,0.48,0.45,0.46,59472700
TWZ,20130322,0.45,0.46,0.41,0.41,47567600
TWZ,20130325,0.41,0.45,0.41,0.45,27034600
TWZ,20130326,0.45,0.47,0.42,0.43,117731600
TWZ,20130327,0.44,0.45,0.43,0.45,66761400
TWZ,20130328,0.45,0.53,0.45,0.53,730363100
TWZ,20130329,0.54,0.55,0.5,0.5,479407400
TWZ,20130401,0.5,0.59,0.48,0.57,1195383500
TWZ,20130402,0.57,0.58,0.54,0.55,336286200
TWZ,20130403,0.55,0.55,0.47,0.48,267060800
TWZ,20130404,0.46,0.51,0.46,0.5,120347200
TWZ,20130405,0.5,0.51,0.47,0.47,86710700
TWZ,20130409,0.46,0.46,0.42,0.42,52316600
TWZ,20130410,0.43,0.45,0.43,0.45,15443100
TWZ,20130411,0.45,0.47,0.45,0.46,14217500
TWZ,20130412,0.46,0.47,0.45,0.46,7334100
TWZ,20130417,0.46,0.47,0.46,0.46,9201400
TWZ,20130418,0.46,0.47,0.45,0.47,4152400
TWZ,20130419,0.46,0.48,0.46,0.47,12301200
TWZ,20130422,0.47,0.48,0.46,0.48,12594800
TWZ,20130423,0.47,0.49,0.47,0.48,16806300
TWZ,20130424,0.49,0.49,0.47,0.48,8843600
TWZ,20130425,0.48,0.49,0.47,0.48,9312300
TWZ,20130426,0.47,0.48,0.47,0.47,6789800
TWZ,20130429,0.48,0.48,0.46,0.47,12286200
TWZ,20130430,0.47,0.48,0.47,0.47,3631800
TWZ,20130502,0.47,0.48,0.46,0.46,6062500
TWZ,20130503,0.47,0.48,0.46,0.47,11218600
TWZ,20130507,0.47,0.48,0.47,0.48,7078600
TWZ,20130508,0.48,0.49,0.47,0.49,24951200
TWZ,20130509,0.49,0.5,0.48,0.49,23123200
TWZ,20130510,0.49,0.5,0.49,0.5,12801300
TWZ,20130513,0.5,0.51,0.48,0.49,25839000
TWZ,20130514,0.49,0.5,0.48,0.49,11376400
TWZ,20130515,0.5,0.5,0.49,0.49,7323600
TWZ,20130516,0.49,0.5,0.48,0.49,7175200
TWZ,20130517,0.49,0.53,0.48,0.52,67165600
TWZ,20130520,0.52,0.54,0.51,0.51,124988100
TWZ,20130521,0.51,0.53,0.5,0.5,37199800
TWZ,20130522,0.51,0.52,0.49,0.49,31196300
TWZ,20130523,0.49,0.51,0.47,0.49,77113700
TWZ,20130527,0.49,0.49,0.47,0.48,16182100
TWZ,20130528,0.48,0.5,0.48,0.5,21334400
TWZ,20130529,0.49,0.52,0.49,0.49,57805900
TWZ,20130530,0.49,0.5,0.48,0.48,17388100
TWZ,20130531,0.48,0.5,0.48,0.48,16780600
TWZ,20130603,0.48,0.48,0.46,0.47,12253800
TWZ,20130604,0.47,0.48,0.46,0.47,6024300
TWZ,20130605,0.47,0.47,0.45,0.45,14063000
TWZ,20130606,0.44,0.44,0.41,0.41,35114100
TWZ,20130607,0.41,0.43,0.41,0.43,17090200
TWZ,20130610,0.43,0.44,0.42,0.43,5402800
TWZ,20130611,0.42,0.43,0.39,0.39,22167200
TWZ,20130612,0.39,0.41,0.38,0.39,35352400
TWZ,20130613,0.37,0.38,0.36,0.37,26381400
TWZ,20130614,0.38,0.4,0.38,0.39,20019900
TWZ,20130617,0.39,0.4,0.38,0.38,12082800
TWZ,20130618,0.38,0.41,0.38,0.38,23074200
TWZ,20130619,0.39,0.39,0.38,0.38,5293400
TWZ,20130620,0.37,0.4,0.37,0.38,34673700
TWZ,20130621,0.38,0.39,0.37,0.38,15094500
TWZ,20130624,0.38,0.41,0.37,0.39,42236300
TWZ,20130625,0.4,0.4,0.37,0.4,44485600
TWZ,20130626,0.42,0.47,0.41,0.44,146196300
TWZ,20130627,0.45,0.45,0.42,0.42,50913500
TWZ,20130628,0.43,0.44,0.42,0.43,29320400
TWZ,20130702,0.44,0.45,0.43,0.44,52253500
TWZ,20130703,0.44,0.45,0.44,0.44,21757000
TWZ,20130704,0.45,0.46,0.43,0.44,63063400
TWZ,20130705,0.44,0.45,0.43,0.45,7720600
TWZ,20130708,0.45,0.45,0.42,0.42,13855000
TWZ,20130709,0.43,0.43,0.41,0.41,10831700
TWZ,20130710,0.42,0.42,0.4,0.4,10965900
TWZ,20130711,0.4,0.42,0.4,0.42,7804600
TWZ,20130712,0.42,0.43,0.41,0.42,8155800
TWZ,20130715,0.43,0.43,0.42,0.42,3612400
TWZ,20130716,0.42,0.45,0.42,0.43,38334200
TWZ,20130717,0.43,0.45,0.43,0.44,50519700
TWZ,20130718,0.44,0.44,0.43,0.44,6850200
TWZ,20130719,0.44,0.45,0.43,0.44,17935300
TWZ,20130723,0.45,0.47,0.45,0.45,54933900
TWZ,20130724,0.45,0.46,0.43,0.44,38701700
TWZ,20130725,0.44,0.44,0.42,0.42,16481200
TWZ,20130726,0.42,0.43,0.42,0.42,4697400
TWZ,20130729,0.42,0.42,0.42,0.42,1689900
TWZ,20130730,0.42,0.43,0.41,0.41,10015100
TWZ,20130731,0.41,0.41,0.4,0.4,9901100
TWZ,20130801,0.41,0.41,0.4,0.41,5607300
TWZ,20130802,0.41,0.41,0.4,0.4,8628000
TWZ,20130805,0.4,0.42,0.39,0.4,11093100
TWZ,20130806,0.4,0.42,0.4,0.41,21511200
TWZ,20130807,0.41,0.42,0.4,0.41,3508300
TWZ,20130808,0.41,0.42,0.41,0.41,838700
TWZ,20130809,0.41,0.43,0.41,0.42,21227100
TWZ,20130813,0.42,0.43,0.41,0.41,15853500
TWZ,20130814,0.42,0.43,0.41,0.42,8138300
TWZ,20130815,0.42,0.42,0.41,0.42,2810600
TWZ,20130816,0.41,0.42,0.41,0.41,2814600
TWZ,20130819,0.42,0.42,0.4,0.41,6832600
TWZ,20130820,0.4,0.4,0.39,0.4,12049900
TWZ,20130821,0.4,0.41,0.39,0.4,5583200
TWZ,20130822,0.4,0.41,0.39,0.4,5393900
TWZ,20130823,0.41,0.41,0.4,0.4,4120900
TWZ,20130826,0.4,0.42,0.4,0.4,46280200
TWZ,20130827,0.4,0.4,0.39,0.39,9432500
TWZ,20130828,0.39,0.39,0.38,0.38,20626300
TWZ,20130829,0.39,0.4,0.39,0.4,12373800
TWZ,20130830,0.35,0.36,0.34,0.35,18722800
TWZ,20130902,0.35,0.36,0.34,0.36,4579100
TWZ,20130903,0.35,0.36,0.35,0.35,3061400
TWZ,20130904,0.35,0.35,0.34,0.34,7971500
TWZ,20130905,0.34,0.35,0.34,0.34,4839600
TWZ,20130906,0.34,0.36,0.34,0.35,15386500
TWZ,20130909,0.36,0.37,0.36,0.36,8625000
TWZ,20130910,0.36,0.37,0.35,0.35,6656300
TWZ,20130911,0.36,0.36,0.35,0.36,1111800
TWZ,20130912,0.36,0.37,0.36,0.36,2357200
TWZ,20130913,0.36,0.37,0.36,0.36,2032700
TWZ,20130916,0.37,0.38,0.37,0.37,7017500
TWZ,20130917,0.37,0.38,0.37,0.37,2925800
TWZ,20130918,0.38,0.38,0.37,0.38,3294700
TWZ,20130919,0.39,0.4,0.38,0.39,28878800
TWZ,20130920,0.39,0.4,0.39,0.39,5334400
TWZ,20130923,0.38,0.39,0.38,0.38,4580400
TWZ,20130924,0.38,0.4,0.38,0.39,12657600
TWZ,20130925,0.4,0.41,0.39,0.4,37860000
TWZ,20130926,0.4,0.4,0.39,0.39,10054500
TWZ,20130927,0.4,0.4,0.39,0.39,2230200
TWZ,20130930,0.39,0.39,0.38,0.38,5430200
TWZ,20131001,0.38,0.39,0.38,0.38,2815200
TWZ,20131002,0.38,0.39,0.38,0.39,1777600
TWZ,20131003,0.39,0.4,0.38,0.39,4443100
TWZ,20131004,0.39,0.4,0.38,0.38,1982300
TWZ,20131007,0.39,0.4,0.38,0.39,2179500
TWZ,20131008,0.39,0.39,0.38,0.39,3268900
TWZ,20131009,0.38,0.39,0.38,0.39,5564900
TWZ,20131010,0.39,0.39,0.38,0.38,6635800
TWZ,20131011,0.39,0.4,0.38,0.39,9289300
TWZ,20131014,0.39,0.4,0.38,0.4,2360000
TWZ,20131015,0.39,0.41,0.39,0.39,26541400
TWZ,20131016,0.4,0.42,0.39,0.4,105842600
TWZ,20131017,0.41,0.42,0.4,0.4,24715500
TWZ,20131018,0.4,0.41,0.39,0.4,6464100
TWZ,20131021,0.4,0.41,0.39,0.39,6401900
TWZ,20131022,0.4,0.4,0.38,0.39,3574000
TWZ,20131024,0.39,0.4,0.39,0.39,1533500
TWZ,20131025,0.39,0.4,0.38,0.39,2407000
TWZ,20131028,0.39,0.4,0.38,0.39,2612800
TWZ,20131029,0.39,0.4,0.38,0.39,4589900
TWZ,20131030,0.39,0.39,0.38,0.38,7083600
TWZ,20131031,0.38,0.39,0.38,0.38,4610700
TWZ,20131101,0.38,0.39,0.38,0.38,6742200
TWZ,20131104,0.37,0.38,0.37,0.37,13580900
TWZ,20131105,0.37,0.41,0.37,0.4,43778800
TWZ,20131106,0.4,0.4,0.39,0.39,47960800
TWZ,20131107,0.4,0.4,0.38,0.38,11890200
TWZ,20131108,0.38,0.39,0.38,0.38,622000
TWZ,20131111,0.38,0.38,0.37,0.37,4503200
TWZ,20131112,0.38,0.42,0.38,0.4,66831600
TWZ,20131113,0.39,0.42,0.39,0.41,111238700
TWZ,20131114,0.42,0.44,0.41,0.42,57871500
TWZ,20131115,0.42,0.43,0.41,0.41,17766400
TWZ,20131118,0.42,0.42,0.4,0.4,5477300
TWZ,20131119,0.4,0.41,0.39,0.4,6615400
TWZ,20131120,0.4,0.41,0.4,0.4,5183400
TWZ,20131121,0.39,0.4,0.38,0.38,8954800
TWZ,20131122,0.38,0.39,0.38,0.39,3083800
TWZ,20131125,0.38,0.39,0.37,0.38,4315500
TWZ,20131126,0.38,0.39,0.38,0.38,709100
TWZ,20131127,0.38,0.4,0.38,0.4,7167700
TWZ,20131128,0.4,0.4,0.36,0.37,72353100
TWZ,20131129,0.37,0.38,0.36,0.37,89293500
TWZ,20131202,0.36,0.37,0.35,0.36,33357400
TWZ,20131203,0.37,0.38,0.36,0.37,17045900
TWZ,20131204,0.37,0.37,0.37,0.37,10280900
TWZ,20131206,0.38,0.38,0.36,0.36,7343500
TWZ,20131209,0.37,0.37,0.36,0.36,2981300
TWZ,20131211,0.37,0.37,0.36,0.36,723000
TWZ,20131212,0.36,0.37,0.36,0.37,6635300
TWZ,20131213,0.37,0.37,0.36,0.36,2131000
TWZ,20131216,0.36,0.37,0.36,0.36,5741400
TWZ,20131217,0.36,0.37,0.36,0.36,12073700
TWZ,20131218,0.36,0.37,0.36,0.36,6619700
TWZ,20131219,0.36,0.37,0.36,0.36,26647000
TWZ,20131220,0.36,0.38,0.35,0.35,87233300
TWZ,20131223,0.36,0.36,0.32,0.33,73775700
TWZ,20131224,0.33,0.33,0.31,0.32,79360300
TWZ,20131225,0.33,0.33,0.32,0.33,13519400
TWZ,20131226,0.33,0.33,0.31,0.32,41100200
TWZ,20131227,0.32,0.32,0.31,0.32,7106200
TWZ,20140102,0.33,0.33,0.3,0.3,20588500
TWZ,20140103,0.3,0.31,0.29,0.3,6168800
TWZ,20140106,0.3,0.3,0.29,0.3,3484600
TWZ,20140107,0.3,0.31,0.3,0.3,2552500
TWZ,20140108,0.3,0.31,0.3,0.31,952300
TWZ,20140109,0.31,0.31,0.3,0.31,2545400
TWZ,20140110,0.31,0.31,0.3,0.31,894100
TWZ,20140113,0.3,0.31,0.3,0.31,3561900
TWZ,20140114,0.31,0.32,0.3,0.32,3202400
TWZ,20140115,0.32,0.32,0.31,0.31,1831200
TWZ,20140116,0.31,0.32,0.31,0.31,1026400
TWZ,20140117,0.31,0.33,0.31,0.32,5839100
TWZ,20140120,0.32,0.32,0.31,0.31,3021000
TWZ,20140121,0.32,0.33,0.31,0.32,5889300
TWZ,20140122,0.31,0.32,0.31,0.31,671800
TWZ,20140123,0.32,0.33,0.31,0.32,5454700
TWZ,20140124,0.31,0.33,0.31,0.33,6286200
TWZ,20140127,0.32,0.32,0.32,0.32,568900
TWZ,20140128,0.32,0.33,0.31,0.32,716200
TWZ,20140129,0.32,0.33,0.31,0.32,799100
TWZ,20140130,0.32,0.33,0.32,0.32,998900
TWZ,20140131,0.32,0.33,0.32,0.33,702900
TWZ,20140203,0.33,0.33,0.32,0.33,1882100
TWZ,20140204,0.32,0.34,0.32,0.33,3997600
TWZ,20140205,0.33,0.34,0.32,0.33,6984700
TWZ,20140206,0.33,0.33,0.32,0.33,3082100
TWZ,20140207,0.33,0.36,0.33,0.34,36533700
TWZ,20140210,0.34,0.36,0.34,0.35,11953600
TWZ,20140211,0.35,0.36,0.35,0.35,4767600
TWZ,20140212,0.35,0.38,0.34,0.38,32855200
TWZ,20140213,0.38,0.38,0.37,0.37,6725800
TWZ,20140217,0.37,0.38,0.36,0.36,10915700
TWZ,20140218,0.36,0.37,0.36,0.36,4063300
TWZ,20140219,0.37,0.39,0.37,0.37,11560800
TWZ,20140220,0.37,0.38,0.36,0.36,5408600
TWZ,20140221,0.37,0.37,0.36,0.36,422700
TWZ,20140224,0.36,0.37,0.36,0.36,5879000
TWZ,20140225,0.36,0.37,0.36,0.37,3710100
TWZ,20140226,0.36,0.38,0.36,0.36,1424300
TWZ,20140227,0.36,0.38,0.36,0.38,30399200
TWZ,20140228,0.38,0.39,0.36,0.37,42672800
TWZ,20140303,0.37,0.38,0.37,0.37,7325000
TWZ,20140304,0.37,0.38,0.37,0.37,13921400
TWZ,20140305,0.38,0.38,0.37,0.38,6290600
TWZ,20140306,0.38,0.39,0.37,0.38,6405600
TWZ,20140307,0.38,0.39,0.38,0.38,2344600
TWZ,20140310,0.38,0.39,0.37,0.38,4553700
TWZ,20140311,0.38,0.39,0.37,0.38,2727400
TWZ,20140312,0.38,0.39,0.37,0.38,4228900
TWZ,20140313,0.38,0.39,0.38,0.39,10493900
TWZ,20140314,0.39,0.39,0.38,0.38,2200800
TWZ,20140317,0.38,0.39,0.38,0.38,4959000
TWZ,20140318,0.39,0.39,0.38,0.38,5508900
TWZ,20140319,0.39,0.39,0.38,0.38,5576500
TWZ,20140320,0.38,0.38,0.37,0.37,1460000
TWZ,20140321,0.38,0.38,0.37,0.38,4564800
TWZ,20140324,0.36,0.37,0.36,0.36,10425700
TWZ,20140325,0.36,0.36,0.35,0.36,1479500
TWZ,20140326,0.36,0.36,0.35,0.35,1539600
TWZ,20140327,0.36,0.36,0.35,0.35,2933200
TWZ,20140328,0.35,0.36,0.35,0.35,1155500
TWZ,20140331,0.36,0.36,0.35,0.35,6591300
TWZ,20140401,0.35,0.36,0.35,0.36,2772300
TWZ,20140402,0.35,0.36,0.35,0.35,4926700
TWZ,20140403,0.35,0.36,0.35,0.36,1356100
TWZ,20140404,0.35,0.36,0.35,0.35,2302400
TWZ,20140408,0.35,0.36,0.35,0.35,794400
TWZ,20140409,0.35,0.36,0.35,0.35,4341900
TWZ,20140410,0.35,0.36,0.35,0.36,6926000
TWZ,20140411,0.35,0.36,0.35,0.35,6790100
TWZ,20140416,0.36,0.36,0.35,0.35,5500100
TWZ,20140417,0.35,0.38,0.35,0.37,42344100
TWZ,20140418,0.38,0.38,0.37,0.37,38083500
TWZ,20140421,0.37,0.37,0.36,0.36,4108600
TWZ,20140422,0.36,0.38,0.36,0.37,53656200
TWZ,20140423,0.38,0.38,0.37,0.37,10797400
TWZ,20140424,0.38,0.39,0.37,0.38,52012700
TWZ,20140425,0.38,0.39,0.37,0.38,19761900
TWZ,20140428,0.38,0.38,0.37,0.37,5389900
TWZ,20140429,0.37,0.38,0.37,0.38,7667600
TWZ,20140430,0.38,0.39,0.37,0.37,11414500
TWZ,20140502,0.38,0.38,0.35,0.36,54751000
TWZ,20140506,0.36,0.37,0.35,0.35,41007800
TWZ,20140507,0.35,0.36,0.34,0.35,22530600
TWZ,20140508,0.35,0.36,0.35,0.35,19675500
TWZ,20140509,0.34,0.34,0.32,0.33,29579800
TWZ,20140512,0.33,0.33,0.32,0.33,4474200
TWZ,20140514,0.33,0.35,0.33,0.35,24300000
TWZ,20140515,0.34,0.35,0.34,0.35,11111000
TWZ,20140516,0.35,0.36,0.35,0.35,12943900
TWZ,20140519,0.35,0.36,0.34,0.36,9992900
TWZ,20140520,0.35,0.35,0.34,0.35,5925500
TWZ,20140521,0.34,0.35,0.34,0.35,3615600
TWZ,20140522,0.35,0.35,0.34,0.35,15757100
TWZ,20140523,0.34,0.35,0.34,0.35,5079300
TWZ,20140526,0.36,0.36,0.34,0.36,92372000
TWZ,20140527,0.37,0.37,0.36,0.36,58823000
TWZ,20140528,0.36,0.37,0.36,0.37,34588900
TWZ,20140529,0.36,0.38,0.36,0.37,38362700
TWZ,20140530,0.37,0.38,0.35,0.36,49463500
TWZ,20140602,0.36,0.36,0.35,0.36,6172500
TWZ,20140603,0.36,0.37,0.35,0.36,80659300
TWZ,20140604,0.37,0.37,0.35,0.36,6873400
TWZ,20140605,0.36,0.37,0.36,0.36,3673600
TWZ,20140606,0.37,0.37,0.35,0.36,5271300
TWZ,20140609,0.36,0.37,0.35,0.35,6463600
TWZ,20140610,0.35,0.37,0.35,0.36,13193000
TWZ,20140611,0.36,0.38,0.36,0.38,129898900
TWZ,20140612,0.38,0.38,0.37,0.38,23661500
TWZ,20140613,0.38,0.38,0.37,0.37,15202300
TWZ,20140616,0.38,0.42,0.37,0.41,214258100
TWZ,20140617,0.41,0.42,0.39,0.4,93031800
TWZ,20140618,0.4,0.44,0.38,0.44,221956800
TWZ,20140619,0.44,0.47,0.42,0.46,380458800
TWZ,20140620,0.45,0.5,0.45,0.5,931273800
TWZ,20140623,0.53,0.58,0.53,0.57,1283367600
TWZ,20140624,0.59,0.59,0.56,0.57,778404400
TWZ,20140625,0.57,0.6,0.56,0.56,592297300
TWZ,20140626,0.56,0.57,0.53,0.54,366664700
TWZ,20140627,0.55,0.58,0.54,0.58,400987600
TWZ,20140630,0.6,0.64,0.58,0.63,910736300
TWZ,20140702,0.62,0.63,0.6,0.61,481522800
TWZ,20140703,0.61,0.67,0.61,0.67,709542000
TWZ,20140704,0.68,0.68,0.64,0.65,769061700
TWZ,20140707,0.66,0.72,0.66,0.71,1116235000
TWZ,20140708,0.7,0.71,0.69,0.71,508920300
TWZ,20140709,0.71,0.73,0.68,0.69,694584600
TWZ,20140710,0.68,0.68,0.54,0.61,2263306300
TWZ,20140714,0.61,0.62,0.57,0.58,394438700
TWZ,20140715,0.53,0.56,0.52,0.53,671312500
TWZ,20140716,0.54,0.58,0.53,0.57,578390300
TWZ,20140717,0.58,0.6,0.57,0.57,339707000
TWZ,20140718,0.57,0.58,0.55,0.55,214154900
TWZ,20140721,0.56,0.58,0.55,0.56,306858500
TWZ,20140722,0.57,0.61,0.55,0.61,748873600
TWZ,20140723,0.61,0.62,0.59,0.6,736025200
TWZ,20140724,0.6,0.61,0.58,0.59,203860900
TWZ,20140725,0.59,0.61,0.57,0.57,374626100
TWZ,20140728,0.57,0.58,0.56,0.57,99354900
TWZ,20140729,0.57,0.58,0.55,0.55,158513500
TWZ,20140730,0.55,0.56,0.51,0.54,187764300
TWZ,20140731,0.53,0.57,0.53,0.53,195796900
TWZ,20140801,0.53,0.54,0.52,0.53,83695000
TWZ,20140804,0.53,0.54,0.52,0.52,59046400
TWZ,20140805,0.52,0.54,0.52,0.53,163289900
TWZ,20140806,0.53,0.53,0.52,0.52,57191100
TWZ,20140807,0.53,0.53,0.5,0.5,134694700
TWZ,20140808,0.5,0.52,0.49,0.51,98713400
TWZ,20140813,0.51,0.54,0.51,0.53,344036000
TWZ,20140814,0.53,0.54,0.52,0.52,83356800
TWZ,20140815,0.53,0.54,0.52,0.52,98986000
TWZ,20140818,0.52,0.52,0.51,0.51,51903500
TWZ,20140819,0.52,0.52,0.5,0.51,59667200
TWZ,20140820,0.51,0.52,0.5,0.5,68241300
TWZ,20140821,0.5,0.54,0.5,0.52,274764400
TWZ,20140822,0.53,0.56,0.53,0.55,622299300
TWZ,20140825,0.56,0.57,0.55,0.56,309843400
TWZ,20140826,0.56,0.56,0.54,0.54,89380700
TWZ,20140827,0.55,0.55,0.52,0.53,96922400
TWZ,20140828,0.53,0.54,0.52,0.52,50083900
TWZ,20140829,0.52,0.54,0.52,0.53,74276100
TWZ,20140901,0.53,0.54,0.52,0.52,75477400
TWZ,20140902,0.53,0.54,0.52,0.52,153815800
TWZ,20140903,0.52,0.55,0.52,0.53,149286100
TWZ,20140904,0.54,0.54,0.52,0.53,81884200
TWZ,20140905,0.53,0.57,0.53,0.56,768594600
TWZ,20140908,0.57,0.58,0.55,0.55,463705600
TWZ,20140909,0.56,0.57,0.54,0.55,189929400
TWZ,20140910,0.55,0.56,0.54,0.54,143293900
TWZ,20140911,0.54,0.57,0.54,0.56,248372300
TWZ,20140912,0.56,0.57,0.55,0.56,145464300
TWZ,20140915,0.56,0.56,0.55,0.55,46246400
TWZ,20140916,0.56,0.59,0.55,0.57,1005567700
TWZ,20140917,0.58,0.59,0.56,0.57,489357900
TWZ,20140918,0.57,0.58,0.56,0.56,99273400
TWZ,20140919,0.56,0.59,0.56,0.58,421927800
TWZ,20140922,0.58,0.6,0.57,0.58,621276200
TWZ,20140923,0.58,0.58,0.56,0.57,189917900
TWZ,20140924,0.57,0.58,0.56,0.57,59974200
TWZ,20140925,0.57,0.59,0.57,0.58,266764600
TWZ,20140926,0.58,0.6,0.57,0.58,496951100
TWZ,20140929,0.57,0.58,0.54,0.55,450308900
TWZ,20140930,0.55,0.56,0.54,0.55,139819100
TWZ,20141001,0.55,0.56,0.54,0.55,103938400
TWZ,20141002,0.55,0.56,0.53,0.54,116403700
TWZ,20141003,0.54,0.55,0.52,0.53,103431900
TWZ,20141006,0.53,0.53,0.5,0.5,155995200
TWZ,20141007,0.5,0.52,0.49,0.5,164109200
TWZ,20141008,0.5,0.51,0.49,0.5,56469900
TWZ,20141009,0.51,0.52,0.5,0.5,99900300
TWZ,20141010,0.5,0.51,0.49,0.51,53865700
TWZ,20141013,0.51,0.54,0.5,0.53,225650600
TWZ,20141014,0.54,0.55,0.52,0.52,83667200
TWZ,20141015,0.53,0.53,0.51,0.52,84163400
TWZ,20141016,0.52,0.52,0.5,0.51,65723500
TWZ,20141017,0.51,0.52,0.5,0.52,31289700
TWZ,20141020,0.52,0.52,0.5,0.5,47942500
TWZ,20141021,0.51,0.52,0.5,0.5,54931300
TWZ,20141022,0.51,0.51,0.5,0.5,57394200
TWZ,20141024,0.51,0.51,0.5,0.5,61153900
TWZ,20141027,0.51,0.52,0.5,0.52,175079300
TWZ,20141028,0.52,0.53,0.51,0.53,157599600
TWZ,20141029,0.53,0.54,0.52,0.53,110336000
TWZ,20141030,0.53,0.53,0.52,0.52,37039300
TWZ,20141031,0.53,0.55,0.52,0.54,278959500
TWZ,20141103,0.56,0.6,0.56,0.6,1324816500
TWZ,20141104,0.62,0.64,0.6,0.61,1678178500
TWZ,20141105,0.62,0.62,0.57,0.58,719470700
TWZ,20141106,0.58,0.6,0.58,0.59,193050800
TWZ,20141107,0.59,0.61,0.58,0.59,609466900
TWZ,20141110,0.6,0.6,0.57,0.57,251200000
TWZ,20141111,0.57,0.58,0.55,0.56,291211700
TWZ,20141112,0.56,0.57,0.53,0.54,250103000
TWZ,20141113,0.54,0.57,0.53,0.56,318290100
TWZ,20141114,0.56,0.57,0.54,0.54,228719800
TWZ,20141117,0.53,0.53,0.51,0.52,208713600
TWZ,20141118,0.52,0.54,0.52,0.53,150415100
TWZ,20141119,0.54,0.54,0.53,0.53,57219800
TWZ,20141120,0.53,0.54,0.52,0.52,89021100
TWZ,20141121,0.53,0.53,0.52,0.52,67697700
TWZ,20141124,0.53,0.53,0.51,0.52,102337700
TWZ,20141125,0.52,0.53,0.52,0.52,171175000
TWZ,20141126,0.52,0.53,0.51,0.52,91187200
TWZ,20141127,0.53,0.54,0.52,0.52,80317600
TWZ,20141128,0.53,0.53,0.52,0.52,77568500
TWZ,20141201,0.52,0.53,0.52,0.52,53609200
TWZ,20141202,0.53,0.53,0.51,0.52,60072500
TWZ,20141203,0.52,0.53,0.51,0.52,39416300
TWZ,20141204,0.52,0.53,0.51,0.53,26215400
TWZ,20141208,0.53,0.53,0.51,0.52,71535700
TWZ,20141209,0.52,0.53,0.51,0.52,51634500
TWZ,20141211,0.52,0.52,0.5,0.51,80540600
TWZ,20141212,0.51,0.52,0.5,0.5,53305800
TWZ,20141215,0.5,0.5,0.36,0.45,214935900
TWZ,20141216,0.42,0.48,0.41,0.47,61512100
TWZ,20141217,0.47,0.49,0.47,0.48,36319300
TWZ,20141218,0.49,0.5,0.48,0.5,38566300
TWZ,20141219,0.5,0.5,0.47,0.49,55013600
TWZ,20141222,0.49,0.51,0.48,0.5,32450600
TWZ,20141223,0.5,0.51,0.49,0.49,16229100
TWZ,20141224,0.5,0.5,0.48,0.48,25966100
TWZ,20141225,0.49,0.49,0.47,0.47,23132300
TWZ,20141226,0.47,0.48,0.47,0.47,10000400
TWZ,20141229,0.48,0.5,0.48,0.48,78771900
TWZ,20141230,0.49,0.5,0.48,0.5,37553100
TWZ,20150105,0.5,0.52,0.49,0.5,67149700
TWZ,20150106,0.49,0.5,0.49,0.49,33773000
TWZ,20150107,0.49,0.5,0.49,0.49,35814800
TWZ,20150108,0.49,0.49,0.48,0.48,36172600
TWZ,20150109,0.49,0.49,0.47,0.48,63118800
TWZ,20150112,0.49,0.49,0.47,0.47,27331200
TWZ,20150113,0.47,0.49,0.47,0.47,73334000
TWZ,20150114,0.48,0.49,0.47,0.47,61539900
TWZ,20150115,0.47,0.48,0.47,0.48,16419500
TWZ,20150116,0.48,0.48,0.47,0.47,28187600
TWZ,20150119,0.47,0.48,0.47,0.47,27257400
TWZ,20150120,0.47,0.48,0.46,0.47,34163600
TWZ,20150121,0.47,0.48,0.46,0.46,52204800
TWZ,20150122,0.47,0.48,0.46,0.47,135122300
TWZ,20150123,0.47,0.48,0.46,0.47,62086600
TWZ,20150126,0.47,0.47,0.46,0.46,43959100
TWZ,20150127,0.46,0.46,0.45,0.45,41825400
TWZ,20150128,0.45,0.46,0.45,0.45,57858100
TWZ,20150129,0.45,0.48,0.45,0.46,103471500
TWZ,20150130,0.47,0.48,0.45,0.46,56628900
TWZ,20150202,0.46,0.46,0.44,0.45,83064400
TWZ,20150203,0.45,0.46,0.45,0.45,31791500
TWZ,20150204,0.45,0.46,0.44,0.46,46121000
TWZ,20150205,0.46,0.46,0.45,0.45,31610300
TWZ,20150206,0.45,0.45,0.43,0.44,68838100
TWZ,20150209,0.44,0.44,0.42,0.42,112140600
TWZ,20150210,0.42,0.44,0.41,0.44,115797800
TWZ,20150211,0.43,0.44,0.43,0.44,8406800
TWZ,20150212,0.44,0.45,0.43,0.44,41567000
TWZ,20150213,0.44,0.46,0.44,0.44,101860200
TWZ,20150216,0.44,0.45,0.43,0.43,30062400
TWZ,20150217,0.43,0.44,0.43,0.43,22764800
TWZ,20150218,0.44,0.44,0.42,0.42,25011800
TWZ,20150219,0.43,0.43,0.42,0.42,23462600
TWZ,20150220,0.42,0.44,0.42,0.42,28396200
TWZ,20150223,0.43,0.44,0.42,0.43,36544800
TWZ,20150224,0.43,0.44,0.43,0.43,32370100
TWZ,20150225,0.43,0.45,0.42,0.44,74285000
TWZ,20150226,0.45,0.46,0.43,0.43,207989500
TWZ,20150227,0.44,0.45,0.44,0.44,52388100
TWZ,20150302,0.45,0.46,0.44,0.45,160854700
TWZ,20150303,0.45,0.46,0.43,0.43,162513900
TWZ,20150305,0.43,0.44,0.42,0.42,53654800
TWZ,20150306,0.42,0.43,0.41,0.42,50429300
TWZ,20150309,0.42,0.42,0.4,0.41,65703300
TWZ,20150310,0.41,0.42,0.39,0.39,215939400
TWZ,20150311,0.4,0.41,0.39,0.41,138215100
TWZ,20150312,0.41,0.41,0.4,0.4,29189500
TWZ,20150313,0.4,0.41,0.4,0.4,43096300
TWZ,20150316,0.4,0.41,0.38,0.39,43494400
TWZ,20150317,0.4,0.4,0.38,0.38,20127000
TWZ,20150318,0.38,0.4,0.38,0.39,21524100
TWZ,20150319,0.39,0.4,0.38,0.38,37811100
TWZ,20150320,0.39,0.39,0.38,0.39,24494500
TWZ,20150323,0.39,0.39,0.37,0.37,29497600
TWZ,20150324,0.37,0.38,0.35,0.36,51627600
TWZ,20150325,0.36,0.38,0.36,0.37,24380900
TWZ,20150326,0.37,0.38,0.36,0.36,19326000
TWZ,20150327,0.36,0.37,0.35,0.36,33872100
TWZ,20150330,0.36,0.37,0.36,0.37,14196700
TWZ,20150331,0.36,0.37,0.36,0.37,10056900
TWZ,20150401,0.37,0.38,0.37,0.37,18981200
TWZ,20150402,0.38,0.4,0.37,0.39,64957300
TWZ,20150403,0.39,0.4,0.39,0.39,11637100
TWZ,20150407,0.39,0.4,0.38,0.39,17290400
TWZ,20150408,0.39,0.4,0.39,0.39,8813100
TWZ,20150409,0.39,0.43,0.39,0.42,150372300
TWZ,20150410,0.42,0.43,0.41,0.42,34314000
TWZ,20150416,0.43,0.44,0.42,0.43,50272300
TWZ,20150417,0.44,0.44,0.41,0.42,44125400
TWZ,20150420,0.42,0.43,0.41,0.41,21990800
TWZ,20150421,0.42,0.43,0.41,0.42,21022600
TWZ,20150422,0.42,0.43,0.39,0.4,69842200
TWZ,20150423,0.4,0.42,0.4,0.41,31958700
TWZ,20150424,0.41,0.42,0.4,0.41,11458700
TWZ,20150427,0.41,0.42,0.4,0.41,13237400
TWZ,20150428,0.41,0.42,0.4,0.41,27061700
TWZ,20150429,0.4,0.41,0.38,0.39,85287400
TWZ,20150430,0.39,0.4,0.38,0.38,41342500
TWZ,20150506,0.39,0.4,0.38,0.39,37501500
TWZ,20150507,0.39,0.4,0.38,0.38,23661100
TWZ,20150508,0.38,0.4,0.38,0.4,20365700
TWZ,20150511,0.37,0.37,0.35,0.35,56341100
TWZ,20150512,0.35,0.35,0.33,0.34,37897900
TWZ,20150513,0.34,0.34,0.33,0.34,10111700
TWZ,20150514,0.35,0.35,0.33,0.34,12986600
TWZ,20150515,0.35,0.36,0.34,0.36,16192200
TWZ,20150518,0.36,0.37,0.35,0.35,16660300
TWZ,20150519,0.36,0.37,0.35,0.37,16341900
TWZ,20150520,0.37,0.37,0.36,0.37,6688200
TWZ,20150521,0.37,0.38,0.36,0.37,23968500
TWZ,20150522,0.38,0.38,0.35,0.36,23418800
TWZ,20150525,0.36,0.36,0.35,0.35,7063000
TWZ,20150526,0.35,0.36,0.35,0.35,13514300
TWZ,20150527,0.35,0.36,0.34,0.35,18458900
TWZ,20150528,0.36,0.36,0.34,0.35,10717000
TWZ,20150529,0.35,0.36,0.35,0.35,9959700
TWZ,20150602,0.35,0.36,0.33,0.34,37092300
TWZ,20150603,0.34,0.35,0.34,0.35,15560100
TWZ,20150604,0.34,0.36,0.34,0.35,13231200
TWZ,20150605,0.35,0.36,0.34,0.35,10871600
TWZ,20150608,0.36,0.37,0.35,0.36,37675300
TWZ,20150609,0.35,0.37,0.35,0.36,19637300
TWZ,20150610,0.35,0.37,0.35,0.35,24958300
TWZ,20150611,0.36,0.37,0.35,0.37,19150500
TWZ,20150612,0.37,0.37,0.35,0.37,28375300
TWZ,20150615,0.37,0.39,0.36,0.37,65208000
TWZ,20150616,0.38,0.38,0.36,0.36,11664100
TWZ,20150617,0.37,0.37,0.36,0.37,15493500
TWZ,20150618,0.37,0.38,0.36,0.36,38441300
TWZ,20150619,0.37,0.37,0.35,0.36,21219100
TWZ,20150622,0.36,0.37,0.35,0.36,15613600
TWZ,20150623,0.36,0.37,0.36,0.36,11676000
TWZ,20150624,0.36,0.37,0.36,0.36,9752600
TWZ,20150625,0.36,0.37,0.35,0.36,12744200
TWZ,20150626,0.36,0.37,0.35,0.36,17779900
TWZ,20150629,0.36,0.36,0.34,0.35,23859500
TWZ,20150630,0.36,0.37,0.35,0.36,73946900
TWZ,20150702,0.36,0.37,0.35,0.36,19488100
TWZ,20150703,0.36,0.36,0.35,0.36,11509000
TWZ,20150706,0.35,0.37,0.35,0.35,18050400
TWZ,20150707,0.35,0.36,0.35,0.36,5229800
TWZ,20150708,0.36,0.36,0.34,0.35,36555200
TWZ,20150709,0.35,0.36,0.34,0.35,12692200
TWZ,20150710,0.35,0.37,0.35,0.36,54499900
TWZ,20150713,0.36,0.37,0.35,0.36,10862200
TWZ,20150714,0.36,0.37,0.35,0.35,17259200
TWZ,20150715,0.36,0.36,0.35,0.35,8064300
TWZ,20150716,0.35,0.36,0.35,0.36,32004600
TWZ,20150717,0.36,0.36,0.35,0.35,13945500
TWZ,20150720,0.35,0.36,0.34,0.35,14405300
TWZ,20150721,0.34,0.35,0.33,0.34,34260900
TWZ,20150722,0.33,0.34,0.33,0.34,7197900
TWZ,20150723,0.34,0.35,0.33,0.34,11515600
TWZ,20150724,0.34,0.35,0.33,0.34,8221800
TWZ,20150727,.34,.34,.33,.33,18450600.00
TWZ,20150728,.33,.34,.31,.32,30543300.00
TWZ,20150729,.32,.34,.32,.34,26680500.00
TWZ,20150731,.34,.35,.33,.34,21330300.00
TWZ,20150803,.34,.35,.33,.33,9634500.00
TWZ,20150804,.34,.35,.33,.34,18788000.00
TWZ,20150805,.34,.36,.34,.34,100753100.00
TWZ,20150806,.35,.35,.34,.34,8108900.00
TWZ,20150807,.34,.35,.34,.34,4792600.00
TWZ,20150810,.34,.35,.34,.34,9834000.00
TWZ,20150811,.34,.35,.33,.33,36374600.00
